"date","state","admissions"
"10/9/2021","AL",13
"10/16/2021","AL",5
"10/23/2021","AL",6
"10/30/2021","AL",12
"11/6/2021","AL",9
"11/13/2021","AL",15
"11/20/2021","AL",16
"11/27/2021","AL",10
"12/4/2021","AL",21
"12/11/2021","AL",17
"12/18/2021","AL",22
"12/25/2021","AL",16
"1/1/2022","AL",69
"1/8/2022","AL",32
"1/15/2022","AL",15
"1/22/2022","AL",18
"1/29/2022","AL",41
"2/5/2022","AL",5
"2/12/2022","AL",8
"2/19/2022","AL",21
"2/26/2022","AL",10
"3/5/2022","AL",20
"3/12/2022","AL",35
"3/19/2022","AL",23
"3/26/2022","AL",17
"4/2/2022","AL",25
"4/9/2022","AL",21
"4/16/2022","AL",11
"4/23/2022","AL",25
"4/30/2022","AL",8
"5/7/2022","AL",19
"5/14/2022","AL",12
"5/21/2022","AL",15
"5/28/2022","AL",13
"6/4/2022","AL",13
"6/11/2022","AL",15
"6/18/2022","AL",15
"6/25/2022","AL",7
"7/2/2022","AL",8
"7/9/2022","AL",15
"7/16/2022","AL",33
"7/23/2022","AL",5
"7/30/2022","AL",9
"8/6/2022","AL",9
"8/13/2022","AL",7
"8/20/2022","AL",5
"8/27/2022","AL",10
"9/3/2022","AL",13
"9/10/2022","AL",12
"9/17/2022","AL",22
"9/24/2022","AL",19
"10/1/2022","AL",28
"10/8/2022","AL",42
"10/15/2022","AL",87
"10/22/2022","AL",140
"10/29/2022","AL",268
"11/5/2022","AL",399
"11/12/2022","AL",348
"11/19/2022","AL",258
"11/26/2022","AL",268
"12/3/2022","AL",417
"12/10/2022","AL",253
"12/17/2022","AL",174
"12/24/2022","AL",151
"12/31/2022","AL",147
"1/7/2023","AL",123
"1/14/2023","AL",99
"1/21/2023","AL",57
"1/28/2023","AL",42
"2/4/2023","AL",35
"2/11/2023","AL",29
"2/18/2023","AL",30
"2/25/2023","AL",29
"3/4/2023","AL",15
"3/11/2023","AL",17
"3/18/2023","AL",22
"3/25/2023","AL",19
"4/1/2023","AL",27
"4/8/2023","AL",17
"4/15/2023","AL",16
"4/22/2023","AL",20
"4/29/2023","AL",11
"5/6/2023","AL",4
"5/13/2023","AL",14
"5/20/2023","AL",10
"5/27/2023","AL",11
"6/3/2023","AL",25
"6/10/2023","AL",14
"6/17/2023","AL",5
"6/24/2023","AL",11
"7/1/2023","AL",11
"7/8/2023","AL",3
"7/15/2023","AL",14
"7/22/2023","AL",15
"7/29/2023","AL",30
"8/5/2023","AL",13
"8/12/2023","AL",9
"8/19/2023","AL",7
"8/26/2023","AL",12
"9/2/2023","AL",12
"9/9/2023","AL",5
"9/16/2023","AL",20
"9/23/2023","AL",8
"9/30/2023","AL",19
"10/5/2024","AS",NA
"10/12/2024","AS",NA
"10/19/2024","AS",NA
"10/26/2024","AS",9
"11/2/2024","AS",6
"11/9/2024","AS",NA
"11/16/2024","AS",NA
"11/23/2024","AS",2
"11/30/2024","AS",2
"12/7/2024","AS",0
"12/14/2024","AS",3
"12/21/2024","AS",0
"12/28/2024","AS",0
"1/4/2025","AS",3
"1/11/2025","AS",1
"1/18/2025","AS",1
"1/25/2025","AS",NA
"2/1/2025","AS",NA
"2/8/2025","AS",NA
"2/15/2025","AS",NA
"2/22/2025","AS",NA
"3/1/2025","AS",NA
"3/8/2025","AS",NA
"3/15/2025","AS",4
"3/22/2025","AS",3
"3/29/2025","AS",5
"4/5/2025","AS",NA
"4/12/2025","AS",NA
"4/19/2025","AS",NA
"4/26/2025","AS",1
"5/3/2025","AS",0
"5/10/2025","AS",0
"5/17/2025","AS",NA
"5/24/2025","AS",NA
"5/31/2025","AS",1
"6/7/2025","AS",0
"6/14/2025","AS",2
"6/21/2025","AS",0
"6/28/2025","AS",1
"7/5/2025","AS",0
"7/12/2025","AS",0
"7/19/2025","AS",1
"7/26/2025","AS",0
"8/2/2025","AS",0
"8/9/2025","AS",0
"8/16/2025","AS",0
"8/23/2025","AS",0
"8/30/2025","AS",0
"9/6/2025","AS",0
"9/13/2025","AS",0
"9/20/2025","AS",0
"9/27/2025","AS",0
"10/5/2024","CA",30
"10/12/2024","CA",30
"10/19/2024","CA",75
"10/26/2024","CA",137
"11/2/2024","CA",112
"11/9/2024","CA",177
"11/16/2024","CA",323
"11/23/2024","CA",526
"11/30/2024","CA",708
"12/7/2024","CA",1127
"12/14/2024","CA",1521
"12/21/2024","CA",2564
"12/28/2024","CA",3866
"1/4/2025","CA",4025
"1/11/2025","CA",3266
"1/18/2025","CA",3668
"1/25/2025","CA",4091
"2/1/2025","CA",4599
"2/8/2025","CA",3676
"2/15/2025","CA",2800
"2/22/2025","CA",2052
"3/1/2025","CA",1466
"3/8/2025","CA",1069
"3/15/2025","CA",997
"3/22/2025","CA",711
"3/29/2025","CA",596
"4/5/2025","CA",454
"4/12/2025","CA",422
"4/19/2025","CA",354
"4/26/2025","CA",255
"5/3/2025","CA",243
"5/10/2025","CA",182
"5/17/2025","CA",173
"5/24/2025","CA",186
"5/31/2025","CA",193
"6/7/2025","CA",149
"6/14/2025","CA",158
"6/21/2025","CA",124
"6/28/2025","CA",98
"7/5/2025","CA",86
"7/12/2025","CA",105
"7/19/2025","CA",73
"7/26/2025","CA",67
"8/2/2025","CA",71
"8/9/2025","CA",66
"8/16/2025","CA",74
"8/23/2025","CA",72
"8/30/2025","CA",90
"9/6/2025","CA",91
"9/13/2025","CA",90
"9/20/2025","CA",83
"9/27/2025","CA",105
"10/8/2022","CT",2
"10/15/2022","CT",6
"10/22/2022","CT",11
"10/29/2022","CT",36
"11/5/2022","CT",38
"11/12/2022","CT",52
"11/19/2022","CT",103
"11/26/2022","CT",183
"12/3/2022","CT",426
"12/10/2022","CT",394
"12/17/2022","CT",395
"12/24/2022","CT",270
"12/31/2022","CT",241
"1/7/2023","CT",170
"1/14/2023","CT",79
"1/21/2023","CT",36
"1/28/2023","CT",33
"2/4/2023","CT",15
"2/11/2023","CT",15
"2/18/2023","CT",14
"2/25/2023","CT",17
"3/4/2023","CT",10
"3/11/2023","CT",19
"3/18/2023","CT",10
"3/25/2023","CT",13
"4/1/2023","CT",12
"4/8/2023","CT",22
"4/15/2023","CT",11
"4/22/2023","CT",8
"4/29/2023","CT",9
"5/6/2023","CT",7
"5/13/2023","CT",6
"5/20/2023","CT",9
"5/27/2023","CT",12
"6/3/2023","CT",4
"6/10/2023","CT",6
"6/17/2023","CT",6
"6/24/2023","CT",6
"7/1/2023","CT",6
"7/8/2023","CT",1
"7/15/2023","CT",2
"7/22/2023","CT",3
"7/29/2023","CT",5
"8/5/2023","CT",4
"8/12/2023","CT",7
"8/19/2023","CT",4
"8/26/2023","CT",8
"9/2/2023","CT",6
"9/9/2023","CT",1
"9/16/2023","CT",9
"9/23/2023","CT",16
"9/30/2023","CT",8
"10/9/2021","DC",0
"10/16/2021","DC",0
"10/23/2021","DC",0
"10/30/2021","DC",0
"11/6/2021","DC",0
"11/13/2021","DC",0
"11/20/2021","DC",0
"11/27/2021","DC",1
"12/4/2021","DC",1
"12/11/2021","DC",2
"12/18/2021","DC",0
"12/25/2021","DC",0
"1/1/2022","DC",0
"1/8/2022","DC",0
"1/15/2022","DC",0
"1/22/2022","DC",0
"1/29/2022","DC",0
"2/5/2022","DC",3
"2/12/2022","DC",0
"2/19/2022","DC",1
"2/26/2022","DC",0
"3/5/2022","DC",1
"3/12/2022","DC",4
"3/19/2022","DC",2
"3/26/2022","DC",4
"4/2/2022","DC",4
"4/9/2022","DC",2
"4/16/2022","DC",2
"4/23/2022","DC",1
"4/30/2022","DC",3
"5/7/2022","DC",2
"5/14/2022","DC",5
"5/21/2022","DC",4
"5/28/2022","DC",4
"6/4/2022","DC",5
"6/11/2022","DC",2
"6/18/2022","DC",2
"6/25/2022","DC",3
"7/2/2022","DC",1
"7/9/2022","DC",2
"7/16/2022","DC",1
"7/23/2022","DC",0
"7/30/2022","DC",0
"8/6/2022","DC",2
"8/13/2022","DC",0
"8/20/2022","DC",0
"8/27/2022","DC",1
"9/3/2022","DC",0
"9/10/2022","DC",0
"9/17/2022","DC",0
"9/24/2022","DC",1
"10/1/2022","DC",0
"8/8/2020","DE",NA
"8/15/2020","DE",NA
"8/22/2020","DE",NA
"8/29/2020","DE",NA
"9/5/2020","DE",NA
"9/12/2020","DE",NA
"9/19/2020","DE",NA
"9/26/2020","DE",NA
"8/8/2020","IL",NA
"8/15/2020","IL",NA
"8/22/2020","IL",NA
"8/29/2020","IL",NA
"9/5/2020","IL",NA
"9/12/2020","IL",NA
"9/19/2020","IL",NA
"9/26/2020","IL",NA
"10/8/2022","IN",46
"10/15/2022","IN",54
"10/22/2022","IN",69
"10/29/2022","IN",103
"11/5/2022","IN",141
"11/12/2022","IN",136
"11/19/2022","IN",235
"11/26/2022","IN",457
"12/3/2022","IN",831
"12/10/2022","IN",843
"12/17/2022","IN",731
"12/24/2022","IN",615
"12/31/2022","IN",566
"1/7/2023","IN",361
"1/14/2023","IN",173
"1/21/2023","IN",100
"1/28/2023","IN",71
"2/4/2023","IN",41
"2/11/2023","IN",41
"2/18/2023","IN",33
"2/25/2023","IN",42
"3/4/2023","IN",45
"3/11/2023","IN",32
"3/18/2023","IN",35
"3/25/2023","IN",21
"4/1/2023","IN",39
"4/8/2023","IN",18
"4/15/2023","IN",17
"4/22/2023","IN",10
"4/29/2023","IN",18
"5/6/2023","IN",21
"5/13/2023","IN",18
"5/20/2023","IN",19
"5/27/2023","IN",16
"6/3/2023","IN",15
"6/10/2023","IN",13
"6/17/2023","IN",13
"6/24/2023","IN",5
"7/1/2023","IN",9
"7/8/2023","IN",2
"7/15/2023","IN",2
"7/22/2023","IN",4
"7/29/2023","IN",4
"8/5/2023","IN",7
"8/12/2023","IN",9
"8/19/2023","IN",3
"8/26/2023","IN",11
"9/2/2023","IN",6
"9/9/2023","IN",5
"9/16/2023","IN",9
"9/23/2023","IN",9
"9/30/2023","IN",12
"10/4/2025","KS",10
"10/11/2025","KS",13
"10/18/2025","KS",9
"10/25/2025","KS",16
"11/1/2025","KS",11
"11/8/2025","KS",6
"11/15/2025","KS",10
"11/22/2025","KS",8
"11/29/2025","KS",13
"12/6/2025","KS",22
"12/13/2025","KS",30
"12/20/2025","KS",101
"12/27/2025","KS",269
"1/3/2026","KS",353
"1/10/2026","KS",268
"1/17/2026","KS",189
"1/24/2026","KS",213
"1/31/2026","KS",214
"2/7/2026","KS",220
"2/14/2026","KS",218
"2/21/2026","KS",190
"2/28/2026","KS",130
"3/7/2026","KS",102
"3/14/2026","KS",62
"3/21/2026","KS",45
"3/28/2026","KS",17
"4/4/2026","KS",14
"4/11/2026","KS",11
"4/18/2026","KS",7
"4/25/2026","KS",9
"5/2/2026","KS",4
"5/9/2026","KS",3
"5/16/2026","KS",3
"5/23/2026","KS",5
"5/30/2026","KS",4
"6/6/2026","KS",3
"6/13/2026","KS",2
"6/20/2026","KS",1
"6/27/2026","KS",2
"7/4/2026","KS",3
"7/11/2026","KS",3
"7/18/2026","KS",2
"7/25/2026","KS",1
"8/1/2026","KS",1
"8/8/2026","KS",2
"8/15/2026","KS",4
"8/22/2026","KS",4
"8/29/2026","KS",6
"9/5/2026","KS",4
"9/12/2026","KS",5
"9/19/2026","KS",7
"9/26/2026","KS",6
"10/8/2022","ME",1
"10/15/2022","ME",0
"10/22/2022","ME",0
"10/29/2022","ME",3
"11/5/2022","ME",3
"11/12/2022","ME",8
"11/19/2022","ME",14
"11/26/2022","ME",33
"12/3/2022","ME",100
"12/10/2022","ME",117
"12/17/2022","ME",180
"12/24/2022","ME",207
"12/31/2022","ME",192
"1/7/2023","ME",124
"1/14/2023","ME",57
"1/21/2023","ME",28
"1/28/2023","ME",14
"2/4/2023","ME",10
"2/11/2023","ME",6
"2/18/2023","ME",4
"2/25/2023","ME",0
"3/4/2023","ME",4
"3/11/2023","ME",0
"3/18/2023","ME",5
"3/25/2023","ME",1
"4/1/2023","ME",4
"4/8/2023","ME",3
"4/15/2023","ME",0
"4/22/2023","ME",5
"4/29/2023","ME",0
"5/6/2023","ME",2
"5/13/2023","ME",4
"5/20/2023","ME",5
"5/27/2023","ME",2
"6/3/2023","ME",3
"6/10/2023","ME",1
"6/17/2023","ME",0
"6/24/2023","ME",1
"7/1/2023","ME",2
"7/8/2023","ME",3
"7/15/2023","ME",0
"7/22/2023","ME",1
"7/29/2023","ME",3
"8/5/2023","ME",2
"8/12/2023","ME",0
"8/19/2023","ME",2
"8/26/2023","ME",0
"9/2/2023","ME",0
"9/9/2023","ME",0
"9/16/2023","ME",0
"9/23/2023","ME",1
"9/30/2023","ME",0
"10/3/2020","MN",NA
"10/10/2020","MN",NA
"10/17/2020","MN",NA
"10/24/2020","MN",0
"10/31/2020","MN",0
"11/7/2020","MN",1
"11/14/2020","MN",30
"11/21/2020","MN",8
"11/28/2020","MN",1
"12/5/2020","MN",1
"12/12/2020","MN",0
"12/19/2020","MN",0
"12/26/2020","MN",1
"1/2/2021","MN",0
"1/9/2021","MN",1
"1/16/2021","MN",1
"1/23/2021","MN",0
"1/30/2021","MN",12
"2/6/2021","MN",0
"2/13/2021","MN",0
"2/20/2021","MN",5
"2/27/2021","MN",8
"3/6/2021","MN",18
"3/13/2021","MN",8
"3/20/2021","MN",0
"3/27/2021","MN",0
"4/3/2021","MN",0
"4/10/2021","MN",0
"4/17/2021","MN",0
"4/24/2021","MN",1
"5/1/2021","MN",2
"5/8/2021","MN",1
"5/15/2021","MN",0
"5/22/2021","MN",0
"5/29/2021","MN",0
"6/5/2021","MN",0
"6/12/2021","MN",0
"6/19/2021","MN",1
"6/26/2021","MN",0
"7/3/2021","MN",0
"7/10/2021","MN",0
"7/17/2021","MN",0
"7/24/2021","MN",0
"7/31/2021","MN",0
"8/7/2021","MN",0
"8/14/2021","MN",0
"8/21/2021","MN",0
"8/28/2021","MN",2
"9/4/2021","MN",0
"9/11/2021","MN",0
"9/18/2021","MN",3
"9/25/2021","MN",0
"10/2/2021","MN",1
"8/8/2020","MS",NA
"8/15/2020","MS",NA
"8/22/2020","MS",NA
"8/29/2020","MS",NA
"9/5/2020","MS",NA
"9/12/2020","MS",NA
"9/19/2020","MS",NA
"9/26/2020","MS",NA
"10/8/2022","NE",20
"10/15/2022","NE",11
"10/22/2022","NE",12
"10/29/2022","NE",12
"11/5/2022","NE",31
"11/12/2022","NE",24
"11/19/2022","NE",31
"11/26/2022","NE",60
"12/3/2022","NE",104
"12/10/2022","NE",122
"12/17/2022","NE",166
"12/24/2022","NE",140
"12/31/2022","NE",144
"1/7/2023","NE",99
"1/14/2023","NE",63
"1/21/2023","NE",55
"1/28/2023","NE",22
"2/4/2023","NE",6
"2/11/2023","NE",2
"2/18/2023","NE",6
"2/25/2023","NE",9
"3/4/2023","NE",6
"3/11/2023","NE",14
"3/18/2023","NE",11
"3/25/2023","NE",9
"4/1/2023","NE",10
"4/8/2023","NE",3
"4/15/2023","NE",6
"4/22/2023","NE",7
"4/29/2023","NE",4
"5/6/2023","NE",2
"5/13/2023","NE",4
"5/20/2023","NE",2
"5/27/2023","NE",7
"6/3/2023","NE",3
"6/10/2023","NE",1
"6/17/2023","NE",1
"6/24/2023","NE",1
"7/1/2023","NE",1
"7/8/2023","NE",1
"7/15/2023","NE",0
"7/22/2023","NE",1
"7/29/2023","NE",1
"8/5/2023","NE",1
"8/12/2023","NE",1
"8/19/2023","NE",1
"8/26/2023","NE",3
"9/2/2023","NE",2
"9/9/2023","NE",1
"9/16/2023","NE",0
"9/23/2023","NE",6
"9/30/2023","NE",1
"10/7/2023","NE",5
"10/14/2023","NE",9
"10/21/2023","NE",8
"10/28/2023","NE",7
"11/4/2023","NE",5
"11/11/2023","NE",5
"11/18/2023","NE",4
"11/25/2023","NE",8
"12/2/2023","NE",8
"12/9/2023","NE",11
"12/16/2023","NE",13
"12/23/2023","NE",62
"12/30/2023","NE",51
"1/6/2024","NE",50
"1/13/2024","NE",55
"1/20/2024","NE",35
"1/27/2024","NE",47
"2/3/2024","NE",47
"2/10/2024","NE",54
"2/17/2024","NE",54
"2/24/2024","NE",84
"3/2/2024","NE",95
"3/9/2024","NE",86
"3/16/2024","NE",69
"3/23/2024","NE",60
"3/30/2024","NE",51
"4/6/2024","NE",54
"4/13/2024","NE",45
"4/20/2024","NE",27
"4/27/2024","NE",17
"5/4/2024","NE",5
"5/11/2024","NE",1
"5/18/2024","NE",2
"5/25/2024","NE",0
"6/1/2024","NE",0
"6/8/2024","NE",1
"6/15/2024","NE",0
"6/22/2024","NE",0
"6/29/2024","NE",0
"7/6/2024","NE",0
"7/13/2024","NE",0
"7/20/2024","NE",0
"7/27/2024","NE",0
"8/3/2024","NE",0
"8/10/2024","NE",0
"8/17/2024","NE",0
"8/24/2024","NE",1
"8/31/2024","NE",1
"9/7/2024","NE",0
"9/14/2024","NE",0
"9/21/2024","NE",1
"9/28/2024","NE",1
"10/7/2023","OK",15
"10/14/2023","OK",39
"10/21/2023","OK",22
"10/28/2023","OK",10
"11/4/2023","OK",18
"11/11/2023","OK",34
"11/18/2023","OK",37
"11/25/2023","OK",34
"12/2/2023","OK",71
"12/9/2023","OK",59
"12/16/2023","OK",85
"12/23/2023","OK",153
"12/30/2023","OK",135
"1/6/2024","OK",172
"1/13/2024","OK",209
"1/20/2024","OK",252
"1/27/2024","OK",346
"2/3/2024","OK",419
"2/10/2024","OK",463
"2/17/2024","OK",387
"2/24/2024","OK",169
"3/2/2024","OK",177
"3/9/2024","OK",180
"3/16/2024","OK",139
"3/23/2024","OK",93
"3/30/2024","OK",91
"4/6/2024","OK",63
"4/13/2024","OK",35
"4/20/2024","OK",30
"4/27/2024","OK",36
"5/4/2024","OK",16
"5/11/2024","OK",9
"5/18/2024","OK",5
"5/25/2024","OK",6
"6/1/2024","OK",2
"6/8/2024","OK",1
"6/15/2024","OK",1
"6/22/2024","OK",1
"6/29/2024","OK",0
"7/6/2024","OK",2
"7/13/2024","OK",0
"7/20/2024","OK",6
"7/27/2024","OK",0
"8/3/2024","OK",1
"8/10/2024","OK",1
"8/17/2024","OK",0
"8/24/2024","OK",0
"8/31/2024","OK",1
"9/7/2024","OK",0
"9/14/2024","OK",1
"9/21/2024","OK",5
"9/28/2024","OK",5
"10/9/2021","PA",18
"10/16/2021","PA",21
"10/23/2021","PA",22
"10/30/2021","PA",18
"11/6/2021","PA",13
"11/13/2021","PA",15
"11/20/2021","PA",24
"11/27/2021","PA",22
"12/4/2021","PA",54
"12/11/2021","PA",77
"12/18/2021","PA",79
"12/25/2021","PA",86
"1/1/2022","PA",112
"1/8/2022","PA",87
"1/15/2022","PA",59
"1/22/2022","PA",39
"1/29/2022","PA",30
"2/5/2022","PA",34
"2/12/2022","PA",50
"2/19/2022","PA",88
"2/26/2022","PA",77
"3/5/2022","PA",68
"3/12/2022","PA",79
"3/19/2022","PA",101
"3/26/2022","PA",108
"4/2/2022","PA",140
"4/9/2022","PA",183
"4/16/2022","PA",189
"4/23/2022","PA",200
"4/30/2022","PA",160
"5/7/2022","PA",149
"5/14/2022","PA",179
"5/21/2022","PA",158
"5/28/2022","PA",83
"6/4/2022","PA",64
"6/11/2022","PA",49
"6/18/2022","PA",40
"6/25/2022","PA",35
"7/2/2022","PA",35
"7/9/2022","PA",32
"7/16/2022","PA",20
"7/23/2022","PA",28
"7/30/2022","PA",24
"8/6/2022","PA",23
"8/13/2022","PA",27
"8/20/2022","PA",38
"8/27/2022","PA",23
"9/3/2022","PA",29
"9/10/2022","PA",37
"9/17/2022","PA",32
"9/24/2022","PA",34
"10/1/2022","PA",45
"10/7/2023","PA",41
"10/14/2023","PA",40
"10/21/2023","PA",38
"10/28/2023","PA",49
"11/4/2023","PA",30
"11/11/2023","PA",81
"11/18/2023","PA",89
"11/25/2023","PA",118
"12/2/2023","PA",211
"12/9/2023","PA",267
"12/16/2023","PA",390
"12/23/2023","PA",702
"12/30/2023","PA",932
"1/6/2024","PA",758
"1/13/2024","PA",577
"1/20/2024","PA",454
"1/27/2024","PA",401
"2/3/2024","PA",443
"2/10/2024","PA",425
"2/17/2024","PA",493
"2/24/2024","PA",493
"3/2/2024","PA",540
"3/9/2024","PA",511
"3/16/2024","PA",367
"3/23/2024","PA",339
"3/30/2024","PA",266
"4/6/2024","PA",256
"4/13/2024","PA",195
"4/20/2024","PA",144
"4/27/2024","PA",112
"5/4/2024","PA",95
"5/11/2024","PA",84
"5/18/2024","PA",92
"5/25/2024","PA",85
"6/1/2024","PA",79
"6/8/2024","PA",59
"6/15/2024","PA",80
"6/22/2024","PA",51
"6/29/2024","PA",47
"7/6/2024","PA",46
"7/13/2024","PA",58
"7/20/2024","PA",50
"7/27/2024","PA",59
"8/3/2024","PA",55
"8/10/2024","PA",44
"8/17/2024","PA",53
"8/24/2024","PA",55
"8/31/2024","PA",63
"9/7/2024","PA",43
"9/14/2024","PA",54
"9/21/2024","PA",83
"9/28/2024","PA",45
"8/8/2020","PR",NA
"8/15/2020","PR",NA
"8/22/2020","PR",NA
"8/29/2020","PR",NA
"9/5/2020","PR",NA
"9/12/2020","PR",NA
"9/19/2020","PR",NA
"9/26/2020","PR",NA
"10/9/2021","SC",2
"10/16/2021","SC",3
"10/23/2021","SC",2
"10/30/2021","SC",5
"11/6/2021","SC",10
"11/13/2021","SC",9
"11/20/2021","SC",4
"11/27/2021","SC",2
"12/4/2021","SC",10
"12/11/2021","SC",10
"12/18/2021","SC",12
"12/25/2021","SC",25
"1/1/2022","SC",43
"1/8/2022","SC",16
"1/15/2022","SC",9
"1/22/2022","SC",4
"1/29/2022","SC",5
"2/5/2022","SC",9
"2/12/2022","SC",11
"2/19/2022","SC",17
"2/26/2022","SC",13
"3/5/2022","SC",16
"3/12/2022","SC",14
"3/19/2022","SC",14
"3/26/2022","SC",7
"4/2/2022","SC",15
"4/9/2022","SC",18
"4/16/2022","SC",31
"4/23/2022","SC",32
"4/30/2022","SC",29
"5/7/2022","SC",20
"5/14/2022","SC",27
"5/21/2022","SC",37
"5/28/2022","SC",30
"6/4/2022","SC",27
"6/11/2022","SC",25
"6/18/2022","SC",17
"6/25/2022","SC",29
"7/2/2022","SC",11
"7/9/2022","SC",8
"7/16/2022","SC",4
"7/23/2022","SC",26
"7/30/2022","SC",15
"8/6/2022","SC",6
"8/13/2022","SC",6
"8/20/2022","SC",3
"8/27/2022","SC",3
"9/3/2022","SC",9
"9/10/2022","SC",7
"9/17/2022","SC",9
"9/24/2022","SC",17
"10/1/2022","SC",18
"10/9/2021","SD",1
"10/16/2021","SD",0
"10/23/2021","SD",2
"10/30/2021","SD",0
"11/6/2021","SD",0
"11/13/2021","SD",0
"11/20/2021","SD",2
"11/27/2021","SD",2
"12/4/2021","SD",5
"12/11/2021","SD",6
"12/18/2021","SD",4
"12/25/2021","SD",20
"1/1/2022","SD",31
"1/8/2022","SD",22
"1/15/2022","SD",26
"1/22/2022","SD",17
"1/29/2022","SD",8
"2/5/2022","SD",9
"2/12/2022","SD",18
"2/19/2022","SD",13
"2/26/2022","SD",12
"3/5/2022","SD",30
"3/12/2022","SD",13
"3/19/2022","SD",12
"3/26/2022","SD",5
"4/2/2022","SD",5
"4/9/2022","SD",11
"4/16/2022","SD",4
"4/23/2022","SD",3
"4/30/2022","SD",8
"5/7/2022","SD",3
"5/14/2022","SD",19
"5/21/2022","SD",5
"5/28/2022","SD",3
"6/4/2022","SD",1
"6/11/2022","SD",1
"6/18/2022","SD",1
"6/25/2022","SD",2
"7/2/2022","SD",1
"7/9/2022","SD",0
"7/16/2022","SD",0
"7/23/2022","SD",6
"7/30/2022","SD",8
"8/6/2022","SD",5
"8/13/2022","SD",7
"8/20/2022","SD",7
"8/27/2022","SD",7
"9/3/2022","SD",7
"9/10/2022","SD",7
"9/17/2022","SD",7
"9/24/2022","SD",7
"10/1/2022","SD",10
"10/4/2025","WI",7
"10/11/2025","WI",3
"10/18/2025","WI",7
"10/25/2025","WI",8
"11/1/2025","WI",6
"11/8/2025","WI",6
"11/15/2025","WI",7
"11/22/2025","WI",19
"11/29/2025","WI",51
"12/6/2025","WI",84
"12/13/2025","WI",161
"12/20/2025","WI",322
"12/27/2025","WI",757
"1/3/2026","WI",1059
"1/10/2026","WI",717
"1/17/2026","WI",450
"1/24/2026","WI",361
"1/31/2026","WI",267
"2/7/2026","WI",279
"2/14/2026","WI",259
"2/21/2026","WI",253
"2/28/2026","WI",207
"3/7/2026","WI",166
"3/14/2026","WI",148
"3/21/2026","WI",137
"3/28/2026","WI",100
"4/4/2026","WI",71
"4/11/2026","WI",59
"4/18/2026","WI",32
"4/25/2026","WI",28
"5/2/2026","WI",13
"5/9/2026","WI",4
"5/16/2026","WI",7
"5/23/2026","WI",3
"5/30/2026","WI",4
"6/6/2026","WI",4
"6/13/2026","WI",0
"6/20/2026","WI",0
"6/27/2026","WI",4
"7/4/2026","WI",3
"7/11/2026","WI",6
"7/18/2026","WI",2
"7/25/2026","WI",3
"8/1/2026","WI",3
"8/8/2026","WI",1
"8/15/2026","WI",4
"8/22/2026","WI",8
"8/29/2026","WI",12
"9/5/2026","WI",26
"9/12/2026","WI",27
"9/19/2026","WI",41
"9/26/2026","WI",33
"8/8/2020","AL",NA
"8/15/2020","AL",NA
"8/22/2020","AL",NA
"8/29/2020","AL",NA
"9/5/2020","AL",NA
"9/12/2020","AL",NA
"9/19/2020","AL",NA
"9/26/2020","AL",NA
"10/3/2020","AZ",0
"10/10/2020","AZ",0
"10/17/2020","AZ",0
"10/24/2020","AZ",1
"10/31/2020","AZ",2
"11/7/2020","AZ",10
"11/14/2020","AZ",21
"11/21/2020","AZ",17
"11/28/2020","AZ",13
"12/5/2020","AZ",19
"12/12/2020","AZ",33
"12/19/2020","AZ",11
"12/26/2020","AZ",8
"1/2/2021","AZ",44
"1/9/2021","AZ",9
"1/16/2021","AZ",14
"1/23/2021","AZ",3
"1/30/2021","AZ",2
"2/6/2021","AZ",3
"2/13/2021","AZ",3
"2/20/2021","AZ",4
"2/27/2021","AZ",5
"3/6/2021","AZ",15
"3/13/2021","AZ",0
"3/20/2021","AZ",4
"3/27/2021","AZ",3
"4/3/2021","AZ",5
"4/10/2021","AZ",4
"4/17/2021","AZ",4
"4/24/2021","AZ",3
"5/1/2021","AZ",21
"5/8/2021","AZ",2
"5/15/2021","AZ",2
"5/22/2021","AZ",5
"5/29/2021","AZ",0
"6/5/2021","AZ",3
"6/12/2021","AZ",3
"6/19/2021","AZ",3
"6/26/2021","AZ",3
"7/3/2021","AZ",3
"7/10/2021","AZ",2
"7/17/2021","AZ",0
"7/24/2021","AZ",2
"7/31/2021","AZ",1
"8/7/2021","AZ",2
"8/14/2021","AZ",9
"8/21/2021","AZ",9
"8/28/2021","AZ",7
"9/4/2021","AZ",4
"9/11/2021","AZ",1
"9/18/2021","AZ",2
"9/25/2021","AZ",1
"10/2/2021","AZ",6
"10/4/2025","CT",8
"10/11/2025","CT",2
"10/18/2025","CT",3
"10/25/2025","CT",10
"11/1/2025","CT",8
"11/8/2025","CT",16
"11/15/2025","CT",11
"11/22/2025","CT",30
"11/29/2025","CT",74
"12/6/2025","CT",125
"12/13/2025","CT",206
"12/20/2025","CT",447
"12/27/2025","CT",652
"1/3/2026","CT",778
"1/10/2026","CT",478
"1/17/2026","CT",240
"1/24/2026","CT",117
"1/31/2026","CT",83
"2/7/2026","CT",55
"2/14/2026","CT",32
"2/21/2026","CT",33
"2/28/2026","CT",39
"3/7/2026","CT",36
"3/14/2026","CT",36
"3/21/2026","CT",32
"3/28/2026","CT",41
"4/4/2026","CT",34
"4/11/2026","CT",29
"4/18/2026","CT",34
"4/25/2026","CT",18
"5/2/2026","CT",9
"5/9/2026","CT",8
"5/16/2026","CT",5
"5/23/2026","CT",2
"5/30/2026","CT",2
"6/6/2026","CT",2
"6/13/2026","CT",3
"6/20/2026","CT",2
"6/27/2026","CT",3
"7/4/2026","CT",1
"7/11/2026","CT",1
"7/18/2026","CT",3
"7/25/2026","CT",2
"8/1/2026","CT",2
"8/8/2026","CT",1
"8/15/2026","CT",3
"8/22/2026","CT",7
"8/29/2026","CT",5
"9/5/2026","CT",4
"9/12/2026","CT",3
"9/19/2026","CT",9
"9/26/2026","CT",9
"10/7/2023","ID",4
"10/14/2023","ID",2
"10/21/2023","ID",2
"10/28/2023","ID",4
"11/4/2023","ID",5
"11/11/2023","ID",4
"11/18/2023","ID",11
"11/25/2023","ID",8
"12/2/2023","ID",19
"12/9/2023","ID",46
"12/16/2023","ID",67
"12/23/2023","ID",115
"12/30/2023","ID",163
"1/6/2024","ID",157
"1/13/2024","ID",102
"1/20/2024","ID",88
"1/27/2024","ID",69
"2/3/2024","ID",71
"2/10/2024","ID",61
"2/17/2024","ID",59
"2/24/2024","ID",90
"3/2/2024","ID",61
"3/9/2024","ID",70
"3/16/2024","ID",68
"3/23/2024","ID",55
"3/30/2024","ID",45
"4/6/2024","ID",31
"4/13/2024","ID",12
"4/20/2024","ID",15
"4/27/2024","ID",16
"5/4/2024","ID",2
"5/11/2024","ID",0
"5/18/2024","ID",0
"5/25/2024","ID",0
"6/1/2024","ID",0
"6/8/2024","ID",0
"6/15/2024","ID",0
"6/22/2024","ID",0
"6/29/2024","ID",0
"7/6/2024","ID",0
"7/13/2024","ID",0
"7/20/2024","ID",0
"7/27/2024","ID",0
"8/3/2024","ID",0
"8/10/2024","ID",0
"8/17/2024","ID",0
"8/24/2024","ID",0
"8/31/2024","ID",0
"9/7/2024","ID",0
"9/14/2024","ID",0
"9/21/2024","ID",1
"9/28/2024","ID",0
"10/4/2025","ID",2
"10/11/2025","ID",1
"10/18/2025","ID",4
"10/25/2025","ID",4
"11/1/2025","ID",8
"11/8/2025","ID",20
"11/15/2025","ID",11
"11/22/2025","ID",27
"11/29/2025","ID",29
"12/6/2025","ID",45
"12/13/2025","ID",35
"12/20/2025","ID",102
"12/27/2025","ID",152
"1/3/2026","ID",235
"1/10/2026","ID",157
"1/17/2026","ID",120
"1/24/2026","ID",97
"1/31/2026","ID",101
"2/7/2026","ID",107
"2/14/2026","ID",116
"2/21/2026","ID",119
"2/28/2026","ID",106
"3/7/2026","ID",68
"3/14/2026","ID",75
"3/21/2026","ID",50
"3/28/2026","ID",47
"4/4/2026","ID",26
"4/11/2026","ID",15
"4/18/2026","ID",7
"4/25/2026","ID",7
"5/2/2026","ID",7
"5/9/2026","ID",8
"5/16/2026","ID",8
"5/23/2026","ID",6
"5/30/2026","ID",2
"6/6/2026","ID",3
"6/13/2026","ID",1
"6/20/2026","ID",6
"6/27/2026","ID",3
"7/4/2026","ID",5
"7/11/2026","ID",4
"7/18/2026","ID",3
"7/25/2026","ID",1
"8/1/2026","ID",0
"8/8/2026","ID",6
"8/15/2026","ID",3
"8/22/2026","ID",0
"8/29/2026","ID",4
"9/5/2026","ID",7
"9/12/2026","ID",7
"9/19/2026","ID",10
"9/26/2026","ID",12
"10/9/2021","IN",13
"10/16/2021","IN",7
"10/23/2021","IN",7
"10/30/2021","IN",13
"11/6/2021","IN",14
"11/13/2021","IN",6
"11/20/2021","IN",15
"11/27/2021","IN",16
"12/4/2021","IN",32
"12/11/2021","IN",33
"12/18/2021","IN",46
"12/25/2021","IN",100
"1/1/2022","IN",110
"1/8/2022","IN",60
"1/15/2022","IN",46
"1/22/2022","IN",28
"1/29/2022","IN",32
"2/5/2022","IN",33
"2/12/2022","IN",31
"2/19/2022","IN",53
"2/26/2022","IN",42
"3/5/2022","IN",59
"3/12/2022","IN",108
"3/19/2022","IN",119
"3/26/2022","IN",125
"4/2/2022","IN",115
"4/9/2022","IN",109
"4/16/2022","IN",93
"4/23/2022","IN",64
"4/30/2022","IN",72
"5/7/2022","IN",49
"5/14/2022","IN",35
"5/21/2022","IN",45
"5/28/2022","IN",31
"6/4/2022","IN",27
"6/11/2022","IN",8
"6/18/2022","IN",18
"6/25/2022","IN",17
"7/2/2022","IN",12
"7/9/2022","IN",8
"7/16/2022","IN",9
"7/23/2022","IN",7
"7/30/2022","IN",10
"8/6/2022","IN",10
"8/13/2022","IN",4
"8/20/2022","IN",11
"8/27/2022","IN",15
"9/3/2022","IN",18
"9/10/2022","IN",26
"9/17/2022","IN",26
"9/24/2022","IN",32
"10/1/2022","IN",38
"10/4/2025","MO",19
"10/11/2025","MO",24
"10/18/2025","MO",24
"10/25/2025","MO",24
"11/1/2025","MO",25
"11/8/2025","MO",28
"11/15/2025","MO",37
"11/22/2025","MO",39
"11/29/2025","MO",57
"12/6/2025","MO",86
"12/13/2025","MO",118
"12/20/2025","MO",261
"12/27/2025","MO",809
"1/3/2026","MO",941
"1/10/2026","MO",522
"1/17/2026","MO",523
"1/24/2026","MO",454
"1/31/2026","MO",437
"2/7/2026","MO",505
"2/14/2026","MO",580
"2/21/2026","MO",441
"2/28/2026","MO",305
"3/7/2026","MO",250
"3/14/2026","MO",221
"3/21/2026","MO",124
"3/28/2026","MO",59
"4/4/2026","MO",44
"4/11/2026","MO",37
"4/18/2026","MO",24
"4/25/2026","MO",16
"5/2/2026","MO",8
"5/9/2026","MO",13
"5/16/2026","MO",9
"5/23/2026","MO",14
"5/30/2026","MO",19
"6/6/2026","MO",9
"6/13/2026","MO",16
"6/20/2026","MO",10
"6/27/2026","MO",10
"7/4/2026","MO",13
"7/11/2026","MO",12
"7/18/2026","MO",8
"7/25/2026","MO",6
"8/1/2026","MO",12
"8/8/2026","MO",10
"8/15/2026","MO",10
"8/22/2026","MO",4
"8/29/2026","MO",31
"9/5/2026","MO",13
"9/12/2026","MO",25
"9/19/2026","MO",30
"9/26/2026","MO",34
"10/4/2025","OK",18
"10/11/2025","OK",8
"10/18/2025","OK",7
"10/25/2025","OK",18
"11/1/2025","OK",13
"11/8/2025","OK",18
"11/15/2025","OK",10
"11/22/2025","OK",15
"11/29/2025","OK",21
"12/6/2025","OK",25
"12/13/2025","OK",53
"12/20/2025","OK",87
"12/27/2025","OK",231
"1/3/2026","OK",245
"1/10/2026","OK",169
"1/17/2026","OK",168
"1/24/2026","OK",166
"1/31/2026","OK",239
"2/7/2026","OK",263
"2/14/2026","OK",345
"2/21/2026","OK",254
"2/28/2026","OK",183
"3/7/2026","OK",156
"3/14/2026","OK",117
"3/21/2026","OK",67
"3/28/2026","OK",23
"4/4/2026","OK",45
"4/11/2026","OK",8
"4/18/2026","OK",9
"4/25/2026","OK",8
"5/2/2026","OK",9
"5/9/2026","OK",11
"5/16/2026","OK",15
"5/23/2026","OK",13
"5/30/2026","OK",10
"6/6/2026","OK",17
"6/13/2026","OK",16
"6/20/2026","OK",6
"6/27/2026","OK",8
"7/4/2026","OK",11
"7/11/2026","OK",8
"7/18/2026","OK",9
"7/25/2026","OK",5
"8/1/2026","OK",14
"8/8/2026","OK",9
"8/15/2026","OK",8
"8/22/2026","OK",3
"8/29/2026","OK",8
"9/5/2026","OK",7
"9/12/2026","OK",18
"9/19/2026","OK",9
"9/26/2026","OK",11
"10/3/2020","UT",NA
"10/10/2020","UT",NA
"10/17/2020","UT",0
"10/24/2020","UT",0
"10/31/2020","UT",1
"11/7/2020","UT",1
"11/14/2020","UT",1
"11/21/2020","UT",0
"11/28/2020","UT",0
"12/5/2020","UT",0
"12/12/2020","UT",4
"12/19/2020","UT",0
"12/26/2020","UT",0
"1/2/2021","UT",1
"1/9/2021","UT",0
"1/16/2021","UT",1
"1/23/2021","UT",0
"1/30/2021","UT",0
"2/6/2021","UT",0
"2/13/2021","UT",0
"2/20/2021","UT",0
"2/27/2021","UT",0
"3/6/2021","UT",0
"3/13/2021","UT",0
"3/20/2021","UT",0
"3/27/2021","UT",1
"4/3/2021","UT",0
"4/10/2021","UT",0
"4/17/2021","UT",0
"4/24/2021","UT",0
"5/1/2021","UT",1
"5/8/2021","UT",0
"5/15/2021","UT",0
"5/22/2021","UT",1
"5/29/2021","UT",0
"6/5/2021","UT",0
"6/12/2021","UT",0
"6/19/2021","UT",0
"6/26/2021","UT",0
"7/3/2021","UT",1
"7/10/2021","UT",1
"7/17/2021","UT",1
"7/24/2021","UT",0
"7/31/2021","UT",0
"8/7/2021","UT",0
"8/14/2021","UT",0
"8/21/2021","UT",0
"8/28/2021","UT",0
"9/4/2021","UT",0
"9/11/2021","UT",1
"9/18/2021","UT",1
"9/25/2021","UT",1
"10/2/2021","UT",1
"10/9/2021","UT",2
"10/16/2021","UT",0
"10/23/2021","UT",1
"10/30/2021","UT",1
"11/6/2021","UT",0
"11/13/2021","UT",0
"11/20/2021","UT",0
"11/27/2021","UT",0
"12/4/2021","UT",4
"12/11/2021","UT",0
"12/18/2021","UT",1
"12/25/2021","UT",5
"1/1/2022","UT",3
"1/8/2022","UT",2
"1/15/2022","UT",1
"1/22/2022","UT",4
"1/29/2022","UT",3
"2/5/2022","UT",4
"2/12/2022","UT",3
"2/19/2022","UT",3
"2/26/2022","UT",5
"3/5/2022","UT",9
"3/12/2022","UT",12
"3/19/2022","UT",17
"3/26/2022","UT",6
"4/2/2022","UT",17
"4/9/2022","UT",14
"4/16/2022","UT",16
"4/23/2022","UT",9
"4/30/2022","UT",1
"5/7/2022","UT",12
"5/14/2022","UT",10
"5/21/2022","UT",7
"5/28/2022","UT",1
"6/4/2022","UT",5
"6/11/2022","UT",3
"6/18/2022","UT",1
"6/25/2022","UT",3
"7/2/2022","UT",5
"7/9/2022","UT",0
"7/16/2022","UT",0
"7/23/2022","UT",0
"7/30/2022","UT",1
"8/6/2022","UT",0
"8/13/2022","UT",0
"8/20/2022","UT",1
"8/27/2022","UT",0
"9/3/2022","UT",1
"9/10/2022","UT",1
"9/17/2022","UT",0
"9/24/2022","UT",1
"10/1/2022","UT",0
"10/9/2021","AK",0
"10/16/2021","AK",0
"10/23/2021","AK",1
"10/30/2021","AK",0
"11/6/2021","AK",0
"11/13/2021","AK",0
"11/20/2021","AK",0
"11/27/2021","AK",0
"12/4/2021","AK",0
"12/11/2021","AK",0
"12/18/2021","AK",2
"12/25/2021","AK",7
"1/1/2022","AK",8
"1/8/2022","AK",3
"1/15/2022","AK",12
"1/22/2022","AK",15
"1/29/2022","AK",1
"2/5/2022","AK",1
"2/12/2022","AK",0
"2/19/2022","AK",0
"2/26/2022","AK",1
"3/5/2022","AK",0
"3/12/2022","AK",2
"3/19/2022","AK",1
"3/26/2022","AK",3
"4/2/2022","AK",0
"4/9/2022","AK",2
"4/16/2022","AK",1
"4/23/2022","AK",2
"4/30/2022","AK",1
"5/7/2022","AK",6
"5/14/2022","AK",3
"5/21/2022","AK",18
"5/28/2022","AK",4
"6/4/2022","AK",2
"6/11/2022","AK",6
"6/18/2022","AK",1
"6/25/2022","AK",3
"7/2/2022","AK",2
"7/9/2022","AK",3
"7/16/2022","AK",0
"7/23/2022","AK",0
"7/30/2022","AK",0
"8/6/2022","AK",0
"8/13/2022","AK",1
"8/20/2022","AK",1
"8/27/2022","AK",1
"9/3/2022","AK",0
"9/10/2022","AK",5
"9/17/2022","AK",0
"9/24/2022","AK",0
"10/1/2022","AK",2
"10/5/2024","AR",3
"10/12/2024","AR",0
"10/19/2024","AR",2
"10/26/2024","AR",1
"11/2/2024","AR",6
"11/9/2024","AR",11
"11/16/2024","AR",13
"11/23/2024","AR",8
"11/30/2024","AR",12
"12/7/2024","AR",32
"12/14/2024","AR",42
"12/21/2024","AR",59
"12/28/2024","AR",127
"1/4/2025","AR",211
"1/11/2025","AR",158
"1/18/2025","AR",222
"1/25/2025","AR",387
"2/1/2025","AR",550
"2/8/2025","AR",750
"2/15/2025","AR",542
"2/22/2025","AR",392
"3/1/2025","AR",361
"3/8/2025","AR",325
"3/15/2025","AR",229
"3/22/2025","AR",164
"3/29/2025","AR",111
"4/5/2025","AR",71
"4/12/2025","AR",32
"4/19/2025","AR",29
"4/26/2025","AR",24
"5/3/2025","AR",21
"5/10/2025","AR",13
"5/17/2025","AR",13
"5/24/2025","AR",14
"5/31/2025","AR",14
"6/7/2025","AR",14
"6/14/2025","AR",12
"6/21/2025","AR",14
"6/28/2025","AR",20
"7/5/2025","AR",5
"7/12/2025","AR",8
"7/19/2025","AR",4
"7/26/2025","AR",4
"8/2/2025","AR",2
"8/9/2025","AR",2
"8/16/2025","AR",4
"8/23/2025","AR",3
"8/30/2025","AR",1
"9/6/2025","AR",2
"9/13/2025","AR",1
"9/20/2025","AR",3
"9/27/2025","AR",9
"8/8/2020","DC",NA
"8/15/2020","DC",NA
"8/22/2020","DC",NA
"8/29/2020","DC",NA
"9/5/2020","DC",NA
"9/12/2020","DC",NA
"9/19/2020","DC",NA
"9/26/2020","DC",NA
"10/8/2022","GA",109
"10/15/2022","GA",144
"10/22/2022","GA",137
"10/29/2022","GA",216
"11/5/2022","GA",250
"11/12/2022","GA",263
"11/19/2022","GA",236
"11/26/2022","GA",258
"12/3/2022","GA",342
"12/10/2022","GA",209
"12/17/2022","GA",179
"12/24/2022","GA",158
"12/31/2022","GA",184
"1/7/2023","GA",189
"1/14/2023","GA",108
"1/21/2023","GA",80
"1/28/2023","GA",71
"2/4/2023","GA",204
"2/11/2023","GA",83
"2/18/2023","GA",75
"2/25/2023","GA",60
"3/4/2023","GA",54
"3/11/2023","GA",51
"3/18/2023","GA",54
"3/25/2023","GA",62
"4/1/2023","GA",53
"4/8/2023","GA",49
"4/15/2023","GA",29
"4/22/2023","GA",44
"4/29/2023","GA",43
"5/6/2023","GA",33
"5/13/2023","GA",50
"5/20/2023","GA",30
"5/27/2023","GA",37
"6/3/2023","GA",46
"6/10/2023","GA",55
"6/17/2023","GA",41
"6/24/2023","GA",38
"7/1/2023","GA",38
"7/8/2023","GA",23
"7/15/2023","GA",18
"7/22/2023","GA",17
"7/29/2023","GA",16
"8/5/2023","GA",19
"8/12/2023","GA",28
"8/19/2023","GA",19
"8/26/2023","GA",28
"9/2/2023","GA",34
"9/9/2023","GA",21
"9/16/2023","GA",34
"9/23/2023","GA",30
"9/30/2023","GA",29
"10/5/2024","LA",5
"10/12/2024","LA",0
"10/19/2024","LA",13
"10/26/2024","LA",23
"11/2/2024","LA",27
"11/9/2024","LA",87
"11/16/2024","LA",84
"11/23/2024","LA",78
"11/30/2024","LA",135
"12/7/2024","LA",163
"12/14/2024","LA",252
"12/21/2024","LA",423
"12/28/2024","LA",590
"1/4/2025","LA",713
"1/11/2025","LA",446
"1/18/2025","LA",477
"1/25/2025","LA",521
"2/1/2025","LA",620
"2/8/2025","LA",494
"2/15/2025","LA",387
"2/22/2025","LA",330
"3/1/2025","LA",359
"3/8/2025","LA",398
"3/15/2025","LA",327
"3/22/2025","LA",230
"3/29/2025","LA",178
"4/5/2025","LA",121
"4/12/2025","LA",80
"4/19/2025","LA",70
"4/26/2025","LA",63
"5/3/2025","LA",44
"5/10/2025","LA",33
"5/17/2025","LA",41
"5/24/2025","LA",34
"5/31/2025","LA",37
"6/7/2025","LA",36
"6/14/2025","LA",37
"6/21/2025","LA",39
"6/28/2025","LA",29
"7/5/2025","LA",21
"7/12/2025","LA",19
"7/19/2025","LA",21
"7/26/2025","LA",17
"8/2/2025","LA",25
"8/9/2025","LA",21
"8/16/2025","LA",22
"8/23/2025","LA",27
"8/30/2025","LA",27
"9/6/2025","LA",20
"9/13/2025","LA",19
"9/20/2025","LA",25
"9/27/2025","LA",31
"10/4/2025","NM",0
"10/11/2025","NM",6
"10/18/2025","NM",3
"10/25/2025","NM",5
"11/1/2025","NM",6
"11/8/2025","NM",7
"11/15/2025","NM",14
"11/22/2025","NM",17
"11/29/2025","NM",39
"12/6/2025","NM",39
"12/13/2025","NM",69
"12/20/2025","NM",170
"12/27/2025","NM",386
"1/3/2026","NM",409
"1/10/2026","NM",247
"1/17/2026","NM",147
"1/24/2026","NM",138
"1/31/2026","NM",105
"2/7/2026","NM",166
"2/14/2026","NM",78
"2/21/2026","NM",94
"2/28/2026","NM",94
"3/7/2026","NM",68
"3/14/2026","NM",61
"3/21/2026","NM",48
"3/28/2026","NM",13
"4/4/2026","NM",11
"4/11/2026","NM",9
"4/18/2026","NM",11
"4/25/2026","NM",7
"5/2/2026","NM",13
"5/9/2026","NM",10
"5/16/2026","NM",4
"5/23/2026","NM",5
"5/30/2026","NM",4
"6/6/2026","NM",1
"6/13/2026","NM",2
"6/20/2026","NM",1
"6/27/2026","NM",0
"7/4/2026","NM",3
"7/11/2026","NM",0
"7/18/2026","NM",0
"7/25/2026","NM",2
"8/1/2026","NM",1
"8/8/2026","NM",1
"8/15/2026","NM",1
"8/22/2026","NM",3
"8/29/2026","NM",3
"9/5/2026","NM",1
"9/12/2026","NM",4
"9/19/2026","NM",7
"9/26/2026","NM",9
"8/8/2020","NV",0
"8/15/2020","NV",NA
"8/22/2020","NV",NA
"8/29/2020","NV",NA
"9/5/2020","NV",NA
"9/12/2020","NV",NA
"9/19/2020","NV",NA
"9/26/2020","NV",0
"10/7/2023","NV",4
"10/14/2023","NV",6
"10/21/2023","NV",7
"10/28/2023","NV",8
"11/4/2023","NV",12
"11/11/2023","NV",22
"11/18/2023","NV",27
"11/25/2023","NV",39
"12/2/2023","NV",45
"12/9/2023","NV",77
"12/16/2023","NV",118
"12/23/2023","NV",158
"12/30/2023","NV",185
"1/6/2024","NV",143
"1/13/2024","NV",145
"1/20/2024","NV",78
"1/27/2024","NV",67
"2/3/2024","NV",58
"2/10/2024","NV",35
"2/17/2024","NV",51
"2/24/2024","NV",43
"3/2/2024","NV",49
"3/9/2024","NV",43
"3/16/2024","NV",30
"3/23/2024","NV",39
"3/30/2024","NV",26
"4/6/2024","NV",35
"4/13/2024","NV",23
"4/20/2024","NV",26
"4/27/2024","NV",21
"5/4/2024","NV",10
"5/11/2024","NV",1
"5/18/2024","NV",2
"5/25/2024","NV",0
"6/1/2024","NV",1
"6/8/2024","NV",0
"6/15/2024","NV",0
"6/22/2024","NV",1
"6/29/2024","NV",1
"7/6/2024","NV",1
"7/13/2024","NV",0
"7/20/2024","NV",0
"7/27/2024","NV",0
"8/3/2024","NV",0
"8/10/2024","NV",0
"8/17/2024","NV",0
"8/24/2024","NV",0
"8/31/2024","NV",0
"9/7/2024","NV",0
"9/14/2024","NV",0
"9/21/2024","NV",0
"9/28/2024","NV",1
"10/5/2024","OR",0
"10/12/2024","OR",6
"10/19/2024","OR",4
"10/26/2024","OR",7
"11/2/2024","OR",7
"11/9/2024","OR",25
"11/16/2024","OR",36
"11/23/2024","OR",63
"11/30/2024","OR",83
"12/7/2024","OR",119
"12/14/2024","OR",242
"12/21/2024","OR",392
"12/28/2024","OR",558
"1/4/2025","OR",539
"1/11/2025","OR",321
"1/18/2025","OR",290
"1/25/2025","OR",277
"2/1/2025","OR",500
"2/8/2025","OR",566
"2/15/2025","OR",502
"2/22/2025","OR",486
"3/1/2025","OR",323
"3/8/2025","OR",208
"3/15/2025","OR",184
"3/22/2025","OR",126
"3/29/2025","OR",95
"4/5/2025","OR",85
"4/12/2025","OR",50
"4/19/2025","OR",43
"4/26/2025","OR",33
"5/3/2025","OR",36
"5/10/2025","OR",27
"5/17/2025","OR",19
"5/24/2025","OR",20
"5/31/2025","OR",14
"6/7/2025","OR",16
"6/14/2025","OR",17
"6/21/2025","OR",11
"6/28/2025","OR",12
"7/5/2025","OR",13
"7/12/2025","OR",7
"7/19/2025","OR",7
"7/26/2025","OR",9
"8/2/2025","OR",4
"8/9/2025","OR",4
"8/16/2025","OR",2
"8/23/2025","OR",5
"8/30/2025","OR",0
"9/6/2025","OR",3
"9/13/2025","OR",3
"9/20/2025","OR",1
"9/27/2025","OR",3
"10/7/2023","SC",22
"10/14/2023","SC",26
"10/21/2023","SC",32
"10/28/2023","SC",21
"11/4/2023","SC",45
"11/11/2023","SC",52
"11/18/2023","SC",64
"11/25/2023","SC",81
"12/2/2023","SC",133
"12/9/2023","SC",177
"12/16/2023","SC",264
"12/23/2023","SC",421
"12/30/2023","SC",649
"1/6/2024","SC",473
"1/13/2024","SC",268
"1/20/2024","SC",197
"1/27/2024","SC",213
"2/3/2024","SC",175
"2/10/2024","SC",132
"2/17/2024","SC",130
"2/24/2024","SC",111
"3/2/2024","SC",107
"3/9/2024","SC",97
"3/16/2024","SC",74
"3/23/2024","SC",66
"3/30/2024","SC",63
"4/6/2024","SC",44
"4/13/2024","SC",64
"4/20/2024","SC",37
"4/27/2024","SC",30
"5/4/2024","SC",31
"5/11/2024","SC",21
"5/18/2024","SC",22
"5/25/2024","SC",18
"6/1/2024","SC",19
"6/8/2024","SC",28
"6/15/2024","SC",29
"6/22/2024","SC",20
"6/29/2024","SC",17
"7/6/2024","SC",19
"7/13/2024","SC",20
"7/20/2024","SC",15
"7/27/2024","SC",16
"8/3/2024","SC",22
"8/10/2024","SC",15
"8/17/2024","SC",16
"8/24/2024","SC",24
"8/31/2024","SC",3
"9/7/2024","SC",2
"9/14/2024","SC",2
"9/21/2024","SC",1
"9/28/2024","SC",2
"8/8/2020","TN",NA
"8/15/2020","TN",NA
"8/22/2020","TN",NA
"8/29/2020","TN",NA
"9/5/2020","TN",NA
"9/12/2020","TN",NA
"9/19/2020","TN",NA
"9/26/2020","TN",NA
"10/8/2022","UT",0
"10/15/2022","UT",3
"10/22/2022","UT",6
"10/29/2022","UT",12
"11/5/2022","UT",6
"11/12/2022","UT",12
"11/19/2022","UT",8
"11/26/2022","UT",29
"12/3/2022","UT",34
"12/10/2022","UT",60
"12/17/2022","UT",41
"12/24/2022","UT",63
"12/31/2022","UT",83
"1/7/2023","UT",66
"1/14/2023","UT",22
"1/21/2023","UT",22
"1/28/2023","UT",7
"2/4/2023","UT",7
"2/11/2023","UT",7
"2/18/2023","UT",12
"2/25/2023","UT",4
"3/4/2023","UT",3
"3/11/2023","UT",7
"3/18/2023","UT",3
"3/25/2023","UT",3
"4/1/2023","UT",3
"4/8/2023","UT",6
"4/15/2023","UT",3
"4/22/2023","UT",6
"4/29/2023","UT",0
"5/6/2023","UT",4
"5/13/2023","UT",6
"5/20/2023","UT",4
"5/27/2023","UT",5
"6/3/2023","UT",1
"6/10/2023","UT",1
"6/17/2023","UT",4
"6/24/2023","UT",3
"7/1/2023","UT",3
"7/8/2023","UT",1
"7/15/2023","UT",3
"7/22/2023","UT",0
"7/29/2023","UT",1
"8/5/2023","UT",1
"8/12/2023","UT",1
"8/19/2023","UT",0
"8/26/2023","UT",0
"9/2/2023","UT",1
"9/9/2023","UT",2
"9/16/2023","UT",3
"9/23/2023","UT",2
"9/30/2023","UT",4
"10/7/2023","UT",4
"10/14/2023","UT",3
"10/21/2023","UT",9
"10/28/2023","UT",5
"11/4/2023","UT",9
"11/11/2023","UT",5
"11/18/2023","UT",7
"11/25/2023","UT",10
"12/2/2023","UT",17
"12/9/2023","UT",17
"12/16/2023","UT",24
"12/23/2023","UT",58
"12/30/2023","UT",80
"1/6/2024","UT",63
"1/13/2024","UT",47
"1/20/2024","UT",28
"1/27/2024","UT",38
"2/3/2024","UT",28
"2/10/2024","UT",16
"2/17/2024","UT",19
"2/24/2024","UT",9
"3/2/2024","UT",17
"3/9/2024","UT",14
"3/16/2024","UT",13
"3/23/2024","UT",11
"3/30/2024","UT",11
"4/6/2024","UT",5
"4/13/2024","UT",1
"4/20/2024","UT",3
"4/27/2024","UT",6
"5/4/2024","UT",2
"5/11/2024","UT",3
"5/18/2024","UT",0
"5/25/2024","UT",0
"6/1/2024","UT",0
"6/8/2024","UT",0
"6/15/2024","UT",0
"6/22/2024","UT",0
"6/29/2024","UT",0
"7/6/2024","UT",0
"7/13/2024","UT",0
"7/20/2024","UT",0
"7/27/2024","UT",0
"8/3/2024","UT",0
"8/10/2024","UT",0
"8/17/2024","UT",0
"8/24/2024","UT",0
"8/31/2024","UT",0
"9/7/2024","UT",0
"9/14/2024","UT",0
"9/21/2024","UT",0
"9/28/2024","UT",0
"10/8/2022","WA",15
"10/15/2022","WA",13
"10/22/2022","WA",21
"10/29/2022","WA",33
"11/5/2022","WA",43
"11/12/2022","WA",89
"11/19/2022","WA",239
"11/26/2022","WA",536
"12/3/2022","WA",732
"12/10/2022","WA",681
"12/17/2022","WA",740
"12/24/2022","WA",404
"12/31/2022","WA",384
"1/7/2023","WA",231
"1/14/2023","WA",144
"1/21/2023","WA",86
"1/28/2023","WA",66
"2/4/2023","WA",42
"2/11/2023","WA",47
"2/18/2023","WA",31
"2/25/2023","WA",38
"3/4/2023","WA",58
"3/11/2023","WA",47
"3/18/2023","WA",28
"3/25/2023","WA",28
"4/1/2023","WA",32
"4/8/2023","WA",26
"4/15/2023","WA",27
"4/22/2023","WA",18
"4/29/2023","WA",14
"5/6/2023","WA",13
"5/13/2023","WA",10
"5/20/2023","WA",13
"5/27/2023","WA",15
"6/3/2023","WA",17
"6/10/2023","WA",28
"6/17/2023","WA",19
"6/24/2023","WA",17
"7/1/2023","WA",19
"7/8/2023","WA",18
"7/15/2023","WA",19
"7/22/2023","WA",18
"7/29/2023","WA",18
"8/5/2023","WA",20
"8/12/2023","WA",17
"8/19/2023","WA",25
"8/26/2023","WA",20
"9/2/2023","WA",42
"9/9/2023","WA",37
"9/16/2023","WA",15
"9/23/2023","WA",6
"9/30/2023","WA",12
"10/7/2023","WA",4
"10/14/2023","WA",13
"10/21/2023","WA",11
"10/28/2023","WA",8
"11/4/2023","WA",17
"11/11/2023","WA",17
"11/18/2023","WA",33
"11/25/2023","WA",36
"12/2/2023","WA",74
"12/9/2023","WA",83
"12/16/2023","WA",109
"12/23/2023","WA",155
"12/30/2023","WA",211
"1/6/2024","WA",209
"1/13/2024","WA",161
"1/20/2024","WA",145
"1/27/2024","WA",120
"2/3/2024","WA",105
"2/10/2024","WA",80
"2/17/2024","WA",73
"2/24/2024","WA",97
"3/2/2024","WA",75
"3/9/2024","WA",56
"3/16/2024","WA",85
"3/23/2024","WA",81
"3/30/2024","WA",56
"4/6/2024","WA",43
"4/13/2024","WA",42
"4/20/2024","WA",26
"4/27/2024","WA",37
"5/4/2024","WA",25
"5/11/2024","WA",28
"5/18/2024","WA",12
"5/25/2024","WA",21
"6/1/2024","WA",21
"6/8/2024","WA",39
"6/15/2024","WA",20
"6/22/2024","WA",28
"6/29/2024","WA",32
"7/6/2024","WA",19
"7/13/2024","WA",15
"7/20/2024","WA",6
"7/27/2024","WA",6
"8/3/2024","WA",3
"8/10/2024","WA",4
"8/17/2024","WA",8
"8/24/2024","WA",5
"8/31/2024","WA",7
"9/7/2024","WA",6
"9/14/2024","WA",5
"9/21/2024","WA",6
"9/28/2024","WA",6
"10/4/2025","AL",21
"10/11/2025","AL",14
"10/18/2025","AL",12
"10/25/2025","AL",11
"11/1/2025","AL",15
"11/8/2025","AL",18
"11/15/2025","AL",31
"11/22/2025","AL",37
"11/29/2025","AL",46
"12/6/2025","AL",67
"12/13/2025","AL",104
"12/20/2025","AL",275
"12/27/2025","AL",498
"1/3/2026","AL",501
"1/10/2026","AL",316
"1/17/2026","AL",206
"1/24/2026","AL",250
"1/31/2026","AL",262
"2/7/2026","AL",355
"2/14/2026","AL",437
"2/21/2026","AL",333
"2/28/2026","AL",180
"3/7/2026","AL",145
"3/14/2026","AL",105
"3/21/2026","AL",58
"3/28/2026","AL",45
"4/4/2026","AL",30
"4/11/2026","AL",33
"4/18/2026","AL",26
"4/25/2026","AL",28
"5/2/2026","AL",20
"5/9/2026","AL",20
"5/16/2026","AL",24
"5/23/2026","AL",24
"5/30/2026","AL",18
"6/6/2026","AL",13
"6/13/2026","AL",14
"6/20/2026","AL",23
"6/27/2026","AL",27
"7/4/2026","AL",10
"7/11/2026","AL",7
"7/18/2026","AL",12
"7/25/2026","AL",6
"8/1/2026","AL",7
"8/8/2026","AL",15
"8/15/2026","AL",12
"8/22/2026","AL",11
"8/29/2026","AL",20
"9/5/2026","AL",18
"9/12/2026","AL",23
"9/19/2026","AL",36
"9/26/2026","AL",35
"10/3/2020","AR",NA
"10/10/2020","AR",NA
"10/17/2020","AR",0
"10/24/2020","AR",4
"10/31/2020","AR",8
"11/7/2020","AR",14
"11/14/2020","AR",10
"11/21/2020","AR",6
"11/28/2020","AR",13
"12/5/2020","AR",6
"12/12/2020","AR",12
"12/19/2020","AR",11
"12/26/2020","AR",9
"1/2/2021","AR",20
"1/9/2021","AR",20
"1/16/2021","AR",17
"1/23/2021","AR",13
"1/30/2021","AR",21
"2/6/2021","AR",9
"2/13/2021","AR",19
"2/20/2021","AR",16
"2/27/2021","AR",10
"3/6/2021","AR",10
"3/13/2021","AR",21
"3/20/2021","AR",13
"3/27/2021","AR",14
"4/3/2021","AR",11
"4/10/2021","AR",14
"4/17/2021","AR",16
"4/24/2021","AR",18
"5/1/2021","AR",15
"5/8/2021","AR",6
"5/15/2021","AR",6
"5/22/2021","AR",3
"5/29/2021","AR",1
"6/5/2021","AR",7
"6/12/2021","AR",1
"6/19/2021","AR",4
"6/26/2021","AR",4
"7/3/2021","AR",2
"7/10/2021","AR",1
"7/17/2021","AR",1
"7/24/2021","AR",1
"7/31/2021","AR",0
"8/7/2021","AR",3
"8/14/2021","AR",2
"8/21/2021","AR",3
"8/28/2021","AR",5
"9/4/2021","AR",2
"9/11/2021","AR",0
"9/18/2021","AR",2
"9/25/2021","AR",3
"10/2/2021","AR",0
"8/8/2020","AS",NA
"8/15/2020","AS",NA
"8/22/2020","AS",NA
"8/29/2020","AS",NA
"9/5/2020","AS",NA
"9/12/2020","AS",NA
"9/19/2020","AS",NA
"9/26/2020","AS",NA
"10/9/2021","AS",0
"10/16/2021","AS",0
"10/23/2021","AS",0
"10/30/2021","AS",0
"11/6/2021","AS",0
"11/13/2021","AS",0
"11/20/2021","AS",0
"11/27/2021","AS",0
"12/4/2021","AS",0
"12/11/2021","AS",0
"12/18/2021","AS",0
"12/25/2021","AS",0
"1/1/2022","AS",0
"1/8/2022","AS",0
"1/15/2022","AS",0
"1/22/2022","AS",0
"1/29/2022","AS",0
"2/5/2022","AS",0
"2/12/2022","AS",0
"2/19/2022","AS",0
"2/26/2022","AS",0
"3/5/2022","AS",0
"3/12/2022","AS",0
"3/19/2022","AS",0
"3/26/2022","AS",0
"4/2/2022","AS",0
"4/9/2022","AS",0
"4/16/2022","AS",0
"4/23/2022","AS",0
"4/30/2022","AS",0
"5/7/2022","AS",0
"5/14/2022","AS",0
"5/21/2022","AS",0
"5/28/2022","AS",0
"6/4/2022","AS",0
"6/11/2022","AS",0
"6/18/2022","AS",0
"6/25/2022","AS",0
"7/2/2022","AS",0
"7/9/2022","AS",0
"7/16/2022","AS",0
"7/23/2022","AS",0
"7/30/2022","AS",1
"8/6/2022","AS",0
"8/13/2022","AS",0
"8/20/2022","AS",0
"8/27/2022","AS",0
"9/3/2022","AS",0
"9/10/2022","AS",0
"9/17/2022","AS",0
"9/24/2022","AS",0
"10/1/2022","AS",0
"10/8/2022","AZ",13
"10/15/2022","AZ",11
"10/22/2022","AZ",24
"10/29/2022","AZ",26
"11/5/2022","AZ",79
"11/12/2022","AZ",134
"11/19/2022","AZ",308
"11/26/2022","AZ",570
"12/3/2022","AZ",799
"12/10/2022","AZ",779
"12/17/2022","AZ",568
"12/24/2022","AZ",580
"12/31/2022","AZ",656
"1/7/2023","AZ",386
"1/14/2023","AZ",163
"1/21/2023","AZ",118
"1/28/2023","AZ",57
"2/4/2023","AZ",62
"2/11/2023","AZ",56
"2/18/2023","AZ",38
"2/25/2023","AZ",43
"3/4/2023","AZ",49
"3/11/2023","AZ",43
"3/18/2023","AZ",55
"3/25/2023","AZ",36
"4/1/2023","AZ",23
"4/8/2023","AZ",40
"4/15/2023","AZ",46
"4/22/2023","AZ",37
"4/29/2023","AZ",41
"5/6/2023","AZ",34
"5/13/2023","AZ",55
"5/20/2023","AZ",55
"5/27/2023","AZ",65
"6/3/2023","AZ",65
"6/10/2023","AZ",61
"6/17/2023","AZ",50
"6/24/2023","AZ",48
"7/1/2023","AZ",29
"7/8/2023","AZ",34
"7/15/2023","AZ",28
"7/22/2023","AZ",13
"7/29/2023","AZ",15
"8/5/2023","AZ",11
"8/12/2023","AZ",9
"8/19/2023","AZ",6
"8/26/2023","AZ",17
"9/2/2023","AZ",13
"9/9/2023","AZ",8
"9/16/2023","AZ",10
"9/23/2023","AZ",8
"9/30/2023","AZ",21
"10/9/2021","CO",1
"10/16/2021","CO",0
"10/23/2021","CO",0
"10/30/2021","CO",2
"11/6/2021","CO",4
"11/13/2021","CO",3
"11/20/2021","CO",2
"11/27/2021","CO",4
"12/4/2021","CO",16
"12/11/2021","CO",26
"12/18/2021","CO",32
"12/25/2021","CO",47
"1/1/2022","CO",65
"1/8/2022","CO",29
"1/15/2022","CO",24
"1/22/2022","CO",9
"1/29/2022","CO",9
"2/5/2022","CO",12
"2/12/2022","CO",27
"2/19/2022","CO",16
"2/26/2022","CO",24
"3/5/2022","CO",21
"3/12/2022","CO",38
"3/19/2022","CO",55
"3/26/2022","CO",82
"4/2/2022","CO",121
"4/9/2022","CO",104
"4/16/2022","CO",139
"4/23/2022","CO",179
"4/30/2022","CO",163
"5/7/2022","CO",258
"5/14/2022","CO",173
"5/21/2022","CO",120
"5/28/2022","CO",87
"6/4/2022","CO",75
"6/11/2022","CO",39
"6/18/2022","CO",25
"6/25/2022","CO",9
"7/2/2022","CO",13
"7/9/2022","CO",11
"7/16/2022","CO",9
"7/23/2022","CO",9
"7/30/2022","CO",8
"8/6/2022","CO",12
"8/13/2022","CO",10
"8/20/2022","CO",10
"8/27/2022","CO",1
"9/3/2022","CO",1
"9/10/2022","CO",2
"9/17/2022","CO",3
"9/24/2022","CO",4
"10/1/2022","CO",3
"10/9/2021","FL",35
"10/16/2021","FL",16
"10/23/2021","FL",28
"10/30/2021","FL",27
"11/6/2021","FL",29
"11/13/2021","FL",49
"11/20/2021","FL",49
"11/27/2021","FL",64
"12/4/2021","FL",62
"12/11/2021","FL",81
"12/18/2021","FL",83
"12/25/2021","FL",103
"1/1/2022","FL",111
"1/8/2022","FL",72
"1/15/2022","FL",102
"1/22/2022","FL",69
"1/29/2022","FL",43
"2/5/2022","FL",56
"2/12/2022","FL",47
"2/19/2022","FL",47
"2/26/2022","FL",55
"3/5/2022","FL",59
"3/12/2022","FL",47
"3/19/2022","FL",58
"3/26/2022","FL",84
"4/2/2022","FL",78
"4/9/2022","FL",83
"4/16/2022","FL",147
"4/23/2022","FL",140
"4/30/2022","FL",164
"5/7/2022","FL",213
"5/14/2022","FL",278
"5/21/2022","FL",371
"5/28/2022","FL",516
"6/4/2022","FL",663
"6/11/2022","FL",551
"6/18/2022","FL",460
"6/25/2022","FL",302
"7/2/2022","FL",208
"7/9/2022","FL",161
"7/16/2022","FL",124
"7/23/2022","FL",89
"7/30/2022","FL",74
"8/6/2022","FL",69
"8/13/2022","FL",74
"8/20/2022","FL",60
"8/27/2022","FL",65
"9/3/2022","FL",53
"9/10/2022","FL",50
"9/17/2022","FL",79
"9/24/2022","FL",78
"10/1/2022","FL",78
"10/7/2023","FL",226
"10/14/2023","FL",213
"10/21/2023","FL",290
"10/28/2023","FL",313
"11/4/2023","FL",443
"11/11/2023","FL",462
"11/18/2023","FL",651
"11/25/2023","FL",701
"12/2/2023","FL",743
"12/9/2023","FL",759
"12/16/2023","FL",842
"12/23/2023","FL",988
"12/30/2023","FL",1350
"1/6/2024","FL",1411
"1/13/2024","FL",1069
"1/20/2024","FL",907
"1/27/2024","FL",833
"2/3/2024","FL",711
"2/10/2024","FL",827
"2/17/2024","FL",677
"2/24/2024","FL",617
"3/2/2024","FL",536
"3/9/2024","FL",533
"3/16/2024","FL",516
"3/23/2024","FL",419
"3/30/2024","FL",402
"4/6/2024","FL",311
"4/13/2024","FL",324
"4/20/2024","FL",237
"4/27/2024","FL",260
"5/4/2024","FL",140
"5/11/2024","FL",85
"5/18/2024","FL",91
"5/25/2024","FL",97
"6/1/2024","FL",77
"6/8/2024","FL",81
"6/15/2024","FL",80
"6/22/2024","FL",64
"6/29/2024","FL",62
"7/6/2024","FL",56
"7/13/2024","FL",78
"7/20/2024","FL",59
"7/27/2024","FL",41
"8/3/2024","FL",54
"8/10/2024","FL",42
"8/17/2024","FL",45
"8/24/2024","FL",41
"8/31/2024","FL",38
"9/7/2024","FL",55
"9/14/2024","FL",79
"9/21/2024","FL",44
"9/28/2024","FL",46
"10/9/2021","HI",0
"10/16/2021","HI",0
"10/23/2021","HI",0
"10/30/2021","HI",0
"11/6/2021","HI",0
"11/13/2021","HI",0
"11/20/2021","HI",0
"11/27/2021","HI",1
"12/4/2021","HI",0
"12/11/2021","HI",0
"12/18/2021","HI",0
"12/25/2021","HI",1
"1/1/2022","HI",0
"1/8/2022","HI",0
"1/15/2022","HI",0
"1/22/2022","HI",0
"1/29/2022","HI",0
"2/5/2022","HI",0
"2/12/2022","HI",0
"2/19/2022","HI",0
"2/26/2022","HI",0
"3/5/2022","HI",0
"3/12/2022","HI",0
"3/19/2022","HI",1
"3/26/2022","HI",0
"4/2/2022","HI",1
"4/9/2022","HI",3
"4/16/2022","HI",9
"4/23/2022","HI",7
"4/30/2022","HI",4
"5/7/2022","HI",2
"5/14/2022","HI",3
"5/21/2022","HI",11
"5/28/2022","HI",9
"6/4/2022","HI",4
"6/11/2022","HI",3
"6/18/2022","HI",4
"6/25/2022","HI",6
"7/2/2022","HI",3
"7/9/2022","HI",3
"7/16/2022","HI",0
"7/23/2022","HI",1
"7/30/2022","HI",2
"8/6/2022","HI",3
"8/13/2022","HI",1
"8/20/2022","HI",1
"8/27/2022","HI",1
"9/3/2022","HI",2
"9/10/2022","HI",1
"9/17/2022","HI",2
"9/24/2022","HI",3
"10/1/2022","HI",4
"10/9/2021","ID",0
"10/16/2021","ID",0
"10/23/2021","ID",0
"10/30/2021","ID",0
"11/6/2021","ID",0
"11/13/2021","ID",0
"11/20/2021","ID",2
"11/27/2021","ID",2
"12/4/2021","ID",0
"12/11/2021","ID",0
"12/18/2021","ID",2
"12/25/2021","ID",2
"1/1/2022","ID",4
"1/8/2022","ID",4
"1/15/2022","ID",3
"1/22/2022","ID",1
"1/29/2022","ID",2
"2/5/2022","ID",1
"2/12/2022","ID",1
"2/19/2022","ID",1
"2/26/2022","ID",3
"3/5/2022","ID",1
"3/12/2022","ID",13
"3/19/2022","ID",16
"3/26/2022","ID",14
"4/2/2022","ID",19
"4/9/2022","ID",20
"4/16/2022","ID",16
"4/23/2022","ID",17
"4/30/2022","ID",15
"5/7/2022","ID",13
"5/14/2022","ID",16
"5/21/2022","ID",12
"5/28/2022","ID",3
"6/4/2022","ID",10
"6/11/2022","ID",7
"6/18/2022","ID",5
"6/25/2022","ID",2
"7/2/2022","ID",3
"7/9/2022","ID",3
"7/16/2022","ID",4
"7/23/2022","ID",0
"7/30/2022","ID",1
"8/6/2022","ID",2
"8/13/2022","ID",0
"8/20/2022","ID",1
"8/27/2022","ID",0
"9/3/2022","ID",3
"9/10/2022","ID",0
"9/17/2022","ID",0
"9/24/2022","ID",3
"10/1/2022","ID",3
"10/7/2023","MI",16
"10/14/2023","MI",20
"10/21/2023","MI",21
"10/28/2023","MI",12
"11/4/2023","MI",34
"11/11/2023","MI",30
"11/18/2023","MI",52
"11/25/2023","MI",88
"12/2/2023","MI",106
"12/9/2023","MI",171
"12/16/2023","MI",247
"12/23/2023","MI",270
"12/30/2023","MI",562
"1/6/2024","MI",493
"1/13/2024","MI",378
"1/20/2024","MI",343
"1/27/2024","MI",387
"2/3/2024","MI",482
"2/10/2024","MI",659
"2/17/2024","MI",765
"2/24/2024","MI",967
"3/2/2024","MI",1008
"3/9/2024","MI",848
"3/16/2024","MI",597
"3/23/2024","MI",529
"3/30/2024","MI",521
"4/6/2024","MI",455
"4/13/2024","MI",333
"4/20/2024","MI",168
"4/27/2024","MI",122
"5/4/2024","MI",83
"5/11/2024","MI",50
"5/18/2024","MI",31
"5/25/2024","MI",29
"6/1/2024","MI",15
"6/8/2024","MI",9
"6/15/2024","MI",9
"6/22/2024","MI",9
"6/29/2024","MI",11
"7/6/2024","MI",7
"7/13/2024","MI",9
"7/20/2024","MI",8
"7/27/2024","MI",7
"8/3/2024","MI",2
"8/10/2024","MI",5
"8/17/2024","MI",9
"8/24/2024","MI",12
"8/31/2024","MI",10
"9/7/2024","MI",9
"9/14/2024","MI",16
"9/21/2024","MI",11
"9/28/2024","MI",9
"10/3/2020","MT",NA
"10/10/2020","MT",NA
"10/17/2020","MT",0
"10/24/2020","MT",0
"10/31/2020","MT",1
"11/7/2020","MT",1
"11/14/2020","MT",1
"11/21/2020","MT",1
"11/28/2020","MT",0
"12/5/2020","MT",0
"12/12/2020","MT",0
"12/19/2020","MT",1
"12/26/2020","MT",1
"1/2/2021","MT",0
"1/9/2021","MT",0
"1/16/2021","MT",0
"1/23/2021","MT",0
"1/30/2021","MT",0
"2/6/2021","MT",0
"2/13/2021","MT",0
"2/20/2021","MT",0
"2/27/2021","MT",1
"3/6/2021","MT",0
"3/13/2021","MT",0
"3/20/2021","MT",0
"3/27/2021","MT",0
"4/3/2021","MT",0
"4/10/2021","MT",2
"4/17/2021","MT",0
"4/24/2021","MT",0
"5/1/2021","MT",0
"5/8/2021","MT",0
"5/15/2021","MT",0
"5/22/2021","MT",0
"5/29/2021","MT",0
"6/5/2021","MT",0
"6/12/2021","MT",0
"6/19/2021","MT",1
"6/26/2021","MT",0
"7/3/2021","MT",0
"7/10/2021","MT",0
"7/17/2021","MT",0
"7/24/2021","MT",0
"7/31/2021","MT",0
"8/7/2021","MT",0
"8/14/2021","MT",0
"8/21/2021","MT",0
"8/28/2021","MT",0
"9/4/2021","MT",0
"9/11/2021","MT",0
"9/18/2021","MT",7
"9/25/2021","MT",1
"10/2/2021","MT",0
"10/7/2023","NH",2
"10/14/2023","NH",0
"10/21/2023","NH",0
"10/28/2023","NH",2
"11/4/2023","NH",2
"11/11/2023","NH",2
"11/18/2023","NH",2
"11/25/2023","NH",1
"12/2/2023","NH",7
"12/9/2023","NH",15
"12/16/2023","NH",28
"12/23/2023","NH",41
"12/30/2023","NH",51
"1/6/2024","NH",46
"1/13/2024","NH",47
"1/20/2024","NH",30
"1/27/2024","NH",24
"2/3/2024","NH",37
"2/10/2024","NH",43
"2/17/2024","NH",41
"2/24/2024","NH",33
"3/2/2024","NH",39
"3/9/2024","NH",33
"3/16/2024","NH",38
"3/23/2024","NH",25
"3/30/2024","NH",17
"4/6/2024","NH",16
"4/13/2024","NH",14
"4/20/2024","NH",12
"4/27/2024","NH",4
"5/4/2024","NH",3
"5/11/2024","NH",0
"5/18/2024","NH",0
"5/25/2024","NH",0
"6/1/2024","NH",0
"6/8/2024","NH",0
"6/15/2024","NH",0
"6/22/2024","NH",0
"6/29/2024","NH",0
"7/6/2024","NH",0
"7/13/2024","NH",0
"7/20/2024","NH",0
"7/27/2024","NH",0
"8/3/2024","NH",0
"8/10/2024","NH",0
"8/17/2024","NH",0
"8/24/2024","NH",0
"8/31/2024","NH",0
"9/7/2024","NH",0
"9/14/2024","NH",0
"9/21/2024","NH",0
"9/28/2024","NH",0
"10/3/2020","OH",NA
"10/10/2020","OH",NA
"10/17/2020","OH",NA
"10/24/2020","OH",2
"10/31/2020","OH",1
"11/7/2020","OH",3
"11/14/2020","OH",4
"11/21/2020","OH",2
"11/28/2020","OH",4
"12/5/2020","OH",7
"12/12/2020","OH",6
"12/19/2020","OH",5
"12/26/2020","OH",14
"1/2/2021","OH",21
"1/9/2021","OH",11
"1/16/2021","OH",7
"1/23/2021","OH",6
"1/30/2021","OH",8
"2/6/2021","OH",6
"2/13/2021","OH",9
"2/20/2021","OH",12
"2/27/2021","OH",11
"3/6/2021","OH",12
"3/13/2021","OH",7
"3/20/2021","OH",5
"3/27/2021","OH",6
"4/3/2021","OH",7
"4/10/2021","OH",1
"4/17/2021","OH",9
"4/24/2021","OH",3
"5/1/2021","OH",3
"5/8/2021","OH",1
"5/15/2021","OH",2
"5/22/2021","OH",1
"5/29/2021","OH",3
"6/5/2021","OH",0
"6/12/2021","OH",3
"6/19/2021","OH",3
"6/26/2021","OH",0
"7/3/2021","OH",2
"7/10/2021","OH",0
"7/17/2021","OH",0
"7/24/2021","OH",0
"7/31/2021","OH",5
"8/7/2021","OH",29
"8/14/2021","OH",5
"8/21/2021","OH",2
"8/28/2021","OH",1
"9/4/2021","OH",0
"9/11/2021","OH",3
"9/18/2021","OH",6
"9/25/2021","OH",2
"10/2/2021","OH",8
"10/9/2021","RI",0
"10/16/2021","RI",1
"10/23/2021","RI",0
"10/30/2021","RI",1
"11/6/2021","RI",1
"11/13/2021","RI",0
"11/20/2021","RI",0
"11/27/2021","RI",0
"12/4/2021","RI",3
"12/11/2021","RI",1
"12/18/2021","RI",3
"12/25/2021","RI",4
"1/1/2022","RI",3
"1/8/2022","RI",2
"1/15/2022","RI",1
"1/22/2022","RI",1
"1/29/2022","RI",2
"2/5/2022","RI",0
"2/12/2022","RI",0
"2/19/2022","RI",1
"2/26/2022","RI",0
"3/5/2022","RI",2
"3/12/2022","RI",0
"3/19/2022","RI",1
"3/26/2022","RI",1
"4/2/2022","RI",3
"4/9/2022","RI",5
"4/16/2022","RI",9
"4/23/2022","RI",10
"4/30/2022","RI",5
"5/7/2022","RI",6
"5/14/2022","RI",8
"5/21/2022","RI",6
"5/28/2022","RI",7
"6/4/2022","RI",6
"6/11/2022","RI",1
"6/18/2022","RI",2
"6/25/2022","RI",1
"7/2/2022","RI",0
"7/9/2022","RI",9
"7/16/2022","RI",1
"7/23/2022","RI",0
"7/30/2022","RI",0
"8/6/2022","RI",0
"8/13/2022","RI",0
"8/20/2022","RI",0
"8/27/2022","RI",0
"9/3/2022","RI",0
"9/10/2022","RI",0
"9/17/2022","RI",0
"9/24/2022","RI",0
"10/1/2022","RI",1
"10/3/2020","SC",0
"10/10/2020","SC",0
"10/17/2020","SC",0
"10/24/2020","SC",1
"10/31/2020","SC",3
"11/7/2020","SC",3
"11/14/2020","SC",2
"11/21/2020","SC",7
"11/28/2020","SC",6
"12/5/2020","SC",8
"12/12/2020","SC",4
"12/19/2020","SC",7
"12/26/2020","SC",10
"1/2/2021","SC",13
"1/9/2021","SC",5
"1/16/2021","SC",5
"1/23/2021","SC",6
"1/30/2021","SC",9
"2/6/2021","SC",4
"2/13/2021","SC",5
"2/20/2021","SC",7
"2/27/2021","SC",9
"3/6/2021","SC",6
"3/13/2021","SC",7
"3/20/2021","SC",3
"3/27/2021","SC",6
"4/3/2021","SC",2
"4/10/2021","SC",1
"4/17/2021","SC",9
"4/24/2021","SC",7
"5/1/2021","SC",4
"5/8/2021","SC",2
"5/15/2021","SC",3
"5/22/2021","SC",8
"5/29/2021","SC",0
"6/5/2021","SC",2
"6/12/2021","SC",0
"6/19/2021","SC",0
"6/26/2021","SC",0
"7/3/2021","SC",0
"7/10/2021","SC",0
"7/17/2021","SC",0
"7/24/2021","SC",0
"7/31/2021","SC",2
"8/7/2021","SC",1
"8/14/2021","SC",5
"8/21/2021","SC",4
"8/28/2021","SC",1
"9/4/2021","SC",0
"9/11/2021","SC",0
"9/18/2021","SC",2
"9/25/2021","SC",0
"10/2/2021","SC",0
"10/3/2020","TN",NA
"10/10/2020","TN",NA
"10/17/2020","TN",0
"10/24/2020","TN",20
"10/31/2020","TN",30
"11/7/2020","TN",28
"11/14/2020","TN",44
"11/21/2020","TN",50
"11/28/2020","TN",38
"12/5/2020","TN",24
"12/12/2020","TN",21
"12/19/2020","TN",23
"12/26/2020","TN",41
"1/2/2021","TN",34
"1/9/2021","TN",26
"1/16/2021","TN",34
"1/23/2021","TN",26
"1/30/2021","TN",39
"2/6/2021","TN",44
"2/13/2021","TN",30
"2/20/2021","TN",29
"2/27/2021","TN",13
"3/6/2021","TN",22
"3/13/2021","TN",32
"3/20/2021","TN",24
"3/27/2021","TN",33
"4/3/2021","TN",25
"4/10/2021","TN",22
"4/17/2021","TN",28
"4/24/2021","TN",22
"5/1/2021","TN",17
"5/8/2021","TN",14
"5/15/2021","TN",24
"5/22/2021","TN",10
"5/29/2021","TN",5
"6/5/2021","TN",34
"6/12/2021","TN",11
"6/19/2021","TN",11
"6/26/2021","TN",10
"7/3/2021","TN",8
"7/10/2021","TN",6
"7/17/2021","TN",15
"7/24/2021","TN",2
"7/31/2021","TN",11
"8/7/2021","TN",8
"8/14/2021","TN",16
"8/21/2021","TN",9
"8/28/2021","TN",10
"9/4/2021","TN",19
"9/11/2021","TN",8
"9/18/2021","TN",14
"9/25/2021","TN",6
"10/2/2021","TN",8
"10/4/2025","TN",26
"10/11/2025","TN",26
"10/18/2025","TN",40
"10/25/2025","TN",22
"11/1/2025","TN",34
"11/8/2025","TN",56
"11/15/2025","TN",39
"11/22/2025","TN",57
"11/29/2025","TN",62
"12/6/2025","TN",106
"12/13/2025","TN",166
"12/20/2025","TN",346
"12/27/2025","TN",861
"1/3/2026","TN",863
"1/10/2026","TN",519
"1/17/2026","TN",315
"1/24/2026","TN",312
"1/31/2026","TN",373
"2/7/2026","TN",318
"2/14/2026","TN",323
"2/21/2026","TN",321
"2/28/2026","TN",248
"3/7/2026","TN",199
"3/14/2026","TN",176
"3/21/2026","TN",145
"3/28/2026","TN",81
"4/4/2026","TN",63
"4/11/2026","TN",50
"4/18/2026","TN",47
"4/25/2026","TN",39
"5/2/2026","TN",34
"5/9/2026","TN",45
"5/16/2026","TN",36
"5/23/2026","TN",33
"5/30/2026","TN",31
"6/6/2026","TN",21
"6/13/2026","TN",24
"6/20/2026","TN",23
"6/27/2026","TN",17
"7/4/2026","TN",18
"7/11/2026","TN",20
"7/18/2026","TN",21
"7/25/2026","TN",19
"8/1/2026","TN",18
"8/8/2026","TN",19
"8/15/2026","TN",17
"8/22/2026","TN",20
"8/29/2026","TN",31
"9/5/2026","TN",31
"9/12/2026","TN",39
"9/19/2026","TN",46
"9/26/2026","TN",63
"10/3/2020","VA",NA
"10/10/2020","VA",NA
"10/17/2020","VA",0
"10/24/2020","VA",0
"10/31/2020","VA",21
"11/7/2020","VA",19
"11/14/2020","VA",22
"11/21/2020","VA",23
"11/28/2020","VA",33
"12/5/2020","VA",27
"12/12/2020","VA",30
"12/19/2020","VA",24
"12/26/2020","VA",39
"1/2/2021","VA",37
"1/9/2021","VA",30
"1/16/2021","VA",49
"1/23/2021","VA",28
"1/30/2021","VA",18
"2/6/2021","VA",27
"2/13/2021","VA",26
"2/20/2021","VA",23
"2/27/2021","VA",27
"3/6/2021","VA",33
"3/13/2021","VA",12
"3/20/2021","VA",25
"3/27/2021","VA",26
"4/3/2021","VA",14
"4/10/2021","VA",18
"4/17/2021","VA",18
"4/24/2021","VA",32
"5/1/2021","VA",22
"5/8/2021","VA",22
"5/15/2021","VA",20
"5/22/2021","VA",13
"5/29/2021","VA",11
"6/5/2021","VA",16
"6/12/2021","VA",13
"6/19/2021","VA",20
"6/26/2021","VA",18
"7/3/2021","VA",12
"7/10/2021","VA",19
"7/17/2021","VA",15
"7/24/2021","VA",21
"7/31/2021","VA",21
"8/7/2021","VA",16
"8/14/2021","VA",23
"8/21/2021","VA",24
"8/28/2021","VA",7
"9/4/2021","VA",9
"9/11/2021","VA",7
"9/18/2021","VA",17
"9/25/2021","VA",11
"10/2/2021","VA",6
"8/8/2020","WI",NA
"8/15/2020","WI",NA
"8/22/2020","WI",NA
"8/29/2020","WI",NA
"9/5/2020","WI",NA
"9/12/2020","WI",NA
"9/19/2020","WI",NA
"9/26/2020","WI",NA
"10/5/2024","AZ",40
"10/12/2024","AZ",4
"10/19/2024","AZ",14
"10/26/2024","AZ",187
"11/2/2024","AZ",141
"11/9/2024","AZ",272
"11/16/2024","AZ",356
"11/23/2024","AZ",488
"11/30/2024","AZ",558
"12/7/2024","AZ",882
"12/14/2024","AZ",1023
"12/21/2024","AZ",1534
"12/28/2024","AZ",2340
"1/4/2025","AZ",2846
"1/11/2025","AZ",1483
"1/18/2025","AZ",1077
"1/25/2025","AZ",999
"2/1/2025","AZ",836
"2/8/2025","AZ",836
"2/15/2025","AZ",711
"2/22/2025","AZ",647
"3/1/2025","AZ",657
"3/8/2025","AZ",499
"3/15/2025","AZ",393
"3/22/2025","AZ",346
"3/29/2025","AZ",238
"4/5/2025","AZ",111
"4/12/2025","AZ",93
"4/19/2025","AZ",88
"4/26/2025","AZ",77
"5/3/2025","AZ",80
"5/10/2025","AZ",53
"5/17/2025","AZ",69
"5/24/2025","AZ",38
"5/31/2025","AZ",55
"6/7/2025","AZ",32
"6/14/2025","AZ",35
"6/21/2025","AZ",18
"6/28/2025","AZ",11
"7/5/2025","AZ",24
"7/12/2025","AZ",15
"7/19/2025","AZ",10
"7/26/2025","AZ",6
"8/2/2025","AZ",5
"8/9/2025","AZ",11
"8/16/2025","AZ",18
"8/23/2025","AZ",6
"8/30/2025","AZ",27
"9/6/2025","AZ",11
"9/13/2025","AZ",14
"9/20/2025","AZ",16
"9/27/2025","AZ",13
"10/9/2021","CA",12
"10/16/2021","CA",5
"10/23/2021","CA",10
"10/30/2021","CA",5
"11/6/2021","CA",15
"11/13/2021","CA",15
"11/20/2021","CA",17
"11/27/2021","CA",20
"12/4/2021","CA",44
"12/11/2021","CA",61
"12/18/2021","CA",60
"12/25/2021","CA",111
"1/1/2022","CA",96
"1/8/2022","CA",87
"1/15/2022","CA",75
"1/22/2022","CA",63
"1/29/2022","CA",23
"2/5/2022","CA",30
"2/12/2022","CA",28
"2/19/2022","CA",11
"2/26/2022","CA",23
"3/5/2022","CA",34
"3/12/2022","CA",40
"3/19/2022","CA",51
"3/26/2022","CA",61
"4/2/2022","CA",79
"4/9/2022","CA",96
"4/16/2022","CA",104
"4/23/2022","CA",148
"4/30/2022","CA",213
"5/7/2022","CA",206
"5/14/2022","CA",277
"5/21/2022","CA",355
"5/28/2022","CA",412
"6/4/2022","CA",432
"6/11/2022","CA",391
"6/18/2022","CA",305
"6/25/2022","CA",238
"7/2/2022","CA",193
"7/9/2022","CA",115
"7/16/2022","CA",99
"7/23/2022","CA",61
"7/30/2022","CA",47
"8/6/2022","CA",38
"8/13/2022","CA",39
"8/20/2022","CA",35
"8/27/2022","CA",29
"9/3/2022","CA",33
"9/10/2022","CA",36
"9/17/2022","CA",21
"9/24/2022","CA",35
"10/1/2022","CA",68
"10/7/2023","DE",2
"10/14/2023","DE",0
"10/21/2023","DE",1
"10/28/2023","DE",1
"11/4/2023","DE",1
"11/11/2023","DE",1
"11/18/2023","DE",2
"11/25/2023","DE",1
"12/2/2023","DE",2
"12/9/2023","DE",10
"12/16/2023","DE",18
"12/23/2023","DE",24
"12/30/2023","DE",60
"1/6/2024","DE",48
"1/13/2024","DE",34
"1/20/2024","DE",32
"1/27/2024","DE",28
"2/3/2024","DE",25
"2/10/2024","DE",25
"2/17/2024","DE",36
"2/24/2024","DE",24
"3/2/2024","DE",33
"3/9/2024","DE",26
"3/16/2024","DE",18
"3/23/2024","DE",16
"3/30/2024","DE",15
"4/6/2024","DE",19
"4/13/2024","DE",7
"4/20/2024","DE",8
"4/27/2024","DE",2
"5/4/2024","DE",4
"5/11/2024","DE",1
"5/18/2024","DE",1
"5/25/2024","DE",1
"6/1/2024","DE",0
"6/8/2024","DE",1
"6/15/2024","DE",0
"6/22/2024","DE",0
"6/29/2024","DE",1
"7/6/2024","DE",0
"7/13/2024","DE",0
"7/20/2024","DE",0
"7/27/2024","DE",0
"8/3/2024","DE",0
"8/10/2024","DE",0
"8/17/2024","DE",0
"8/24/2024","DE",0
"8/31/2024","DE",0
"9/7/2024","DE",1
"9/14/2024","DE",0
"9/21/2024","DE",0
"9/28/2024","DE",0
"10/4/2025","IL",14
"10/11/2025","IL",15
"10/18/2025","IL",27
"10/25/2025","IL",21
"11/1/2025","IL",38
"11/8/2025","IL",29
"11/15/2025","IL",47
"11/22/2025","IL",87
"11/29/2025","IL",132
"12/6/2025","IL",200
"12/13/2025","IL",264
"12/20/2025","IL",611
"12/27/2025","IL",1491
"1/3/2026","IL",1741
"1/10/2026","IL",1193
"1/17/2026","IL",751
"1/24/2026","IL",654
"1/31/2026","IL",554
"2/7/2026","IL",532
"2/14/2026","IL",557
"2/21/2026","IL",579
"2/28/2026","IL",355
"3/7/2026","IL",381
"3/14/2026","IL",240
"3/21/2026","IL",185
"3/28/2026","IL",103
"4/4/2026","IL",103
"4/11/2026","IL",96
"4/18/2026","IL",86
"4/25/2026","IL",79
"5/2/2026","IL",28
"5/9/2026","IL",45
"5/16/2026","IL",24
"5/23/2026","IL",21
"5/30/2026","IL",62
"6/6/2026","IL",19
"6/13/2026","IL",7
"6/20/2026","IL",18
"6/27/2026","IL",7
"7/4/2026","IL",15
"7/11/2026","IL",72
"7/18/2026","IL",14
"7/25/2026","IL",16
"8/1/2026","IL",3
"8/8/2026","IL",11
"8/15/2026","IL",28
"8/22/2026","IL",10
"8/29/2026","IL",13
"9/5/2026","IL",108
"9/12/2026","IL",36
"9/19/2026","IL",53
"9/26/2026","IL",61
"8/8/2020","KS",NA
"8/15/2020","KS",NA
"8/22/2020","KS",NA
"8/29/2020","KS",NA
"9/5/2020","KS",NA
"9/12/2020","KS",NA
"9/19/2020","KS",NA
"9/26/2020","KS",NA
"10/9/2021","MA",0
"10/16/2021","MA",0
"10/23/2021","MA",0
"10/30/2021","MA",0
"11/6/2021","MA",0
"11/13/2021","MA",0
"11/20/2021","MA",4
"11/27/2021","MA",2
"12/4/2021","MA",9
"12/11/2021","MA",19
"12/18/2021","MA",15
"12/25/2021","MA",24
"1/1/2022","MA",54
"1/8/2022","MA",46
"1/15/2022","MA",42
"1/22/2022","MA",49
"1/29/2022","MA",28
"2/5/2022","MA",33
"2/12/2022","MA",30
"2/19/2022","MA",43
"2/26/2022","MA",34
"3/5/2022","MA",11
"3/12/2022","MA",23
"3/19/2022","MA",36
"3/26/2022","MA",30
"4/2/2022","MA",78
"4/9/2022","MA",131
"4/16/2022","MA",167
"4/23/2022","MA",176
"4/30/2022","MA",183
"5/7/2022","MA",174
"5/14/2022","MA",162
"5/21/2022","MA",147
"5/28/2022","MA",74
"6/4/2022","MA",39
"6/11/2022","MA",40
"6/18/2022","MA",14
"6/25/2022","MA",10
"7/2/2022","MA",6
"7/9/2022","MA",6
"7/16/2022","MA",6
"7/23/2022","MA",3
"7/30/2022","MA",3
"8/6/2022","MA",5
"8/13/2022","MA",3
"8/20/2022","MA",2
"8/27/2022","MA",3
"9/3/2022","MA",4
"9/10/2022","MA",1
"9/17/2022","MA",3
"9/24/2022","MA",4
"10/1/2022","MA",4
"10/5/2024","ME",0
"10/12/2024","ME",0
"10/19/2024","ME",0
"10/26/2024","ME",0
"11/2/2024","ME",0
"11/9/2024","ME",1
"11/16/2024","ME",0
"11/23/2024","ME",0
"11/30/2024","ME",2
"12/7/2024","ME",2
"12/14/2024","ME",2
"12/21/2024","ME",10
"12/28/2024","ME",31
"1/4/2025","ME",88
"1/11/2025","ME",92
"1/18/2025","ME",86
"1/25/2025","ME",109
"2/1/2025","ME",151
"2/8/2025","ME",205
"2/15/2025","ME",267
"2/22/2025","ME",266
"3/1/2025","ME",205
"3/8/2025","ME",200
"3/15/2025","ME",115
"3/22/2025","ME",83
"3/29/2025","ME",59
"4/5/2025","ME",55
"4/12/2025","ME",40
"4/19/2025","ME",23
"4/26/2025","ME",16
"5/3/2025","ME",10
"5/10/2025","ME",3
"5/17/2025","ME",2
"5/24/2025","ME",2
"5/31/2025","ME",1
"6/7/2025","ME",0
"6/14/2025","ME",2
"6/21/2025","ME",2
"6/28/2025","ME",0
"7/5/2025","ME",1
"7/12/2025","ME",1
"7/19/2025","ME",1
"7/26/2025","ME",1
"8/2/2025","ME",0
"8/9/2025","ME",0
"8/16/2025","ME",0
"8/23/2025","ME",1
"8/30/2025","ME",1
"9/6/2025","ME",1
"9/13/2025","ME",2
"9/20/2025","ME",0
"9/27/2025","ME",0
"10/5/2024","MI",12
"10/12/2024","MI",2
"10/19/2024","MI",6
"10/26/2024","MI",4
"11/2/2024","MI",21
"11/9/2024","MI",48
"11/16/2024","MI",46
"11/23/2024","MI",67
"11/30/2024","MI",65
"12/7/2024","MI",92
"12/14/2024","MI",171
"12/21/2024","MI",296
"12/28/2024","MI",489
"1/4/2025","MI",644
"1/11/2025","MI",757
"1/18/2025","MI",636
"1/25/2025","MI",1013
"2/1/2025","MI",1376
"2/8/2025","MI",1721
"2/15/2025","MI",1783
"2/22/2025","MI",1799
"3/1/2025","MI",1666
"3/8/2025","MI",1261
"3/15/2025","MI",847
"3/22/2025","MI",945
"3/29/2025","MI",635
"4/5/2025","MI",305
"4/12/2025","MI",252
"4/19/2025","MI",196
"4/26/2025","MI",127
"5/3/2025","MI",117
"5/10/2025","MI",93
"5/17/2025","MI",62
"5/24/2025","MI",51
"5/31/2025","MI",52
"6/7/2025","MI",32
"6/14/2025","MI",34
"6/21/2025","MI",30
"6/28/2025","MI",32
"7/5/2025","MI",19
"7/12/2025","MI",19
"7/19/2025","MI",16
"7/26/2025","MI",21
"8/2/2025","MI",17
"8/9/2025","MI",16
"8/16/2025","MI",21
"8/23/2025","MI",28
"8/30/2025","MI",29
"9/6/2025","MI",26
"9/13/2025","MI",29
"9/20/2025","MI",20
"9/27/2025","MI",22
"10/5/2024","MO",0
"10/12/2024","MO",1
"10/19/2024","MO",2
"10/26/2024","MO",8
"11/2/2024","MO",13
"11/9/2024","MO",30
"11/16/2024","MO",29
"11/23/2024","MO",42
"11/30/2024","MO",41
"12/7/2024","MO",54
"12/14/2024","MO",88
"12/21/2024","MO",250
"12/28/2024","MO",611
"1/4/2025","MO",827
"1/11/2025","MO",647
"1/18/2025","MO",559
"1/25/2025","MO",655
"2/1/2025","MO",1039
"2/8/2025","MO",1335
"2/15/2025","MO",1425
"2/22/2025","MO",1380
"3/1/2025","MO",861
"3/8/2025","MO",693
"3/15/2025","MO",440
"3/22/2025","MO",370
"3/29/2025","MO",189
"4/5/2025","MO",130
"4/12/2025","MO",99
"4/19/2025","MO",100
"4/26/2025","MO",66
"5/3/2025","MO",59
"5/10/2025","MO",49
"5/17/2025","MO",53
"5/24/2025","MO",42
"5/31/2025","MO",44
"6/7/2025","MO",33
"6/14/2025","MO",42
"6/21/2025","MO",39
"6/28/2025","MO",33
"7/5/2025","MO",11
"7/12/2025","MO",12
"7/19/2025","MO",12
"7/26/2025","MO",13
"8/2/2025","MO",8
"8/9/2025","MO",8
"8/16/2025","MO",8
"8/23/2025","MO",12
"8/30/2025","MO",6
"9/6/2025","MO",7
"9/13/2025","MO",12
"9/20/2025","MO",16
"9/27/2025","MO",18
"8/8/2020","ND",NA
"8/15/2020","ND",NA
"8/22/2020","ND",NA
"8/29/2020","ND",NA
"9/5/2020","ND",NA
"9/12/2020","ND",NA
"9/19/2020","ND",NA
"9/26/2020","ND",NA
"10/5/2024","PA",61
"10/12/2024","PA",26
"10/19/2024","PA",6
"10/26/2024","PA",63
"11/2/2024","PA",104
"11/9/2024","PA",142
"11/16/2024","PA",111
"11/23/2024","PA",134
"11/30/2024","PA",116
"12/7/2024","PA",208
"12/14/2024","PA",349
"12/21/2024","PA",630
"12/28/2024","PA",1208
"1/4/2025","PA",2031
"1/11/2025","PA",2059
"1/18/2025","PA",2480
"1/25/2025","PA",3179
"2/1/2025","PA",3852
"2/8/2025","PA",4357
"2/15/2025","PA",4569
"2/22/2025","PA",3747
"3/1/2025","PA",3135
"3/8/2025","PA",2428
"3/15/2025","PA",1646
"3/22/2025","PA",1346
"3/29/2025","PA",958
"4/5/2025","PA",671
"4/12/2025","PA",479
"4/19/2025","PA",417
"4/26/2025","PA",474
"5/3/2025","PA",256
"5/10/2025","PA",262
"5/17/2025","PA",173
"5/24/2025","PA",172
"5/31/2025","PA",187
"6/7/2025","PA",162
"6/14/2025","PA",156
"6/21/2025","PA",153
"6/28/2025","PA",144
"7/5/2025","PA",104
"7/12/2025","PA",127
"7/19/2025","PA",106
"7/26/2025","PA",119
"8/2/2025","PA",92
"8/9/2025","PA",92
"8/16/2025","PA",105
"8/23/2025","PA",100
"8/30/2025","PA",93
"9/6/2025","PA",90
"9/13/2025","PA",120
"9/20/2025","PA",121
"9/27/2025","PA",119
"10/4/2025","SC",17
"10/11/2025","SC",19
"10/18/2025","SC",6
"10/25/2025","SC",6
"11/1/2025","SC",12
"11/8/2025","SC",16
"11/15/2025","SC",20
"11/22/2025","SC",41
"11/29/2025","SC",53
"12/6/2025","SC",86
"12/13/2025","SC",123
"12/20/2025","SC",391
"12/27/2025","SC",856
"1/3/2026","SC",891
"1/10/2026","SC",559
"1/17/2026","SC",300
"1/24/2026","SC",241
"1/31/2026","SC",260
"2/7/2026","SC",255
"2/14/2026","SC",234
"2/21/2026","SC",258
"2/28/2026","SC",184
"3/7/2026","SC",96
"3/14/2026","SC",72
"3/21/2026","SC",53
"3/28/2026","SC",15
"4/4/2026","SC",13
"4/11/2026","SC",11
"4/18/2026","SC",4
"4/25/2026","SC",13
"5/2/2026","SC",15
"5/9/2026","SC",7
"5/16/2026","SC",8
"5/23/2026","SC",11
"5/30/2026","SC",7
"6/6/2026","SC",3
"6/13/2026","SC",8
"6/20/2026","SC",3
"6/27/2026","SC",5
"7/4/2026","SC",5
"7/11/2026","SC",4
"7/18/2026","SC",2
"7/25/2026","SC",7
"8/1/2026","SC",2
"8/8/2026","SC",5
"8/15/2026","SC",1
"8/22/2026","SC",6
"8/29/2026","SC",8
"9/5/2026","SC",6
"9/12/2026","SC",11
"9/19/2026","SC",21
"9/26/2026","SC",30
"10/7/2023","TN",28
"10/14/2023","TN",32
"10/21/2023","TN",43
"10/28/2023","TN",44
"11/4/2023","TN",44
"11/11/2023","TN",47
"11/18/2023","TN",57
"11/25/2023","TN",73
"12/2/2023","TN",98
"12/9/2023","TN",152
"12/16/2023","TN",178
"12/23/2023","TN",294
"12/30/2023","TN",538
"1/6/2024","TN",474
"1/13/2024","TN",390
"1/20/2024","TN",350
"1/27/2024","TN",280
"2/3/2024","TN",223
"2/10/2024","TN",196
"2/17/2024","TN",195
"2/24/2024","TN",201
"3/2/2024","TN",236
"3/9/2024","TN",188
"3/16/2024","TN",129
"3/23/2024","TN",127
"3/30/2024","TN",84
"4/6/2024","TN",102
"4/13/2024","TN",77
"4/20/2024","TN",58
"4/27/2024","TN",51
"5/4/2024","TN",22
"5/11/2024","TN",17
"5/18/2024","TN",21
"5/25/2024","TN",20
"6/1/2024","TN",30
"6/8/2024","TN",17
"6/15/2024","TN",15
"6/22/2024","TN",12
"6/29/2024","TN",7
"7/6/2024","TN",10
"7/13/2024","TN",11
"7/20/2024","TN",10
"7/27/2024","TN",13
"8/3/2024","TN",9
"8/10/2024","TN",9
"8/17/2024","TN",9
"8/24/2024","TN",8
"8/31/2024","TN",11
"9/7/2024","TN",8
"9/14/2024","TN",6
"9/21/2024","TN",2
"9/28/2024","TN",5
"8/8/2020","AR",NA
"8/15/2020","AR",NA
"8/22/2020","AR",NA
"8/29/2020","AR",NA
"9/5/2020","AR",NA
"9/12/2020","AR",NA
"9/19/2020","AR",NA
"9/26/2020","AR",NA
"10/7/2023","CT",4
"10/14/2023","CT",3
"10/21/2023","CT",1
"10/28/2023","CT",7
"11/4/2023","CT",12
"11/11/2023","CT",5
"11/18/2023","CT",22
"11/25/2023","CT",33
"12/2/2023","CT",57
"12/9/2023","CT",74
"12/16/2023","CT",120
"12/23/2023","CT",115
"12/30/2023","CT",194
"1/6/2024","CT",167
"1/13/2024","CT",159
"1/20/2024","CT",128
"1/27/2024","CT",156
"2/3/2024","CT",111
"2/10/2024","CT",142
"2/17/2024","CT",119
"2/24/2024","CT",171
"3/2/2024","CT",212
"3/9/2024","CT",165
"3/16/2024","CT",99
"3/23/2024","CT",83
"3/30/2024","CT",89
"4/6/2024","CT",88
"4/13/2024","CT",62
"4/20/2024","CT",57
"4/27/2024","CT",64
"5/4/2024","CT",34
"5/11/2024","CT",22
"5/18/2024","CT",10
"5/25/2024","CT",6
"6/1/2024","CT",4
"6/8/2024","CT",5
"6/15/2024","CT",2
"6/22/2024","CT",3
"6/29/2024","CT",1
"7/6/2024","CT",7
"7/13/2024","CT",3
"7/20/2024","CT",2
"7/27/2024","CT",1
"8/3/2024","CT",3
"8/10/2024","CT",0
"8/17/2024","CT",2
"8/24/2024","CT",1
"8/31/2024","CT",0
"9/7/2024","CT",2
"9/14/2024","CT",2
"9/21/2024","CT",0
"9/28/2024","CT",0
"10/7/2023","IA",3
"10/14/2023","IA",1
"10/21/2023","IA",4
"10/28/2023","IA",4
"11/4/2023","IA",10
"11/11/2023","IA",13
"11/18/2023","IA",14
"11/25/2023","IA",27
"12/2/2023","IA",44
"12/9/2023","IA",43
"12/16/2023","IA",50
"12/23/2023","IA",90
"12/30/2023","IA",99
"1/6/2024","IA",94
"1/13/2024","IA",84
"1/20/2024","IA",95
"1/27/2024","IA",76
"2/3/2024","IA",107
"2/10/2024","IA",112
"2/17/2024","IA",124
"2/24/2024","IA",157
"3/2/2024","IA",180
"3/9/2024","IA",178
"3/16/2024","IA",115
"3/23/2024","IA",94
"3/30/2024","IA",90
"4/6/2024","IA",82
"4/13/2024","IA",63
"4/20/2024","IA",53
"4/27/2024","IA",22
"5/4/2024","IA",9
"5/11/2024","IA",3
"5/18/2024","IA",3
"5/25/2024","IA",2
"6/1/2024","IA",1
"6/8/2024","IA",0
"6/15/2024","IA",1
"6/22/2024","IA",0
"6/29/2024","IA",1
"7/6/2024","IA",0
"7/13/2024","IA",1
"7/20/2024","IA",0
"7/27/2024","IA",1
"8/3/2024","IA",0
"8/10/2024","IA",0
"8/17/2024","IA",1
"8/24/2024","IA",2
"8/31/2024","IA",2
"9/7/2024","IA",1
"9/14/2024","IA",2
"9/21/2024","IA",0
"9/28/2024","IA",1
"8/8/2020","ID",NA
"8/15/2020","ID",NA
"8/22/2020","ID",NA
"8/29/2020","ID",NA
"9/5/2020","ID",NA
"9/12/2020","ID",NA
"9/19/2020","ID",NA
"9/26/2020","ID",NA
"10/5/2024","KS",0
"10/12/2024","KS",0
"10/19/2024","KS",1
"10/26/2024","KS",3
"11/2/2024","KS",10
"11/9/2024","KS",7
"11/16/2024","KS",11
"11/23/2024","KS",17
"11/30/2024","KS",20
"12/7/2024","KS",36
"12/14/2024","KS",90
"12/21/2024","KS",120
"12/28/2024","KS",225
"1/4/2025","KS",353
"1/11/2025","KS",236
"1/18/2025","KS",200
"1/25/2025","KS",216
"2/1/2025","KS",390
"2/8/2025","KS",483
"2/15/2025","KS",519
"2/22/2025","KS",413
"3/1/2025","KS",308
"3/8/2025","KS",251
"3/15/2025","KS",164
"3/22/2025","KS",120
"3/29/2025","KS",68
"4/5/2025","KS",40
"4/12/2025","KS",29
"4/19/2025","KS",29
"4/26/2025","KS",9
"5/3/2025","KS",6
"5/10/2025","KS",4
"5/17/2025","KS",8
"5/24/2025","KS",11
"5/31/2025","KS",9
"6/7/2025","KS",2
"6/14/2025","KS",1
"6/21/2025","KS",5
"6/28/2025","KS",6
"7/5/2025","KS",3
"7/12/2025","KS",2
"7/19/2025","KS",3
"7/26/2025","KS",3
"8/2/2025","KS",3
"8/9/2025","KS",1
"8/16/2025","KS",0
"8/23/2025","KS",1
"8/30/2025","KS",1
"9/6/2025","KS",3
"9/13/2025","KS",5
"9/20/2025","KS",6
"9/27/2025","KS",7
"10/3/2020","LA",NA
"10/10/2020","LA",NA
"10/17/2020","LA",0
"10/24/2020","LA",0
"10/31/2020","LA",1
"11/7/2020","LA",5
"11/14/2020","LA",23
"11/21/2020","LA",8
"11/28/2020","LA",7
"12/5/2020","LA",9
"12/12/2020","LA",21
"12/19/2020","LA",17
"12/26/2020","LA",17
"1/2/2021","LA",16
"1/9/2021","LA",4
"1/16/2021","LA",5
"1/23/2021","LA",20
"1/30/2021","LA",20
"2/6/2021","LA",12
"2/13/2021","LA",12
"2/20/2021","LA",7
"2/27/2021","LA",19
"3/6/2021","LA",8
"3/13/2021","LA",11
"3/20/2021","LA",1
"3/27/2021","LA",9
"4/3/2021","LA",5
"4/10/2021","LA",9
"4/17/2021","LA",5
"4/24/2021","LA",16
"5/1/2021","LA",5
"5/8/2021","LA",6
"5/15/2021","LA",4
"5/22/2021","LA",6
"5/29/2021","LA",9
"6/5/2021","LA",17
"6/12/2021","LA",14
"6/19/2021","LA",9
"6/26/2021","LA",8
"7/3/2021","LA",9
"7/10/2021","LA",19
"7/17/2021","LA",26
"7/24/2021","LA",2
"7/31/2021","LA",17
"8/7/2021","LA",32
"8/14/2021","LA",18
"8/21/2021","LA",2
"8/28/2021","LA",11
"9/4/2021","LA",10
"9/11/2021","LA",3
"9/18/2021","LA",4
"9/25/2021","LA",6
"10/2/2021","LA",17
"10/8/2022","MD",17
"10/15/2022","MD",27
"10/22/2022","MD",43
"10/29/2022","MD",105
"11/5/2022","MD",156
"11/12/2022","MD",214
"11/19/2022","MD",210
"11/26/2022","MD",308
"12/3/2022","MD",411
"12/10/2022","MD",325
"12/17/2022","MD",261
"12/24/2022","MD",231
"12/31/2022","MD",225
"1/7/2023","MD",157
"1/14/2023","MD",101
"1/21/2023","MD",67
"1/28/2023","MD",39
"2/4/2023","MD",51
"2/11/2023","MD",41
"2/18/2023","MD",26
"2/25/2023","MD",26
"3/4/2023","MD",13
"3/11/2023","MD",16
"3/18/2023","MD",10
"3/25/2023","MD",21
"4/1/2023","MD",9
"4/8/2023","MD",12
"4/15/2023","MD",13
"4/22/2023","MD",10
"4/29/2023","MD",10
"5/6/2023","MD",15
"5/13/2023","MD",11
"5/20/2023","MD",5
"5/27/2023","MD",6
"6/3/2023","MD",8
"6/10/2023","MD",5
"6/17/2023","MD",2
"6/24/2023","MD",8
"7/1/2023","MD",0
"7/8/2023","MD",3
"7/15/2023","MD",5
"7/22/2023","MD",4
"7/29/2023","MD",14
"8/5/2023","MD",7
"8/12/2023","MD",5
"8/19/2023","MD",6
"8/26/2023","MD",3
"9/2/2023","MD",5
"9/9/2023","MD",5
"9/16/2023","MD",2
"9/23/2023","MD",6
"9/30/2023","MD",4
"10/8/2022","MN",12
"10/15/2022","MN",3
"10/22/2022","MN",14
"10/29/2022","MN",36
"11/5/2022","MN",83
"11/12/2022","MN",163
"11/19/2022","MN",243
"11/26/2022","MN",381
"12/3/2022","MN",443
"12/10/2022","MN",345
"12/17/2022","MN",247
"12/24/2022","MN",162
"12/31/2022","MN",176
"1/7/2023","MN",80
"1/14/2023","MN",47
"1/21/2023","MN",29
"1/28/2023","MN",18
"2/4/2023","MN",16
"2/11/2023","MN",7
"2/18/2023","MN",9
"2/25/2023","MN",6
"3/4/2023","MN",7
"3/11/2023","MN",5
"3/18/2023","MN",6
"3/25/2023","MN",4
"4/1/2023","MN",10
"4/8/2023","MN",12
"4/15/2023","MN",12
"4/22/2023","MN",8
"4/29/2023","MN",12
"5/6/2023","MN",19
"5/13/2023","MN",13
"5/20/2023","MN",8
"5/27/2023","MN",3
"6/3/2023","MN",1
"6/10/2023","MN",5
"6/17/2023","MN",8
"6/24/2023","MN",2
"7/1/2023","MN",0
"7/8/2023","MN",1
"7/15/2023","MN",0
"7/22/2023","MN",0
"7/29/2023","MN",3
"8/5/2023","MN",2
"8/12/2023","MN",0
"8/19/2023","MN",0
"8/26/2023","MN",3
"9/2/2023","MN",0
"9/9/2023","MN",0
"9/16/2023","MN",1
"9/23/2023","MN",3
"9/30/2023","MN",2
"10/4/2025","MN",0
"10/11/2025","MN",7
"10/18/2025","MN",1
"10/25/2025","MN",5
"11/1/2025","MN",4
"11/8/2025","MN",9
"11/15/2025","MN",17
"11/22/2025","MN",34
"11/29/2025","MN",74
"12/6/2025","MN",105
"12/13/2025","MN",257
"12/20/2025","MN",542
"12/27/2025","MN",944
"1/3/2026","MN",1063
"1/10/2026","MN",705
"1/17/2026","MN",415
"1/24/2026","MN",329
"1/31/2026","MN",211
"2/7/2026","MN",183
"2/14/2026","MN",200
"2/21/2026","MN",196
"2/28/2026","MN",136
"3/7/2026","MN",157
"3/14/2026","MN",130
"3/21/2026","MN",114
"3/28/2026","MN",36
"4/4/2026","MN",33
"4/11/2026","MN",25
"4/18/2026","MN",23
"4/25/2026","MN",22
"5/2/2026","MN",34
"5/9/2026","MN",16
"5/16/2026","MN",18
"5/23/2026","MN",11
"5/30/2026","MN",8
"6/6/2026","MN",6
"6/13/2026","MN",3
"6/20/2026","MN",1
"6/27/2026","MN",3
"7/4/2026","MN",3
"7/11/2026","MN",4
"7/18/2026","MN",3
"7/25/2026","MN",2
"8/1/2026","MN",2
"8/8/2026","MN",0
"8/15/2026","MN",3
"8/22/2026","MN",4
"8/29/2026","MN",7
"9/5/2026","MN",10
"9/12/2026","MN",15
"9/19/2026","MN",18
"9/26/2026","MN",21
"10/3/2020","MO",NA
"10/10/2020","MO",NA
"10/17/2020","MO",0
"10/24/2020","MO",8
"10/31/2020","MO",2
"11/7/2020","MO",8
"11/14/2020","MO",11
"11/21/2020","MO",8
"11/28/2020","MO",16
"12/5/2020","MO",15
"12/12/2020","MO",7
"12/19/2020","MO",17
"12/26/2020","MO",10
"1/2/2021","MO",6
"1/9/2021","MO",13
"1/16/2021","MO",8
"1/23/2021","MO",9
"1/30/2021","MO",6
"2/6/2021","MO",7
"2/13/2021","MO",4
"2/20/2021","MO",13
"2/27/2021","MO",15
"3/6/2021","MO",5
"3/13/2021","MO",2
"3/20/2021","MO",2
"3/27/2021","MO",2
"4/3/2021","MO",3
"4/10/2021","MO",4
"4/17/2021","MO",0
"4/24/2021","MO",3
"5/1/2021","MO",7
"5/8/2021","MO",3
"5/15/2021","MO",1
"5/22/2021","MO",2
"5/29/2021","MO",3
"6/5/2021","MO",0
"6/12/2021","MO",0
"6/19/2021","MO",0
"6/26/2021","MO",2
"7/3/2021","MO",1
"7/10/2021","MO",3
"7/17/2021","MO",1
"7/24/2021","MO",4
"7/31/2021","MO",2
"8/7/2021","MO",2
"8/14/2021","MO",2
"8/21/2021","MO",4
"8/28/2021","MO",4
"9/4/2021","MO",2
"9/11/2021","MO",2
"9/18/2021","MO",1
"9/25/2021","MO",2
"10/2/2021","MO",6
"10/4/2025","MT",6
"10/11/2025","MT",2
"10/18/2025","MT",5
"10/25/2025","MT",6
"11/1/2025","MT",1
"11/8/2025","MT",1
"11/15/2025","MT",7
"11/22/2025","MT",4
"11/29/2025","MT",13
"12/6/2025","MT",16
"12/13/2025","MT",24
"12/20/2025","MT",40
"12/27/2025","MT",122
"1/3/2026","MT",151
"1/10/2026","MT",123
"1/17/2026","MT",82
"1/24/2026","MT",64
"1/31/2026","MT",79
"2/7/2026","MT",84
"2/14/2026","MT",92
"2/21/2026","MT",53
"2/28/2026","MT",47
"3/7/2026","MT",38
"3/14/2026","MT",51
"3/21/2026","MT",34
"3/28/2026","MT",13
"4/4/2026","MT",14
"4/11/2026","MT",9
"4/18/2026","MT",5
"4/25/2026","MT",4
"5/2/2026","MT",0
"5/9/2026","MT",8
"5/16/2026","MT",2
"5/23/2026","MT",2
"5/30/2026","MT",1
"6/6/2026","MT",0
"6/13/2026","MT",5
"6/20/2026","MT",6
"6/27/2026","MT",1
"7/4/2026","MT",1
"7/11/2026","MT",1
"7/18/2026","MT",0
"7/25/2026","MT",0
"8/1/2026","MT",0
"8/8/2026","MT",0
"8/15/2026","MT",1
"8/22/2026","MT",2
"8/29/2026","MT",4
"9/5/2026","MT",4
"9/12/2026","MT",18
"9/19/2026","MT",6
"9/26/2026","MT",29
"10/5/2024","RI",0
"10/12/2024","RI",0
"10/19/2024","RI",0
"10/26/2024","RI",0
"11/2/2024","RI",2
"11/9/2024","RI",3
"11/16/2024","RI",0
"11/23/2024","RI",2
"11/30/2024","RI",6
"12/7/2024","RI",10
"12/14/2024","RI",28
"12/21/2024","RI",29
"12/28/2024","RI",65
"1/4/2025","RI",93
"1/11/2025","RI",69
"1/18/2025","RI",107
"1/25/2025","RI",114
"2/1/2025","RI",173
"2/8/2025","RI",202
"2/15/2025","RI",180
"2/22/2025","RI",160
"3/1/2025","RI",107
"3/8/2025","RI",79
"3/15/2025","RI",68
"3/22/2025","RI",43
"3/29/2025","RI",26
"4/5/2025","RI",25
"4/12/2025","RI",22
"4/19/2025","RI",17
"4/26/2025","RI",4
"5/3/2025","RI",8
"5/10/2025","RI",3
"5/17/2025","RI",2
"5/24/2025","RI",2
"5/31/2025","RI",2
"6/7/2025","RI",3
"6/14/2025","RI",0
"6/21/2025","RI",0
"6/28/2025","RI",0
"7/5/2025","RI",0
"7/12/2025","RI",1
"7/19/2025","RI",0
"7/26/2025","RI",0
"8/2/2025","RI",1
"8/9/2025","RI",2
"8/16/2025","RI",1
"8/23/2025","RI",1
"8/30/2025","RI",0
"9/6/2025","RI",0
"9/13/2025","RI",0
"9/20/2025","RI",3
"9/27/2025","RI",4
"10/9/2021","TX",20
"10/16/2021","TX",13
"10/23/2021","TX",6
"10/30/2021","TX",15
"11/6/2021","TX",18
"11/13/2021","TX",20
"11/20/2021","TX",23
"11/27/2021","TX",18
"12/4/2021","TX",35
"12/11/2021","TX",34
"12/18/2021","TX",54
"12/25/2021","TX",55
"1/1/2022","TX",75
"1/8/2022","TX",73
"1/15/2022","TX",49
"1/22/2022","TX",61
"1/29/2022","TX",55
"2/5/2022","TX",86
"2/12/2022","TX",131
"2/19/2022","TX",226
"2/26/2022","TX",323
"3/5/2022","TX",305
"3/12/2022","TX",405
"3/19/2022","TX",589
"3/26/2022","TX",594
"4/2/2022","TX",519
"4/9/2022","TX",338
"4/16/2022","TX",319
"4/23/2022","TX",407
"4/30/2022","TX",168
"5/7/2022","TX",128
"5/14/2022","TX",142
"5/21/2022","TX",128
"5/28/2022","TX",115
"6/4/2022","TX",88
"6/11/2022","TX",76
"6/18/2022","TX",110
"6/25/2022","TX",92
"7/2/2022","TX",80
"7/9/2022","TX",56
"7/16/2022","TX",83
"7/23/2022","TX",81
"7/30/2022","TX",62
"8/6/2022","TX",60
"8/13/2022","TX",64
"8/20/2022","TX",89
"8/27/2022","TX",71
"9/3/2022","TX",95
"9/10/2022","TX",105
"9/17/2022","TX",123
"9/24/2022","TX",215
"10/1/2022","TX",127
"10/3/2020","WA",NA
"10/10/2020","WA",NA
"10/17/2020","WA",0
"10/24/2020","WA",0
"10/31/2020","WA",0
"11/7/2020","WA",0
"11/14/2020","WA",2
"11/21/2020","WA",2
"11/28/2020","WA",3
"12/5/2020","WA",3
"12/12/2020","WA",3
"12/19/2020","WA",1
"12/26/2020","WA",3
"1/2/2021","WA",0
"1/9/2021","WA",2
"1/16/2021","WA",0
"1/23/2021","WA",0
"1/30/2021","WA",0
"2/6/2021","WA",0
"2/13/2021","WA",1
"2/20/2021","WA",2
"2/27/2021","WA",3
"3/6/2021","WA",5
"3/13/2021","WA",1
"3/20/2021","WA",3
"3/27/2021","WA",1
"4/3/2021","WA",1
"4/10/2021","WA",1
"4/17/2021","WA",0
"4/24/2021","WA",2
"5/1/2021","WA",0
"5/8/2021","WA",2
"5/15/2021","WA",5
"5/22/2021","WA",3
"5/29/2021","WA",0
"6/5/2021","WA",0
"6/12/2021","WA",0
"6/19/2021","WA",0
"6/26/2021","WA",0
"7/3/2021","WA",0
"7/10/2021","WA",0
"7/17/2021","WA",0
"7/24/2021","WA",1
"7/31/2021","WA",0
"8/7/2021","WA",1
"8/14/2021","WA",0
"8/21/2021","WA",1
"8/28/2021","WA",0
"9/4/2021","WA",0
"9/11/2021","WA",0
"9/18/2021","WA",0
"9/25/2021","WA",1
"10/2/2021","WA",3
"10/5/2024","WV",NA
"10/12/2024","WV",0
"10/19/2024","WV",0
"10/26/2024","WV",0
"11/2/2024","WV",0
"11/9/2024","WV",6
"11/16/2024","WV",4
"11/23/2024","WV",4
"11/30/2024","WV",3
"12/7/2024","WV",13
"12/14/2024","WV",21
"12/21/2024","WV",37
"12/28/2024","WV",108
"1/4/2025","WV",199
"1/11/2025","WV",144
"1/18/2025","WV",133
"1/25/2025","WV",160
"2/1/2025","WV",267
"2/8/2025","WV",458
"2/15/2025","WV",617
"2/22/2025","WV",640
"3/1/2025","WV",511
"3/8/2025","WV",458
"3/15/2025","WV",347
"3/22/2025","WV",275
"3/29/2025","WV",168
"4/5/2025","WV",102
"4/12/2025","WV",47
"4/19/2025","WV",26
"4/26/2025","WV",18
"5/3/2025","WV",10
"5/10/2025","WV",6
"5/17/2025","WV",5
"5/24/2025","WV",1
"5/31/2025","WV",1
"6/7/2025","WV",7
"6/14/2025","WV",0
"6/21/2025","WV",2
"6/28/2025","WV",1
"7/5/2025","WV",1
"7/12/2025","WV",3
"7/19/2025","WV",0
"7/26/2025","WV",0
"8/2/2025","WV",1
"8/9/2025","WV",2
"8/16/2025","WV",0
"8/23/2025","WV",0
"8/30/2025","WV",0
"9/6/2025","WV",0
"9/13/2025","WV",1
"9/20/2025","WV",0
"9/27/2025","WV",2
"10/7/2023","AK",10
"10/14/2023","AK",14
"10/21/2023","AK",21
"10/28/2023","AK",30
"11/4/2023","AK",33
"11/11/2023","AK",39
"11/18/2023","AK",17
"11/25/2023","AK",14
"12/2/2023","AK",15
"12/9/2023","AK",14
"12/16/2023","AK",4
"12/23/2023","AK",5
"12/30/2023","AK",4
"1/6/2024","AK",5
"1/13/2024","AK",6
"1/20/2024","AK",9
"1/27/2024","AK",7
"2/3/2024","AK",8
"2/10/2024","AK",11
"2/17/2024","AK",2
"2/24/2024","AK",4
"3/2/2024","AK",11
"3/9/2024","AK",5
"3/16/2024","AK",9
"3/23/2024","AK",10
"3/30/2024","AK",8
"4/6/2024","AK",7
"4/13/2024","AK",4
"4/20/2024","AK",2
"4/27/2024","AK",5
"5/4/2024","AK",3
"5/11/2024","AK",6
"5/18/2024","AK",1
"5/25/2024","AK",2
"6/1/2024","AK",3
"6/8/2024","AK",3
"6/15/2024","AK",3
"6/22/2024","AK",6
"6/29/2024","AK",3
"7/6/2024","AK",1
"7/13/2024","AK",1
"7/20/2024","AK",3
"7/27/2024","AK",1
"8/3/2024","AK",0
"8/10/2024","AK",0
"8/17/2024","AK",4
"8/24/2024","AK",0
"8/31/2024","AK",0
"9/7/2024","AK",1
"9/14/2024","AK",2
"9/21/2024","AK",3
"9/28/2024","AK",0
"10/5/2024","AL",0
"10/12/2024","AL",2
"10/19/2024","AL",6
"10/26/2024","AL",9
"11/2/2024","AL",13
"11/9/2024","AL",32
"11/16/2024","AL",44
"11/23/2024","AL",50
"11/30/2024","AL",65
"12/7/2024","AL",102
"12/14/2024","AL",193
"12/21/2024","AL",431
"12/28/2024","AL",661
"1/4/2025","AL",684
"1/11/2025","AL",473
"1/18/2025","AL",487
"1/25/2025","AL",625
"2/1/2025","AL",734
"2/8/2025","AL",659
"2/15/2025","AL",415
"2/22/2025","AL",286
"3/1/2025","AL",329
"3/8/2025","AL",314
"3/15/2025","AL",272
"3/22/2025","AL",192
"3/29/2025","AL",169
"4/5/2025","AL",85
"4/12/2025","AL",54
"4/19/2025","AL",49
"4/26/2025","AL",35
"5/3/2025","AL",27
"5/10/2025","AL",33
"5/17/2025","AL",37
"5/24/2025","AL",28
"5/31/2025","AL",11
"6/7/2025","AL",14
"6/14/2025","AL",18
"6/21/2025","AL",22
"6/28/2025","AL",27
"7/5/2025","AL",15
"7/12/2025","AL",11
"7/19/2025","AL",13
"7/26/2025","AL",16
"8/2/2025","AL",19
"8/9/2025","AL",17
"8/16/2025","AL",27
"8/23/2025","AL",24
"8/30/2025","AL",29
"9/6/2025","AL",23
"9/13/2025","AL",31
"9/20/2025","AL",15
"9/27/2025","AL",18
"10/7/2023","AZ",16
"10/14/2023","AZ",21
"10/21/2023","AZ",52
"10/28/2023","AZ",49
"11/4/2023","AZ",51
"11/11/2023","AZ",132
"11/18/2023","AZ",187
"11/25/2023","AZ",209
"12/2/2023","AZ",276
"12/9/2023","AZ",388
"12/16/2023","AZ",602
"12/23/2023","AZ",946
"12/30/2023","AZ",1106
"1/6/2024","AZ",907
"1/13/2024","AZ",716
"1/20/2024","AZ",682
"1/27/2024","AZ",616
"2/3/2024","AZ",343
"2/10/2024","AZ",183
"2/17/2024","AZ",204
"2/24/2024","AZ",204
"3/2/2024","AZ",182
"3/9/2024","AZ",125
"3/16/2024","AZ",134
"3/23/2024","AZ",106
"3/30/2024","AZ",97
"4/6/2024","AZ",81
"4/13/2024","AZ",85
"4/20/2024","AZ",79
"4/27/2024","AZ",105
"5/4/2024","AZ",75
"5/11/2024","AZ",73
"5/18/2024","AZ",66
"5/25/2024","AZ",66
"6/1/2024","AZ",68
"6/8/2024","AZ",53
"6/15/2024","AZ",69
"6/22/2024","AZ",44
"6/29/2024","AZ",23
"7/6/2024","AZ",29
"7/13/2024","AZ",29
"7/20/2024","AZ",16
"7/27/2024","AZ",12
"8/3/2024","AZ",10
"8/10/2024","AZ",25
"8/17/2024","AZ",17
"8/24/2024","AZ",25
"8/31/2024","AZ",26
"9/7/2024","AZ",14
"9/14/2024","AZ",24
"9/21/2024","AZ",18
"9/28/2024","AZ",14
"10/4/2025","AZ",19
"10/11/2025","AZ",9
"10/18/2025","AZ",12
"10/25/2025","AZ",15
"11/1/2025","AZ",11
"11/8/2025","AZ",17
"11/15/2025","AZ",18
"11/22/2025","AZ",47
"11/29/2025","AZ",47
"12/6/2025","AZ",41
"12/13/2025","AZ",80
"12/20/2025","AZ",132
"12/27/2025","AZ",316
"1/3/2026","AZ",362
"1/10/2026","AZ",224
"1/17/2026","AZ",145
"1/24/2026","AZ",199
"1/31/2026","AZ",264
"2/7/2026","AZ",347
"2/14/2026","AZ",415
"2/21/2026","AZ",354
"2/28/2026","AZ",284
"3/7/2026","AZ",237
"3/14/2026","AZ",196
"3/21/2026","AZ",136
"3/28/2026","AZ",125
"4/4/2026","AZ",74
"4/11/2026","AZ",67
"4/18/2026","AZ",61
"4/25/2026","AZ",69
"5/2/2026","AZ",71
"5/9/2026","AZ",51
"5/16/2026","AZ",63
"5/23/2026","AZ",54
"5/30/2026","AZ",51
"6/6/2026","AZ",45
"6/13/2026","AZ",22
"6/20/2026","AZ",19
"6/27/2026","AZ",14
"7/4/2026","AZ",17
"7/11/2026","AZ",19
"7/18/2026","AZ",10
"7/25/2026","AZ",13
"8/1/2026","AZ",6
"8/8/2026","AZ",7
"8/15/2026","AZ",5
"8/22/2026","AZ",6
"8/29/2026","AZ",15
"9/5/2026","AZ",15
"9/12/2026","AZ",19
"9/19/2026","AZ",31
"9/26/2026","AZ",28
"8/8/2020","KY",NA
"8/15/2020","KY",NA
"8/22/2020","KY",NA
"8/29/2020","KY",NA
"9/5/2020","KY",NA
"9/12/2020","KY",NA
"9/19/2020","KY",NA
"9/26/2020","KY",NA
"10/7/2023","KY",12
"10/14/2023","KY",23
"10/21/2023","KY",20
"10/28/2023","KY",23
"11/4/2023","KY",21
"11/11/2023","KY",33
"11/18/2023","KY",18
"11/25/2023","KY",37
"12/2/2023","KY",59
"12/9/2023","KY",48
"12/16/2023","KY",86
"12/23/2023","KY",137
"12/30/2023","KY",261
"1/6/2024","KY",296
"1/13/2024","KY",240
"1/20/2024","KY",197
"1/27/2024","KY",251
"2/3/2024","KY",225
"2/10/2024","KY",284
"2/17/2024","KY",282
"2/24/2024","KY",279
"3/2/2024","KY",280
"3/9/2024","KY",190
"3/16/2024","KY",142
"3/23/2024","KY",129
"3/30/2024","KY",120
"4/6/2024","KY",102
"4/13/2024","KY",67
"4/20/2024","KY",46
"4/27/2024","KY",25
"5/4/2024","KY",10
"5/11/2024","KY",3
"5/18/2024","KY",5
"5/25/2024","KY",3
"6/1/2024","KY",5
"6/8/2024","KY",7
"6/15/2024","KY",3
"6/22/2024","KY",1
"6/29/2024","KY",1
"7/6/2024","KY",2
"7/13/2024","KY",0
"7/20/2024","KY",0
"7/27/2024","KY",0
"8/3/2024","KY",0
"8/10/2024","KY",0
"8/17/2024","KY",3
"8/24/2024","KY",3
"8/31/2024","KY",0
"9/7/2024","KY",0
"9/14/2024","KY",0
"9/21/2024","KY",2
"9/28/2024","KY",1
"10/8/2022","MA",6
"10/15/2022","MA",7
"10/22/2022","MA",9
"10/29/2022","MA",15
"11/5/2022","MA",30
"11/12/2022","MA",41
"11/19/2022","MA",73
"11/26/2022","MA",175
"12/3/2022","MA",451
"12/10/2022","MA",544
"12/17/2022","MA",659
"12/24/2022","MA",760
"12/31/2022","MA",765
"1/7/2023","MA",489
"1/14/2023","MA",251
"1/21/2023","MA",131
"1/28/2023","MA",76
"2/4/2023","MA",58
"2/11/2023","MA",59
"2/18/2023","MA",39
"2/25/2023","MA",21
"3/4/2023","MA",15
"3/11/2023","MA",18
"3/18/2023","MA",20
"3/25/2023","MA",19
"4/1/2023","MA",13
"4/8/2023","MA",11
"4/15/2023","MA",10
"4/22/2023","MA",9
"4/29/2023","MA",9
"5/6/2023","MA",10
"5/13/2023","MA",18
"5/20/2023","MA",13
"5/27/2023","MA",10
"6/3/2023","MA",9
"6/10/2023","MA",11
"6/17/2023","MA",12
"6/24/2023","MA",4
"7/1/2023","MA",7
"7/8/2023","MA",3
"7/15/2023","MA",7
"7/22/2023","MA",10
"7/29/2023","MA",4
"8/5/2023","MA",6
"8/12/2023","MA",10
"8/19/2023","MA",6
"8/26/2023","MA",8
"9/2/2023","MA",17
"9/9/2023","MA",8
"9/16/2023","MA",5
"9/23/2023","MA",10
"9/30/2023","MA",8
"8/8/2020","MN",NA
"8/15/2020","MN",NA
"8/22/2020","MN",NA
"8/29/2020","MN",NA
"9/5/2020","MN",NA
"9/12/2020","MN",NA
"9/19/2020","MN",NA
"9/26/2020","MN",NA
"10/3/2020","ND",NA
"10/10/2020","ND",NA
"10/17/2020","ND",NA
"10/24/2020","ND",2
"10/31/2020","ND",0
"11/7/2020","ND",1
"11/14/2020","ND",2
"11/21/2020","ND",0
"11/28/2020","ND",1
"12/5/2020","ND",4
"12/12/2020","ND",2
"12/19/2020","ND",0
"12/26/2020","ND",2
"1/2/2021","ND",0
"1/9/2021","ND",1
"1/16/2021","ND",2
"1/23/2021","ND",0
"1/30/2021","ND",1
"2/6/2021","ND",0
"2/13/2021","ND",0
"2/20/2021","ND",0
"2/27/2021","ND",0
"3/6/2021","ND",0
"3/13/2021","ND",0
"3/20/2021","ND",0
"3/27/2021","ND",0
"4/3/2021","ND",0
"4/10/2021","ND",1
"4/17/2021","ND",0
"4/24/2021","ND",0
"5/1/2021","ND",0
"5/8/2021","ND",0
"5/15/2021","ND",1
"5/22/2021","ND",0
"5/29/2021","ND",10
"6/5/2021","ND",0
"6/12/2021","ND",0
"6/19/2021","ND",1
"6/26/2021","ND",2
"7/3/2021","ND",1
"7/10/2021","ND",4
"7/17/2021","ND",2
"7/24/2021","ND",1
"7/31/2021","ND",2
"8/7/2021","ND",4
"8/14/2021","ND",3
"8/21/2021","ND",1
"8/28/2021","ND",3
"9/4/2021","ND",2
"9/11/2021","ND",7
"9/18/2021","ND",2
"9/25/2021","ND",1
"10/2/2021","ND",0
"8/8/2020","NE",NA
"8/15/2020","NE",NA
"8/22/2020","NE",NA
"8/29/2020","NE",NA
"9/5/2020","NE",NA
"9/12/2020","NE",NA
"9/19/2020","NE",NA
"9/26/2020","NE",0
"8/8/2020","NH",NA
"8/15/2020","NH",NA
"8/22/2020","NH",NA
"8/29/2020","NH",NA
"9/5/2020","NH",NA
"9/12/2020","NH",NA
"9/19/2020","NH",NA
"9/26/2020","NH",NA
"10/9/2021","NV",66
"10/16/2021","NV",7
"10/23/2021","NV",2
"10/30/2021","NV",1
"11/6/2021","NV",4
"11/13/2021","NV",5
"11/20/2021","NV",20
"11/27/2021","NV",10
"12/4/2021","NV",7
"12/11/2021","NV",8
"12/18/2021","NV",7
"12/25/2021","NV",11
"1/1/2022","NV",7
"1/8/2022","NV",18
"1/15/2022","NV",44
"1/22/2022","NV",5
"1/29/2022","NV",11
"2/5/2022","NV",4
"2/12/2022","NV",8
"2/19/2022","NV",9
"2/26/2022","NV",9
"3/5/2022","NV",24
"3/12/2022","NV",33
"3/19/2022","NV",41
"3/26/2022","NV",53
"4/2/2022","NV",68
"4/9/2022","NV",110
"4/16/2022","NV",88
"4/23/2022","NV",84
"4/30/2022","NV",59
"5/7/2022","NV",59
"5/14/2022","NV",79
"5/21/2022","NV",99
"5/28/2022","NV",93
"6/4/2022","NV",71
"6/11/2022","NV",89
"6/18/2022","NV",62
"6/25/2022","NV",36
"7/2/2022","NV",24
"7/9/2022","NV",20
"7/16/2022","NV",18
"7/23/2022","NV",4
"7/30/2022","NV",5
"8/6/2022","NV",1
"8/13/2022","NV",0
"8/20/2022","NV",1
"8/27/2022","NV",5
"9/3/2022","NV",7
"9/10/2022","NV",1
"9/17/2022","NV",8
"9/24/2022","NV",11
"10/1/2022","NV",15
"8/8/2020","SD",NA
"8/15/2020","SD",NA
"8/22/2020","SD",NA
"8/29/2020","SD",NA
"9/5/2020","SD",NA
"9/12/2020","SD",NA
"9/19/2020","SD",NA
"9/26/2020","SD",NA
"10/9/2021","VT",0
"10/16/2021","VT",0
"10/23/2021","VT",0
"10/30/2021","VT",0
"11/6/2021","VT",0
"11/13/2021","VT",0
"11/20/2021","VT",0
"11/27/2021","VT",0
"12/4/2021","VT",1
"12/11/2021","VT",0
"12/18/2021","VT",0
"12/25/2021","VT",0
"1/1/2022","VT",1
"1/8/2022","VT",0
"1/15/2022","VT",1
"1/22/2022","VT",0
"1/29/2022","VT",0
"2/5/2022","VT",0
"2/12/2022","VT",0
"2/19/2022","VT",0
"2/26/2022","VT",1
"3/5/2022","VT",0
"3/12/2022","VT",0
"3/19/2022","VT",0
"3/26/2022","VT",8
"4/2/2022","VT",9
"4/9/2022","VT",14
"4/16/2022","VT",12
"4/23/2022","VT",12
"4/30/2022","VT",6
"5/7/2022","VT",7
"5/14/2022","VT",3
"5/21/2022","VT",0
"5/28/2022","VT",2
"6/4/2022","VT",0
"6/11/2022","VT",5
"6/18/2022","VT",2
"6/25/2022","VT",0
"7/2/2022","VT",3
"7/9/2022","VT",1
"7/16/2022","VT",1
"7/23/2022","VT",0
"7/30/2022","VT",0
"8/6/2022","VT",0
"8/13/2022","VT",0
"8/20/2022","VT",0
"8/27/2022","VT",0
"9/3/2022","VT",1
"9/10/2022","VT",0
"9/17/2022","VT",0
"9/24/2022","VT",0
"10/1/2022","VT",0
"10/8/2022","WI",1
"10/15/2022","WI",2
"10/22/2022","WI",11
"10/29/2022","WI",15
"11/5/2022","WI",33
"11/12/2022","WI",45
"11/19/2022","WI",88
"11/26/2022","WI",235
"12/3/2022","WI",459
"12/10/2022","WI",479
"12/17/2022","WI",483
"12/24/2022","WI",458
"12/31/2022","WI",484
"1/7/2023","WI",332
"1/14/2023","WI",171
"1/21/2023","WI",108
"1/28/2023","WI",51
"2/4/2023","WI",22
"2/11/2023","WI",23
"2/18/2023","WI",11
"2/25/2023","WI",6
"3/4/2023","WI",7
"3/11/2023","WI",10
"3/18/2023","WI",6
"3/25/2023","WI",9
"4/1/2023","WI",4
"4/8/2023","WI",10
"4/15/2023","WI",9
"4/22/2023","WI",5
"4/29/2023","WI",0
"5/6/2023","WI",7
"5/13/2023","WI",5
"5/20/2023","WI",2
"5/27/2023","WI",2
"6/3/2023","WI",7
"6/10/2023","WI",11
"6/17/2023","WI",4
"6/24/2023","WI",1
"7/1/2023","WI",5
"7/8/2023","WI",4
"7/15/2023","WI",8
"7/22/2023","WI",9
"7/29/2023","WI",2
"8/5/2023","WI",1
"8/12/2023","WI",5
"8/19/2023","WI",2
"8/26/2023","WI",1
"9/2/2023","WI",2
"9/9/2023","WI",1
"9/16/2023","WI",3
"9/23/2023","WI",0
"9/30/2023","WI",9
"10/5/2024","WI",1
"10/12/2024","WI",0
"10/19/2024","WI",7
"10/26/2024","WI",7
"11/2/2024","WI",5
"11/9/2024","WI",12
"11/16/2024","WI",6
"11/23/2024","WI",18
"11/30/2024","WI",12
"12/7/2024","WI",27
"12/14/2024","WI",66
"12/21/2024","WI",120
"12/28/2024","WI",253
"1/4/2025","WI",389
"1/11/2025","WI",388
"1/18/2025","WI",593
"1/25/2025","WI",857
"2/1/2025","WI",1068
"2/8/2025","WI",1153
"2/15/2025","WI",1107
"2/22/2025","WI",892
"3/1/2025","WI",783
"3/8/2025","WI",501
"3/15/2025","WI",326
"3/22/2025","WI",186
"3/29/2025","WI",136
"4/5/2025","WI",77
"4/12/2025","WI",66
"4/19/2025","WI",40
"4/26/2025","WI",33
"5/3/2025","WI",30
"5/10/2025","WI",27
"5/17/2025","WI",15
"5/24/2025","WI",10
"5/31/2025","WI",4
"6/7/2025","WI",2
"6/14/2025","WI",4
"6/21/2025","WI",6
"6/28/2025","WI",3
"7/5/2025","WI",2
"7/12/2025","WI",1
"7/19/2025","WI",7
"7/26/2025","WI",3
"8/2/2025","WI",5
"8/9/2025","WI",3
"8/16/2025","WI",1
"8/23/2025","WI",4
"8/30/2025","WI",4
"9/6/2025","WI",10
"9/13/2025","WI",8
"9/20/2025","WI",4
"9/27/2025","WI",7
"10/3/2020","WY",NA
"10/10/2020","WY",NA
"10/17/2020","WY",0
"10/24/2020","WY",0
"10/31/2020","WY",1
"11/7/2020","WY",0
"11/14/2020","WY",0
"11/21/2020","WY",0
"11/28/2020","WY",0
"12/5/2020","WY",0
"12/12/2020","WY",0
"12/19/2020","WY",0
"12/26/2020","WY",0
"1/2/2021","WY",0
"1/9/2021","WY",0
"1/16/2021","WY",12
"1/23/2021","WY",0
"1/30/2021","WY",0
"2/6/2021","WY",0
"2/13/2021","WY",0
"2/20/2021","WY",0
"2/27/2021","WY",0
"3/6/2021","WY",0
"3/13/2021","WY",1
"3/20/2021","WY",1
"3/27/2021","WY",3
"4/3/2021","WY",0
"4/10/2021","WY",0
"4/17/2021","WY",0
"4/24/2021","WY",0
"5/1/2021","WY",0
"5/8/2021","WY",1
"5/15/2021","WY",0
"5/22/2021","WY",2
"5/29/2021","WY",0
"6/5/2021","WY",0
"6/12/2021","WY",8
"6/19/2021","WY",4
"6/26/2021","WY",0
"7/3/2021","WY",0
"7/10/2021","WY",0
"7/17/2021","WY",0
"7/24/2021","WY",0
"7/31/2021","WY",0
"8/7/2021","WY",0
"8/14/2021","WY",0
"8/21/2021","WY",0
"8/28/2021","WY",0
"9/4/2021","WY",0
"9/11/2021","WY",0
"9/18/2021","WY",0
"9/25/2021","WY",0
"10/2/2021","WY",0
"8/8/2020","CT",NA
"8/15/2020","CT",NA
"8/22/2020","CT",NA
"8/29/2020","CT",NA
"9/5/2020","CT",NA
"9/12/2020","CT",NA
"9/19/2020","CT",NA
"9/26/2020","CT",0
"10/4/2025","FL",142
"10/11/2025","FL",173
"10/18/2025","FL",199
"10/25/2025","FL",221
"11/1/2025","FL",239
"11/8/2025","FL",304
"11/15/2025","FL",393
"11/22/2025","FL",623
"11/29/2025","FL",738
"12/6/2025","FL",890
"12/13/2025","FL",929
"12/20/2025","FL",1557
"12/27/2025","FL",2220
"1/3/2026","FL",2657
"1/10/2026","FL",2526
"1/17/2026","FL",1824
"1/24/2026","FL",1567
"1/31/2026","FL",1606
"2/7/2026","FL",1960
"2/14/2026","FL",2515
"2/21/2026","FL",2043
"2/28/2026","FL",1325
"3/7/2026","FL",1042
"3/14/2026","FL",741
"3/21/2026","FL",500
"3/28/2026","FL",337
"4/4/2026","FL",202
"4/11/2026","FL",155
"4/18/2026","FL",171
"4/25/2026","FL",187
"5/2/2026","FL",166
"5/9/2026","FL",151
"5/16/2026","FL",127
"5/23/2026","FL",135
"5/30/2026","FL",135
"6/6/2026","FL",126
"6/13/2026","FL",97
"6/20/2026","FL",110
"6/27/2026","FL",112
"7/4/2026","FL",99
"7/11/2026","FL",125
"7/18/2026","FL",114
"7/25/2026","FL",98
"8/1/2026","FL",139
"8/8/2026","FL",95
"8/15/2026","FL",115
"8/22/2026","FL",123
"8/29/2026","FL",105
"9/5/2026","FL",144
"9/12/2026","FL",198
"9/19/2026","FL",307
"9/26/2026","FL",402
"10/5/2024","IL",2
"10/12/2024","IL",1
"10/19/2024","IL",5
"10/26/2024","IL",12
"11/2/2024","IL",27
"11/9/2024","IL",36
"11/16/2024","IL",34
"11/23/2024","IL",86
"11/30/2024","IL",83
"12/7/2024","IL",107
"12/14/2024","IL",242
"12/21/2024","IL",489
"12/28/2024","IL",1143
"1/4/2025","IL",1595
"1/11/2025","IL",1410
"1/18/2025","IL",1383
"1/25/2025","IL",1728
"2/1/2025","IL",2146
"2/8/2025","IL",2369
"2/15/2025","IL",2064
"2/22/2025","IL",1706
"3/1/2025","IL",1311
"3/8/2025","IL",960
"3/15/2025","IL",718
"3/22/2025","IL",509
"3/29/2025","IL",355
"4/5/2025","IL",297
"4/12/2025","IL",156
"4/19/2025","IL",156
"4/26/2025","IL",124
"5/3/2025","IL",81
"5/10/2025","IL",58
"5/17/2025","IL",52
"5/24/2025","IL",74
"5/31/2025","IL",56
"6/7/2025","IL",28
"6/14/2025","IL",24
"6/21/2025","IL",23
"6/28/2025","IL",33
"7/5/2025","IL",42
"7/12/2025","IL",30
"7/19/2025","IL",11
"7/26/2025","IL",7
"8/2/2025","IL",14
"8/9/2025","IL",11
"8/16/2025","IL",16
"8/23/2025","IL",11
"8/30/2025","IL",7
"9/6/2025","IL",5
"9/13/2025","IL",12
"9/20/2025","IL",9
"9/27/2025","IL",7
"10/8/2022","KY",7
"10/15/2022","KY",23
"10/22/2022","KY",13
"10/29/2022","KY",66
"11/5/2022","KY",124
"11/12/2022","KY",223
"11/19/2022","KY",291
"11/26/2022","KY",521
"12/3/2022","KY",849
"12/10/2022","KY",673
"12/17/2022","KY",429
"12/24/2022","KY",281
"12/31/2022","KY",243
"1/7/2023","KY",133
"1/14/2023","KY",63
"1/21/2023","KY",35
"1/28/2023","KY",32
"2/4/2023","KY",16
"2/11/2023","KY",29
"2/18/2023","KY",22
"2/25/2023","KY",7
"3/4/2023","KY",11
"3/11/2023","KY",15
"3/18/2023","KY",26
"3/25/2023","KY",14
"4/1/2023","KY",16
"4/8/2023","KY",19
"4/15/2023","KY",23
"4/22/2023","KY",12
"4/29/2023","KY",4
"5/6/2023","KY",16
"5/13/2023","KY",15
"5/20/2023","KY",11
"5/27/2023","KY",11
"6/3/2023","KY",5
"6/10/2023","KY",5
"6/17/2023","KY",8
"6/24/2023","KY",6
"7/1/2023","KY",5
"7/8/2023","KY",8
"7/15/2023","KY",6
"7/22/2023","KY",3
"7/29/2023","KY",9
"8/5/2023","KY",9
"8/12/2023","KY",5
"8/19/2023","KY",12
"8/26/2023","KY",7
"9/2/2023","KY",10
"9/9/2023","KY",19
"9/16/2023","KY",5
"9/23/2023","KY",13
"9/30/2023","KY",14
"8/8/2020","MO",NA
"8/15/2020","MO",NA
"8/22/2020","MO",NA
"8/29/2020","MO",NA
"9/5/2020","MO",NA
"9/12/2020","MO",NA
"9/19/2020","MO",NA
"9/26/2020","MO",NA
"10/7/2023","MS",29
"10/14/2023","MS",22
"10/21/2023","MS",20
"10/28/2023","MS",17
"11/4/2023","MS",30
"11/11/2023","MS",38
"11/18/2023","MS",46
"11/25/2023","MS",47
"12/2/2023","MS",77
"12/9/2023","MS",71
"12/16/2023","MS",96
"12/23/2023","MS",200
"12/30/2023","MS",297
"1/6/2024","MS",263
"1/13/2024","MS",230
"1/20/2024","MS",158
"1/27/2024","MS",161
"2/3/2024","MS",111
"2/10/2024","MS",86
"2/17/2024","MS",94
"2/24/2024","MS",55
"3/2/2024","MS",67
"3/9/2024","MS",61
"3/16/2024","MS",55
"3/23/2024","MS",45
"3/30/2024","MS",47
"4/6/2024","MS",53
"4/13/2024","MS",38
"4/20/2024","MS",25
"4/27/2024","MS",21
"5/4/2024","MS",20
"5/11/2024","MS",14
"5/18/2024","MS",22
"5/25/2024","MS",8
"6/1/2024","MS",13
"6/8/2024","MS",11
"6/15/2024","MS",13
"6/22/2024","MS",16
"6/29/2024","MS",6
"7/6/2024","MS",3
"7/13/2024","MS",6
"7/20/2024","MS",7
"7/27/2024","MS",12
"8/3/2024","MS",14
"8/10/2024","MS",16
"8/17/2024","MS",7
"8/24/2024","MS",8
"8/31/2024","MS",15
"9/7/2024","MS",9
"9/14/2024","MS",19
"9/21/2024","MS",16
"9/28/2024","MS",7
"8/8/2020","MT",NA
"8/15/2020","MT",NA
"8/22/2020","MT",NA
"8/29/2020","MT",NA
"9/5/2020","MT",NA
"9/12/2020","MT",NA
"9/19/2020","MT",NA
"9/26/2020","MT",NA
"10/7/2023","NC",36
"10/14/2023","NC",20
"10/21/2023","NC",17
"10/28/2023","NC",20
"11/4/2023","NC",40
"11/11/2023","NC",49
"11/18/2023","NC",88
"11/25/2023","NC",153
"12/2/2023","NC",213
"12/9/2023","NC",312
"12/16/2023","NC",402
"12/23/2023","NC",733
"12/30/2023","NC",1076
"1/6/2024","NC",779
"1/13/2024","NC",505
"1/20/2024","NC",310
"1/27/2024","NC",308
"2/3/2024","NC",255
"2/10/2024","NC",174
"2/17/2024","NC",179
"2/24/2024","NC",160
"3/2/2024","NC",160
"3/9/2024","NC",132
"3/16/2024","NC",94
"3/23/2024","NC",83
"3/30/2024","NC",88
"4/6/2024","NC",77
"4/13/2024","NC",55
"4/20/2024","NC",23
"4/27/2024","NC",13
"5/4/2024","NC",8
"5/11/2024","NC",0
"5/18/2024","NC",0
"5/25/2024","NC",0
"6/1/2024","NC",0
"6/8/2024","NC",0
"6/15/2024","NC",0
"6/22/2024","NC",0
"6/29/2024","NC",0
"7/6/2024","NC",1
"7/13/2024","NC",0
"7/20/2024","NC",2
"7/27/2024","NC",0
"8/3/2024","NC",0
"8/10/2024","NC",1
"8/17/2024","NC",0
"8/24/2024","NC",0
"8/31/2024","NC",0
"9/7/2024","NC",0
"9/14/2024","NC",0
"9/21/2024","NC",0
"9/28/2024","NC",0
"10/9/2021","NY",11
"10/16/2021","NY",7
"10/23/2021","NY",10
"10/30/2021","NY",13
"11/6/2021","NY",17
"11/13/2021","NY",16
"11/20/2021","NY",23
"11/27/2021","NY",24
"12/4/2021","NY",41
"12/11/2021","NY",79
"12/18/2021","NY",82
"12/25/2021","NY",61
"1/1/2022","NY",69
"1/8/2022","NY",29
"1/15/2022","NY",42
"1/22/2022","NY",27
"1/29/2022","NY",18
"2/5/2022","NY",15
"2/12/2022","NY",23
"2/19/2022","NY",39
"2/26/2022","NY",29
"3/5/2022","NY",57
"3/12/2022","NY",51
"3/19/2022","NY",84
"3/26/2022","NY",85
"4/2/2022","NY",163
"4/9/2022","NY",195
"4/16/2022","NY",226
"4/23/2022","NY",275
"4/30/2022","NY",271
"5/7/2022","NY",231
"5/14/2022","NY",188
"5/21/2022","NY",182
"5/28/2022","NY",155
"6/4/2022","NY",124
"6/11/2022","NY",103
"6/18/2022","NY",92
"6/25/2022","NY",65
"7/2/2022","NY",45
"7/9/2022","NY",36
"7/16/2022","NY",38
"7/23/2022","NY",10
"7/30/2022","NY",17
"8/6/2022","NY",11
"8/13/2022","NY",11
"8/20/2022","NY",16
"8/27/2022","NY",24
"9/3/2022","NY",23
"9/10/2022","NY",15
"9/17/2022","NY",20
"9/24/2022","NY",21
"10/1/2022","NY",28
"10/3/2020","OK",NA
"10/10/2020","OK",0
"10/17/2020","OK",0
"10/24/2020","OK",12
"10/31/2020","OK",9
"11/7/2020","OK",9
"11/14/2020","OK",16
"11/21/2020","OK",8
"11/28/2020","OK",11
"12/5/2020","OK",21
"12/12/2020","OK",7
"12/19/2020","OK",23
"12/26/2020","OK",10
"1/2/2021","OK",22
"1/9/2021","OK",18
"1/16/2021","OK",9
"1/23/2021","OK",3
"1/30/2021","OK",9
"2/6/2021","OK",9
"2/13/2021","OK",2
"2/20/2021","OK",9
"2/27/2021","OK",10
"3/6/2021","OK",10
"3/13/2021","OK",3
"3/20/2021","OK",5
"3/27/2021","OK",4
"4/3/2021","OK",16
"4/10/2021","OK",8
"4/17/2021","OK",10
"4/24/2021","OK",5
"5/1/2021","OK",5
"5/8/2021","OK",8
"5/15/2021","OK",9
"5/22/2021","OK",8
"5/29/2021","OK",10
"6/5/2021","OK",9
"6/12/2021","OK",5
"6/19/2021","OK",6
"6/26/2021","OK",7
"7/3/2021","OK",5
"7/10/2021","OK",6
"7/17/2021","OK",9
"7/24/2021","OK",8
"7/31/2021","OK",9
"8/7/2021","OK",23
"8/14/2021","OK",10
"8/21/2021","OK",4
"8/28/2021","OK",8
"9/4/2021","OK",10
"9/11/2021","OK",12
"9/18/2021","OK",7
"9/25/2021","OK",12
"10/2/2021","OK",2
"10/3/2020","RI",NA
"10/10/2020","RI",NA
"10/17/2020","RI",NA
"10/24/2020","RI",2
"10/31/2020","RI",3
"11/7/2020","RI",2
"11/14/2020","RI",0
"11/21/2020","RI",0
"11/28/2020","RI",0
"12/5/2020","RI",0
"12/12/2020","RI",0
"12/19/2020","RI",0
"12/26/2020","RI",0
"1/2/2021","RI",0
"1/9/2021","RI",0
"1/16/2021","RI",0
"1/23/2021","RI",0
"1/30/2021","RI",0
"2/6/2021","RI",0
"2/13/2021","RI",0
"2/20/2021","RI",0
"2/27/2021","RI",0
"3/6/2021","RI",0
"3/13/2021","RI",0
"3/20/2021","RI",0
"3/27/2021","RI",0
"4/3/2021","RI",0
"4/10/2021","RI",0
"4/17/2021","RI",0
"4/24/2021","RI",0
"5/1/2021","RI",0
"5/8/2021","RI",0
"5/15/2021","RI",0
"5/22/2021","RI",0
"5/29/2021","RI",0
"6/5/2021","RI",0
"6/12/2021","RI",0
"6/19/2021","RI",0
"6/26/2021","RI",0
"7/3/2021","RI",0
"7/10/2021","RI",0
"7/17/2021","RI",0
"7/24/2021","RI",0
"7/31/2021","RI",0
"8/7/2021","RI",0
"8/14/2021","RI",0
"8/21/2021","RI",0
"8/28/2021","RI",0
"9/4/2021","RI",0
"9/11/2021","RI",0
"9/18/2021","RI",0
"9/25/2021","RI",0
"10/2/2021","RI",0
"10/8/2022","VA",48
"10/15/2022","VA",53
"10/22/2022","VA",77
"10/29/2022","VA",172
"11/5/2022","VA",307
"11/12/2022","VA",339
"11/19/2022","VA",262
"11/26/2022","VA",380
"12/3/2022","VA",495
"12/10/2022","VA",368
"12/17/2022","VA",286
"12/24/2022","VA",269
"12/31/2022","VA",279
"1/7/2023","VA",233
"1/14/2023","VA",119
"1/21/2023","VA",72
"1/28/2023","VA",60
"2/4/2023","VA",62
"2/11/2023","VA",64
"2/18/2023","VA",57
"2/25/2023","VA",61
"3/4/2023","VA",57
"3/11/2023","VA",40
"3/18/2023","VA",60
"3/25/2023","VA",50
"4/1/2023","VA",50
"4/8/2023","VA",54
"4/15/2023","VA",35
"4/22/2023","VA",45
"4/29/2023","VA",31
"5/6/2023","VA",52
"5/13/2023","VA",44
"5/20/2023","VA",35
"5/27/2023","VA",50
"6/3/2023","VA",36
"6/10/2023","VA",27
"6/17/2023","VA",27
"6/24/2023","VA",22
"7/1/2023","VA",39
"7/8/2023","VA",39
"7/15/2023","VA",30
"7/22/2023","VA",22
"7/29/2023","VA",19
"8/5/2023","VA",31
"8/12/2023","VA",32
"8/19/2023","VA",35
"8/26/2023","VA",28
"9/2/2023","VA",30
"9/9/2023","VA",40
"9/16/2023","VA",31
"9/23/2023","VA",40
"9/30/2023","VA",54
"10/4/2025","WV",0
"10/11/2025","WV",3
"10/18/2025","WV",1
"10/25/2025","WV",1
"11/1/2025","WV",1
"11/8/2025","WV",2
"11/15/2025","WV",0
"11/22/2025","WV",2
"11/29/2025","WV",10
"12/6/2025","WV",19
"12/13/2025","WV",26
"12/20/2025","WV",65
"12/27/2025","WV",192
"1/3/2026","WV",229
"1/10/2026","WV",203
"1/17/2026","WV",170
"1/24/2026","WV",186
"1/31/2026","WV",218
"2/7/2026","WV",154
"2/14/2026","WV",123
"2/21/2026","WV",147
"2/28/2026","WV",133
"3/7/2026","WV",102
"3/14/2026","WV",105
"3/21/2026","WV",68
"3/28/2026","WV",24
"4/4/2026","WV",18
"4/11/2026","WV",11
"4/18/2026","WV",29
"4/25/2026","WV",16
"5/2/2026","WV",8
"5/9/2026","WV",3
"5/16/2026","WV",5
"5/23/2026","WV",2
"5/30/2026","WV",4
"6/6/2026","WV",5
"6/13/2026","WV",3
"6/20/2026","WV",2
"6/27/2026","WV",2
"7/4/2026","WV",1
"7/11/2026","WV",1
"7/18/2026","WV",1
"7/25/2026","WV",0
"8/1/2026","WV",4
"8/8/2026","WV",2
"8/15/2026","WV",2
"8/22/2026","WV",2
"8/29/2026","WV",1
"9/5/2026","WV",1
"9/12/2026","WV",3
"9/19/2026","WV",3
"9/26/2026","WV",4
"10/8/2022","WY",1
"10/15/2022","WY",2
"10/22/2022","WY",2
"10/29/2022","WY",4
"11/5/2022","WY",7
"11/12/2022","WY",10
"11/19/2022","WY",36
"11/26/2022","WY",37
"12/3/2022","WY",69
"12/10/2022","WY",41
"12/17/2022","WY",39
"12/24/2022","WY",50
"12/31/2022","WY",51
"1/7/2023","WY",30
"1/14/2023","WY",16
"1/21/2023","WY",13
"1/28/2023","WY",5
"2/4/2023","WY",6
"2/11/2023","WY",2
"2/18/2023","WY",2
"2/25/2023","WY",0
"3/4/2023","WY",1
"3/11/2023","WY",2
"3/18/2023","WY",2
"3/25/2023","WY",0
"4/1/2023","WY",1
"4/8/2023","WY",2
"4/15/2023","WY",3
"4/22/2023","WY",0
"4/29/2023","WY",1
"5/6/2023","WY",2
"5/13/2023","WY",1
"5/20/2023","WY",1
"5/27/2023","WY",0
"6/3/2023","WY",1
"6/10/2023","WY",1
"6/17/2023","WY",1
"6/24/2023","WY",1
"7/1/2023","WY",9
"7/8/2023","WY",1
"7/15/2023","WY",0
"7/22/2023","WY",0
"7/29/2023","WY",2
"8/5/2023","WY",0
"8/12/2023","WY",1
"8/19/2023","WY",0
"8/26/2023","WY",0
"9/2/2023","WY",0
"9/9/2023","WY",0
"9/16/2023","WY",0
"9/23/2023","WY",0
"9/30/2023","WY",2
"10/8/2022","CA",92
"10/15/2022","CA",87
"10/22/2022","CA",121
"10/29/2022","CA",199
"11/5/2022","CA",416
"11/12/2022","CA",858
"11/19/2022","CA",1499
"11/26/2022","CA",2631
"12/3/2022","CA",3159
"12/10/2022","CA",2435
"12/17/2022","CA",1614
"12/24/2022","CA",1596
"12/31/2022","CA",1423
"1/7/2023","CA",913
"1/14/2023","CA",411
"1/21/2023","CA",208
"1/28/2023","CA",126
"2/4/2023","CA",115
"2/11/2023","CA",93
"2/18/2023","CA",73
"2/25/2023","CA",79
"3/4/2023","CA",62
"3/11/2023","CA",47
"3/18/2023","CA",60
"3/25/2023","CA",36
"4/1/2023","CA",29
"4/8/2023","CA",45
"4/15/2023","CA",33
"4/22/2023","CA",37
"4/29/2023","CA",26
"5/6/2023","CA",22
"5/13/2023","CA",33
"5/20/2023","CA",24
"5/27/2023","CA",23
"6/3/2023","CA",48
"6/10/2023","CA",43
"6/17/2023","CA",36
"6/24/2023","CA",27
"7/1/2023","CA",49
"7/8/2023","CA",26
"7/15/2023","CA",54
"7/22/2023","CA",39
"7/29/2023","CA",37
"8/5/2023","CA",43
"8/12/2023","CA",35
"8/19/2023","CA",31
"8/26/2023","CA",29
"9/2/2023","CA",38
"9/9/2023","CA",42
"9/16/2023","CA",41
"9/23/2023","CA",46
"9/30/2023","CA",46
"10/8/2022","CO",2
"10/15/2022","CO",3
"10/22/2022","CO",14
"10/29/2022","CO",27
"11/5/2022","CO",35
"11/12/2022","CO",58
"11/19/2022","CO",107
"11/26/2022","CO",157
"12/3/2022","CO",163
"12/10/2022","CO",235
"12/17/2022","CO",255
"12/24/2022","CO",399
"12/31/2022","CO",315
"1/7/2023","CO",158
"1/14/2023","CO",99
"1/21/2023","CO",37
"1/28/2023","CO",26
"2/4/2023","CO",38
"2/11/2023","CO",27
"2/18/2023","CO",17
"2/25/2023","CO",13
"3/4/2023","CO",19
"3/11/2023","CO",9
"3/18/2023","CO",12
"3/25/2023","CO",10
"4/1/2023","CO",6
"4/8/2023","CO",7
"4/15/2023","CO",18
"4/22/2023","CO",12
"4/29/2023","CO",9
"5/6/2023","CO",7
"5/13/2023","CO",7
"5/20/2023","CO",9
"5/27/2023","CO",10
"6/3/2023","CO",5
"6/10/2023","CO",3
"6/17/2023","CO",6
"6/24/2023","CO",3
"7/1/2023","CO",7
"7/8/2023","CO",3
"7/15/2023","CO",8
"7/22/2023","CO",4
"7/29/2023","CO",3
"8/5/2023","CO",3
"8/12/2023","CO",1
"8/19/2023","CO",0
"8/26/2023","CO",4
"9/2/2023","CO",3
"9/9/2023","CO",7
"9/16/2023","CO",2
"9/23/2023","CO",8
"9/30/2023","CO",8
"8/8/2020","FL",NA
"8/15/2020","FL",NA
"8/22/2020","FL",NA
"8/29/2020","FL",NA
"9/5/2020","FL",NA
"9/12/2020","FL",NA
"9/19/2020","FL",NA
"9/26/2020","FL",NA
"10/5/2024","HI",0
"10/12/2024","HI",1
"10/19/2024","HI",1
"10/26/2024","HI",2
"11/2/2024","HI",3
"11/9/2024","HI",7
"11/16/2024","HI",15
"11/23/2024","HI",8
"11/30/2024","HI",14
"12/7/2024","HI",20
"12/14/2024","HI",34
"12/21/2024","HI",42
"12/28/2024","HI",57
"1/4/2025","HI",125
"1/11/2025","HI",113
"1/18/2025","HI",91
"1/25/2025","HI",88
"2/1/2025","HI",70
"2/8/2025","HI",83
"2/15/2025","HI",79
"2/22/2025","HI",86
"3/1/2025","HI",67
"3/8/2025","HI",63
"3/15/2025","HI",56
"3/22/2025","HI",42
"3/29/2025","HI",31
"4/5/2025","HI",39
"4/12/2025","HI",24
"4/19/2025","HI",24
"4/26/2025","HI",24
"5/3/2025","HI",34
"5/10/2025","HI",30
"5/17/2025","HI",25
"5/24/2025","HI",18
"5/31/2025","HI",19
"6/7/2025","HI",10
"6/14/2025","HI",14
"6/21/2025","HI",5
"6/28/2025","HI",8
"7/5/2025","HI",9
"7/12/2025","HI",4
"7/19/2025","HI",3
"7/26/2025","HI",6
"8/2/2025","HI",4
"8/9/2025","HI",6
"8/16/2025","HI",4
"8/23/2025","HI",0
"8/30/2025","HI",4
"9/6/2025","HI",4
"9/13/2025","HI",6
"9/20/2025","HI",1
"9/27/2025","HI",3
"10/3/2020","IA",NA
"10/10/2020","IA",NA
"10/17/2020","IA",NA
"10/24/2020","IA",1
"10/31/2020","IA",2
"11/7/2020","IA",9
"11/14/2020","IA",16
"11/21/2020","IA",4
"11/28/2020","IA",9
"12/5/2020","IA",1
"12/12/2020","IA",3
"12/19/2020","IA",4
"12/26/2020","IA",2
"1/2/2021","IA",7
"1/9/2021","IA",2
"1/16/2021","IA",7
"1/23/2021","IA",1
"1/30/2021","IA",3
"2/6/2021","IA",2
"2/13/2021","IA",1
"2/20/2021","IA",4
"2/27/2021","IA",0
"3/6/2021","IA",0
"3/13/2021","IA",2
"3/20/2021","IA",0
"3/27/2021","IA",10
"4/3/2021","IA",3
"4/10/2021","IA",1
"4/17/2021","IA",13
"4/24/2021","IA",2
"5/1/2021","IA",2
"5/8/2021","IA",2
"5/15/2021","IA",0
"5/22/2021","IA",1
"5/29/2021","IA",1
"6/5/2021","IA",0
"6/12/2021","IA",1
"6/19/2021","IA",0
"6/26/2021","IA",0
"7/3/2021","IA",0
"7/10/2021","IA",0
"7/17/2021","IA",0
"7/24/2021","IA",0
"7/31/2021","IA",0
"8/7/2021","IA",0
"8/14/2021","IA",0
"8/21/2021","IA",3
"8/28/2021","IA",0
"9/4/2021","IA",0
"9/11/2021","IA",1
"9/18/2021","IA",0
"9/25/2021","IA",9
"10/2/2021","IA",0
"10/8/2022","ID",1
"10/15/2022","ID",1
"10/22/2022","ID",1
"10/29/2022","ID",1
"11/5/2022","ID",16
"11/12/2022","ID",11
"11/19/2022","ID",56
"11/26/2022","ID",141
"12/3/2022","ID",183
"12/10/2022","ID",185
"12/17/2022","ID",286
"12/24/2022","ID",203
"12/31/2022","ID",223
"1/7/2023","ID",112
"1/14/2023","ID",46
"1/21/2023","ID",35
"1/28/2023","ID",17
"2/4/2023","ID",3
"2/11/2023","ID",4
"2/18/2023","ID",8
"2/25/2023","ID",3
"3/4/2023","ID",3
"3/11/2023","ID",4
"3/18/2023","ID",6
"3/25/2023","ID",3
"4/1/2023","ID",3
"4/8/2023","ID",5
"4/15/2023","ID",2
"4/22/2023","ID",3
"4/29/2023","ID",7
"5/6/2023","ID",5
"5/13/2023","ID",9
"5/20/2023","ID",1
"5/27/2023","ID",2
"6/3/2023","ID",2
"6/10/2023","ID",1
"6/17/2023","ID",6
"6/24/2023","ID",1
"7/1/2023","ID",7
"7/8/2023","ID",3
"7/15/2023","ID",3
"7/22/2023","ID",1
"7/29/2023","ID",3
"8/5/2023","ID",2
"8/12/2023","ID",3
"8/19/2023","ID",3
"8/26/2023","ID",0
"9/2/2023","ID",0
"9/9/2023","ID",2
"9/16/2023","ID",0
"9/23/2023","ID",3
"9/30/2023","ID",2
"8/8/2020","MA",NA
"8/15/2020","MA",NA
"8/22/2020","MA",NA
"8/29/2020","MA",NA
"9/5/2020","MA",NA
"9/12/2020","MA",NA
"9/19/2020","MA",NA
"9/26/2020","MA",NA
"10/5/2024","MD",1
"10/12/2024","MD",0
"10/19/2024","MD",2
"10/26/2024","MD",0
"11/2/2024","MD",4
"11/9/2024","MD",9
"11/16/2024","MD",11
"11/23/2024","MD",16
"11/30/2024","MD",21
"12/7/2024","MD",37
"12/14/2024","MD",73
"12/21/2024","MD",131
"12/28/2024","MD",195
"1/4/2025","MD",457
"1/11/2025","MD",372
"1/18/2025","MD",466
"1/25/2025","MD",611
"2/1/2025","MD",810
"2/8/2025","MD",1086
"2/15/2025","MD",1081
"2/22/2025","MD",764
"3/1/2025","MD",548
"3/8/2025","MD",379
"3/15/2025","MD",291
"3/22/2025","MD",210
"3/29/2025","MD",135
"4/5/2025","MD",129
"4/12/2025","MD",94
"4/19/2025","MD",62
"4/26/2025","MD",47
"5/3/2025","MD",41
"5/10/2025","MD",21
"5/17/2025","MD",10
"5/24/2025","MD",26
"5/31/2025","MD",38
"6/7/2025","MD",34
"6/14/2025","MD",13
"6/21/2025","MD",6
"6/28/2025","MD",6
"7/5/2025","MD",7
"7/12/2025","MD",4
"7/19/2025","MD",4
"7/26/2025","MD",18
"8/2/2025","MD",6
"8/9/2025","MD",3
"8/16/2025","MD",6
"8/23/2025","MD",7
"8/30/2025","MD",6
"9/6/2025","MD",3
"9/13/2025","MD",6
"9/20/2025","MD",6
"9/27/2025","MD",4
"10/9/2021","MN",1
"10/16/2021","MN",1
"10/23/2021","MN",1
"10/30/2021","MN",2
"11/6/2021","MN",2
"11/13/2021","MN",0
"11/20/2021","MN",2
"11/27/2021","MN",2
"12/4/2021","MN",14
"12/11/2021","MN",25
"12/18/2021","MN",41
"12/25/2021","MN",69
"1/1/2022","MN",108
"1/8/2022","MN",103
"1/15/2022","MN",66
"1/22/2022","MN",46
"1/29/2022","MN",20
"2/5/2022","MN",18
"2/12/2022","MN",20
"2/19/2022","MN",30
"2/26/2022","MN",19
"3/5/2022","MN",28
"3/12/2022","MN",35
"3/19/2022","MN",29
"3/26/2022","MN",37
"4/2/2022","MN",33
"4/9/2022","MN",28
"4/16/2022","MN",27
"4/23/2022","MN",33
"4/30/2022","MN",29
"5/7/2022","MN",32
"5/14/2022","MN",17
"5/21/2022","MN",13
"5/28/2022","MN",12
"6/4/2022","MN",6
"6/11/2022","MN",4
"6/18/2022","MN",10
"6/25/2022","MN",0
"7/2/2022","MN",1
"7/9/2022","MN",2
"7/16/2022","MN",2
"7/23/2022","MN",3
"7/30/2022","MN",3
"8/6/2022","MN",2
"8/13/2022","MN",5
"8/20/2022","MN",0
"8/27/2022","MN",1
"9/3/2022","MN",1
"9/10/2022","MN",1
"9/17/2022","MN",0
"9/24/2022","MN",2
"10/1/2022","MN",2
"10/5/2024","MS",10
"10/12/2024","MS",0
"10/19/2024","MS",4
"10/26/2024","MS",0
"11/2/2024","MS",15
"11/9/2024","MS",23
"11/16/2024","MS",24
"11/23/2024","MS",36
"11/30/2024","MS",28
"12/7/2024","MS",39
"12/14/2024","MS",62
"12/21/2024","MS",100
"12/28/2024","MS",212
"1/4/2025","MS",285
"1/11/2025","MS",229
"1/18/2025","MS",251
"1/25/2025","MS",350
"2/1/2025","MS",589
"2/8/2025","MS",503
"2/15/2025","MS",289
"2/22/2025","MS",223
"3/1/2025","MS",214
"3/8/2025","MS",181
"3/15/2025","MS",196
"3/22/2025","MS",106
"3/29/2025","MS",58
"4/5/2025","MS",55
"4/12/2025","MS",47
"4/19/2025","MS",29
"4/26/2025","MS",23
"5/3/2025","MS",15
"5/10/2025","MS",19
"5/17/2025","MS",16
"5/24/2025","MS",15
"5/31/2025","MS",20
"6/7/2025","MS",17
"6/14/2025","MS",17
"6/21/2025","MS",19
"6/28/2025","MS",12
"7/5/2025","MS",10
"7/12/2025","MS",15
"7/19/2025","MS",12
"7/26/2025","MS",12
"8/2/2025","MS",5
"8/9/2025","MS",12
"8/16/2025","MS",15
"8/23/2025","MS",16
"8/30/2025","MS",19
"9/6/2025","MS",17
"9/13/2025","MS",15
"9/20/2025","MS",13
"9/27/2025","MS",10
"10/3/2020","NV",0
"10/10/2020","NV",0
"10/17/2020","NV",0
"10/24/2020","NV",5
"10/31/2020","NV",53
"11/7/2020","NV",3
"11/14/2020","NV",1
"11/21/2020","NV",6
"11/28/2020","NV",2
"12/5/2020","NV",10
"12/12/2020","NV",11
"12/19/2020","NV",7
"12/26/2020","NV",3
"1/2/2021","NV",17
"1/9/2021","NV",9
"1/16/2021","NV",13
"1/23/2021","NV",2
"1/30/2021","NV",5
"2/6/2021","NV",2
"2/13/2021","NV",0
"2/20/2021","NV",5
"2/27/2021","NV",6
"3/6/2021","NV",0
"3/13/2021","NV",13
"3/20/2021","NV",2
"3/27/2021","NV",0
"4/3/2021","NV",4
"4/10/2021","NV",3
"4/17/2021","NV",5
"4/24/2021","NV",7
"5/1/2021","NV",13
"5/8/2021","NV",2
"5/15/2021","NV",2
"5/22/2021","NV",0
"5/29/2021","NV",0
"6/5/2021","NV",2
"6/12/2021","NV",3
"6/19/2021","NV",9
"6/26/2021","NV",2
"7/3/2021","NV",1
"7/10/2021","NV",2
"7/17/2021","NV",3
"7/24/2021","NV",2
"7/31/2021","NV",0
"8/7/2021","NV",0
"8/14/2021","NV",1
"8/21/2021","NV",2
"8/28/2021","NV",6
"9/4/2021","NV",0
"9/11/2021","NV",0
"9/18/2021","NV",4
"9/25/2021","NV",1
"10/2/2021","NV",3
"10/7/2023","NY",37
"10/14/2023","NY",26
"10/21/2023","NY",33
"10/28/2023","NY",47
"11/4/2023","NY",56
"11/11/2023","NY",88
"11/18/2023","NY",123
"11/25/2023","NY",176
"12/2/2023","NY",338
"12/9/2023","NY",501
"12/16/2023","NY",743
"12/23/2023","NY",938
"12/30/2023","NY",1333
"1/6/2024","NY",1240
"1/13/2024","NY",1024
"1/20/2024","NY",851
"1/27/2024","NY",884
"2/3/2024","NY",764
"2/10/2024","NY",765
"2/17/2024","NY",780
"2/24/2024","NY",782
"3/2/2024","NY",764
"3/9/2024","NY",593
"3/16/2024","NY",411
"3/23/2024","NY",355
"3/30/2024","NY",391
"4/6/2024","NY",408
"4/13/2024","NY",365
"4/20/2024","NY",216
"4/27/2024","NY",164
"5/4/2024","NY",132
"5/11/2024","NY",52
"5/18/2024","NY",28
"5/25/2024","NY",20
"6/1/2024","NY",12
"6/8/2024","NY",10
"6/15/2024","NY",10
"6/22/2024","NY",7
"6/29/2024","NY",6
"7/6/2024","NY",4
"7/13/2024","NY",1
"7/20/2024","NY",14
"7/27/2024","NY",1
"8/3/2024","NY",0
"8/10/2024","NY",3
"8/17/2024","NY",1
"8/24/2024","NY",2
"8/31/2024","NY",0
"9/7/2024","NY",0
"9/14/2024","NY",2
"9/21/2024","NY",3
"9/28/2024","NY",5
"10/9/2021","OH",8
"10/16/2021","OH",4
"10/23/2021","OH",12
"10/30/2021","OH",9
"11/6/2021","OH",12
"11/13/2021","OH",8
"11/20/2021","OH",9
"11/27/2021","OH",14
"12/4/2021","OH",37
"12/11/2021","OH",40
"12/18/2021","OH",65
"12/25/2021","OH",89
"1/1/2022","OH",163
"1/8/2022","OH",96
"1/15/2022","OH",65
"1/22/2022","OH",31
"1/29/2022","OH",32
"2/5/2022","OH",20
"2/12/2022","OH",26
"2/19/2022","OH",33
"2/26/2022","OH",32
"3/5/2022","OH",53
"3/12/2022","OH",75
"3/19/2022","OH",94
"3/26/2022","OH",104
"4/2/2022","OH",97
"4/9/2022","OH",127
"4/16/2022","OH",133
"4/23/2022","OH",115
"4/30/2022","OH",104
"5/7/2022","OH",99
"5/14/2022","OH",79
"5/21/2022","OH",66
"5/28/2022","OH",45
"6/4/2022","OH",37
"6/11/2022","OH",21
"6/18/2022","OH",20
"6/25/2022","OH",12
"7/2/2022","OH",11
"7/9/2022","OH",6
"7/16/2022","OH",5
"7/23/2022","OH",11
"7/30/2022","OH",7
"8/6/2022","OH",4
"8/13/2022","OH",1
"8/20/2022","OH",10
"8/27/2022","OH",10
"9/3/2022","OH",13
"9/10/2022","OH",16
"9/17/2022","OH",7
"9/24/2022","OH",11
"10/1/2022","OH",15
"10/8/2022","RI",1
"10/15/2022","RI",0
"10/22/2022","RI",2
"10/29/2022","RI",0
"11/5/2022","RI",3
"11/12/2022","RI",6
"11/19/2022","RI",3
"11/26/2022","RI",14
"12/3/2022","RI",22
"12/10/2022","RI",54
"12/17/2022","RI",41
"12/24/2022","RI",57
"12/31/2022","RI",49
"1/7/2023","RI",36
"1/14/2023","RI",9
"1/21/2023","RI",16
"1/28/2023","RI",10
"2/4/2023","RI",4
"2/11/2023","RI",1
"2/18/2023","RI",2
"2/25/2023","RI",2
"3/4/2023","RI",1
"3/11/2023","RI",0
"3/18/2023","RI",1
"3/25/2023","RI",2
"4/1/2023","RI",0
"4/8/2023","RI",0
"4/15/2023","RI",1
"4/22/2023","RI",1
"4/29/2023","RI",1
"5/6/2023","RI",0
"5/13/2023","RI",4
"5/20/2023","RI",0
"5/27/2023","RI",3
"6/3/2023","RI",1
"6/10/2023","RI",1
"6/17/2023","RI",2
"6/24/2023","RI",0
"7/1/2023","RI",1
"7/8/2023","RI",2
"7/15/2023","RI",0
"7/22/2023","RI",0
"7/29/2023","RI",0
"8/5/2023","RI",0
"8/12/2023","RI",0
"8/19/2023","RI",0
"8/26/2023","RI",0
"9/2/2023","RI",0
"9/9/2023","RI",0
"9/16/2023","RI",2
"9/23/2023","RI",1
"9/30/2023","RI",0
"10/9/2021","TN",17
"10/16/2021","TN",3
"10/23/2021","TN",5
"10/30/2021","TN",7
"11/6/2021","TN",7
"11/13/2021","TN",8
"11/20/2021","TN",7
"11/27/2021","TN",12
"12/4/2021","TN",21
"12/11/2021","TN",25
"12/18/2021","TN",31
"12/25/2021","TN",54
"1/1/2022","TN",74
"1/8/2022","TN",66
"1/15/2022","TN",31
"1/22/2022","TN",23
"1/29/2022","TN",27
"2/5/2022","TN",31
"2/12/2022","TN",21
"2/19/2022","TN",26
"2/26/2022","TN",42
"3/5/2022","TN",29
"3/12/2022","TN",28
"3/19/2022","TN",28
"3/26/2022","TN",43
"4/2/2022","TN",38
"4/9/2022","TN",31
"4/16/2022","TN",35
"4/23/2022","TN",34
"4/30/2022","TN",35
"5/7/2022","TN",18
"5/14/2022","TN",30
"5/21/2022","TN",15
"5/28/2022","TN",18
"6/4/2022","TN",20
"6/11/2022","TN",18
"6/18/2022","TN",25
"6/25/2022","TN",15
"7/2/2022","TN",35
"7/9/2022","TN",9
"7/16/2022","TN",7
"7/23/2022","TN",11
"7/30/2022","TN",14
"8/6/2022","TN",17
"8/13/2022","TN",16
"8/20/2022","TN",13
"8/27/2022","TN",15
"9/3/2022","TN",14
"9/10/2022","TN",20
"9/17/2022","TN",17
"9/24/2022","TN",32
"10/1/2022","TN",38
"10/9/2021","WY",0
"10/16/2021","WY",0
"10/23/2021","WY",0
"10/30/2021","WY",0
"11/6/2021","WY",0
"11/13/2021","WY",1
"11/20/2021","WY",4
"11/27/2021","WY",1
"12/4/2021","WY",3
"12/11/2021","WY",2
"12/18/2021","WY",1
"12/25/2021","WY",2
"1/1/2022","WY",19
"1/8/2022","WY",9
"1/15/2022","WY",1
"1/22/2022","WY",7
"1/29/2022","WY",2
"2/5/2022","WY",0
"2/12/2022","WY",2
"2/19/2022","WY",2
"2/26/2022","WY",4
"3/5/2022","WY",4
"3/12/2022","WY",6
"3/19/2022","WY",3
"3/26/2022","WY",7
"4/2/2022","WY",2
"4/9/2022","WY",10
"4/16/2022","WY",8
"4/23/2022","WY",1
"4/30/2022","WY",5
"5/7/2022","WY",4
"5/14/2022","WY",4
"5/21/2022","WY",6
"5/28/2022","WY",6
"6/4/2022","WY",7
"6/11/2022","WY",7
"6/18/2022","WY",4
"6/25/2022","WY",0
"7/2/2022","WY",1
"7/9/2022","WY",2
"7/16/2022","WY",3
"7/23/2022","WY",0
"7/30/2022","WY",2
"8/6/2022","WY",0
"8/13/2022","WY",0
"8/20/2022","WY",0
"8/27/2022","WY",0
"9/3/2022","WY",0
"9/10/2022","WY",0
"9/17/2022","WY",0
"9/24/2022","WY",0
"10/1/2022","WY",0
"10/4/2025","WY",2
"10/11/2025","WY",0
"10/18/2025","WY",0
"10/25/2025","WY",4
"11/1/2025","WY",5
"11/8/2025","WY",2
"11/15/2025","WY",6
"11/22/2025","WY",2
"11/29/2025","WY",10
"12/6/2025","WY",10
"12/13/2025","WY",21
"12/20/2025","WY",29
"12/27/2025","WY",57
"1/3/2026","WY",58
"1/10/2026","WY",56
"1/17/2026","WY",26
"1/24/2026","WY",18
"1/31/2026","WY",10
"2/7/2026","WY",21
"2/14/2026","WY",29
"2/21/2026","WY",13
"2/28/2026","WY",15
"3/7/2026","WY",10
"3/14/2026","WY",11
"3/21/2026","WY",13
"3/28/2026","WY",4
"4/4/2026","WY",10
"4/11/2026","WY",9
"4/18/2026","WY",6
"4/25/2026","WY",1
"5/2/2026","WY",4
"5/9/2026","WY",5
"5/16/2026","WY",8
"5/23/2026","WY",5
"5/30/2026","WY",2
"6/6/2026","WY",1
"6/13/2026","WY",0
"6/20/2026","WY",1
"6/27/2026","WY",1
"7/4/2026","WY",0
"7/11/2026","WY",0
"7/18/2026","WY",0
"7/25/2026","WY",1
"8/1/2026","WY",0
"8/8/2026","WY",0
"8/15/2026","WY",3
"8/22/2026","WY",2
"8/29/2026","WY",0
"9/5/2026","WY",0
"9/12/2026","WY",0
"9/19/2026","WY",4
"9/26/2026","WY",2
"10/7/2023","AS",0
"10/14/2023","AS",0
"10/21/2023","AS",0
"10/28/2023","AS",0
"11/4/2023","AS",0
"11/11/2023","AS",0
"11/18/2023","AS",0
"11/25/2023","AS",0
"12/2/2023","AS",0
"12/9/2023","AS",0
"12/16/2023","AS",0
"12/23/2023","AS",0
"12/30/2023","AS",0
"1/6/2024","AS",0
"1/13/2024","AS",0
"1/20/2024","AS",0
"1/27/2024","AS",0
"2/3/2024","AS",0
"2/10/2024","AS",0
"2/17/2024","AS",0
"2/24/2024","AS",0
"3/2/2024","AS",0
"3/9/2024","AS",0
"3/16/2024","AS",0
"3/23/2024","AS",0
"3/30/2024","AS",0
"4/6/2024","AS",0
"4/13/2024","AS",0
"4/20/2024","AS",0
"4/27/2024","AS",0
"5/4/2024","AS",0
"5/11/2024","AS",0
"5/18/2024","AS",0
"5/25/2024","AS",0
"6/1/2024","AS",0
"6/8/2024","AS",NA
"6/15/2024","AS",NA
"6/22/2024","AS",NA
"6/29/2024","AS",NA
"7/6/2024","AS",NA
"7/13/2024","AS",NA
"7/20/2024","AS",NA
"7/27/2024","AS",NA
"8/3/2024","AS",NA
"8/10/2024","AS",NA
"8/17/2024","AS",NA
"8/24/2024","AS",NA
"8/31/2024","AS",NA
"9/7/2024","AS",NA
"9/14/2024","AS",NA
"9/21/2024","AS",NA
"9/28/2024","AS",NA
"10/3/2020","CO",NA
"10/10/2020","CO",NA
"10/17/2020","CO",0
"10/24/2020","CO",0
"10/31/2020","CO",0
"11/7/2020","CO",3
"11/14/2020","CO",5
"11/21/2020","CO",5
"11/28/2020","CO",3
"12/5/2020","CO",2
"12/12/2020","CO",5
"12/19/2020","CO",5
"12/26/2020","CO",5
"1/2/2021","CO",0
"1/9/2021","CO",0
"1/16/2021","CO",4
"1/23/2021","CO",5
"1/30/2021","CO",5
"2/6/2021","CO",2
"2/13/2021","CO",1
"2/20/2021","CO",1
"2/27/2021","CO",0
"3/6/2021","CO",8
"3/13/2021","CO",2
"3/20/2021","CO",0
"3/27/2021","CO",1
"4/3/2021","CO",0
"4/10/2021","CO",1
"4/17/2021","CO",0
"4/24/2021","CO",1
"5/1/2021","CO",0
"5/8/2021","CO",0
"5/15/2021","CO",0
"5/22/2021","CO",1
"5/29/2021","CO",1
"6/5/2021","CO",0
"6/12/2021","CO",0
"6/19/2021","CO",0
"6/26/2021","CO",0
"7/3/2021","CO",1
"7/10/2021","CO",0
"7/17/2021","CO",0
"7/24/2021","CO",0
"7/31/2021","CO",0
"8/7/2021","CO",1
"8/14/2021","CO",0
"8/21/2021","CO",0
"8/28/2021","CO",1
"9/4/2021","CO",3
"9/11/2021","CO",2
"9/18/2021","CO",0
"9/25/2021","CO",0
"10/2/2021","CO",0
"10/3/2020","DE",NA
"10/10/2020","DE",NA
"10/17/2020","DE",NA
"10/24/2020","DE",0
"10/31/2020","DE",0
"11/7/2020","DE",0
"11/14/2020","DE",0
"11/21/2020","DE",0
"11/28/2020","DE",0
"12/5/2020","DE",0
"12/12/2020","DE",0
"12/19/2020","DE",0
"12/26/2020","DE",0
"1/2/2021","DE",0
"1/9/2021","DE",0
"1/16/2021","DE",3
"1/23/2021","DE",0
"1/30/2021","DE",0
"2/6/2021","DE",0
"2/13/2021","DE",0
"2/20/2021","DE",0
"2/27/2021","DE",0
"3/6/2021","DE",0
"3/13/2021","DE",0
"3/20/2021","DE",0
"3/27/2021","DE",0
"4/3/2021","DE",0
"4/10/2021","DE",0
"4/17/2021","DE",0
"4/24/2021","DE",2
"5/1/2021","DE",0
"5/8/2021","DE",0
"5/15/2021","DE",0
"5/22/2021","DE",0
"5/29/2021","DE",0
"6/5/2021","DE",0
"6/12/2021","DE",0
"6/19/2021","DE",0
"6/26/2021","DE",0
"7/3/2021","DE",0
"7/10/2021","DE",0
"7/17/2021","DE",0
"7/24/2021","DE",0
"7/31/2021","DE",0
"8/7/2021","DE",0
"8/14/2021","DE",0
"8/21/2021","DE",0
"8/28/2021","DE",0
"9/4/2021","DE",0
"9/11/2021","DE",0
"9/18/2021","DE",0
"9/25/2021","DE",0
"10/2/2021","DE",0
"10/9/2021","DE",0
"10/16/2021","DE",0
"10/23/2021","DE",0
"10/30/2021","DE",0
"11/6/2021","DE",0
"11/13/2021","DE",0
"11/20/2021","DE",0
"11/27/2021","DE",0
"12/4/2021","DE",0
"12/11/2021","DE",1
"12/18/2021","DE",6
"12/25/2021","DE",3
"1/1/2022","DE",10
"1/8/2022","DE",6
"1/15/2022","DE",0
"1/22/2022","DE",0
"1/29/2022","DE",0
"2/5/2022","DE",0
"2/12/2022","DE",0
"2/19/2022","DE",0
"2/26/2022","DE",0
"3/5/2022","DE",1
"3/12/2022","DE",7
"3/19/2022","DE",4
"3/26/2022","DE",4
"4/2/2022","DE",3
"4/9/2022","DE",7
"4/16/2022","DE",38
"4/23/2022","DE",17
"4/30/2022","DE",7
"5/7/2022","DE",4
"5/14/2022","DE",3
"5/21/2022","DE",4
"5/28/2022","DE",3
"6/4/2022","DE",9
"6/11/2022","DE",6
"6/18/2022","DE",1
"6/25/2022","DE",2
"7/2/2022","DE",0
"7/9/2022","DE",0
"7/16/2022","DE",1
"7/23/2022","DE",0
"7/30/2022","DE",0
"8/6/2022","DE",0
"8/13/2022","DE",0
"8/20/2022","DE",0
"8/27/2022","DE",0
"9/3/2022","DE",1
"9/10/2022","DE",0
"9/17/2022","DE",2
"9/24/2022","DE",0
"10/1/2022","DE",0
"10/5/2024","DE",0
"10/12/2024","DE",0
"10/19/2024","DE",0
"10/26/2024","DE",0
"11/2/2024","DE",0
"11/9/2024","DE",1
"11/16/2024","DE",4
"11/23/2024","DE",7
"11/30/2024","DE",5
"12/7/2024","DE",15
"12/14/2024","DE",15
"12/21/2024","DE",43
"12/28/2024","DE",96
"1/4/2025","DE",185
"1/11/2025","DE",108
"1/18/2025","DE",94
"1/25/2025","DE",117
"2/1/2025","DE",198
"2/8/2025","DE",231
"2/15/2025","DE",230
"2/22/2025","DE",164
"3/1/2025","DE",125
"3/8/2025","DE",81
"3/15/2025","DE",64
"3/22/2025","DE",48
"3/29/2025","DE",34
"4/5/2025","DE",24
"4/12/2025","DE",14
"4/19/2025","DE",10
"4/26/2025","DE",4
"5/3/2025","DE",10
"5/10/2025","DE",5
"5/17/2025","DE",0
"5/24/2025","DE",1
"5/31/2025","DE",0
"6/7/2025","DE",0
"6/14/2025","DE",5
"6/21/2025","DE",3
"6/28/2025","DE",1
"7/5/2025","DE",3
"7/12/2025","DE",2
"7/19/2025","DE",1
"7/26/2025","DE",0
"8/2/2025","DE",0
"8/9/2025","DE",0
"8/16/2025","DE",0
"8/23/2025","DE",0
"8/30/2025","DE",2
"9/6/2025","DE",0
"9/13/2025","DE",0
"9/20/2025","DE",2
"9/27/2025","DE",0
"10/3/2020","ID",NA
"10/10/2020","ID",0
"10/17/2020","ID",0
"10/24/2020","ID",1
"10/31/2020","ID",0
"11/7/2020","ID",0
"11/14/2020","ID",1
"11/21/2020","ID",0
"11/28/2020","ID",0
"12/5/2020","ID",1
"12/12/2020","ID",1
"12/19/2020","ID",2
"12/26/2020","ID",2
"1/2/2021","ID",0
"1/9/2021","ID",2
"1/16/2021","ID",2
"1/23/2021","ID",0
"1/30/2021","ID",0
"2/6/2021","ID",0
"2/13/2021","ID",0
"2/20/2021","ID",0
"2/27/2021","ID",0
"3/6/2021","ID",0
"3/13/2021","ID",1
"3/20/2021","ID",2
"3/27/2021","ID",1
"4/3/2021","ID",0
"4/10/2021","ID",1
"4/17/2021","ID",0
"4/24/2021","ID",0
"5/1/2021","ID",0
"5/8/2021","ID",0
"5/15/2021","ID",0
"5/22/2021","ID",0
"5/29/2021","ID",0
"6/5/2021","ID",0
"6/12/2021","ID",1
"6/19/2021","ID",0
"6/26/2021","ID",1
"7/3/2021","ID",0
"7/10/2021","ID",0
"7/17/2021","ID",0
"7/24/2021","ID",0
"7/31/2021","ID",0
"8/7/2021","ID",0
"8/14/2021","ID",0
"8/21/2021","ID",0
"8/28/2021","ID",0
"9/4/2021","ID",0
"9/11/2021","ID",0
"9/18/2021","ID",0
"9/25/2021","ID",0
"10/2/2021","ID",0
"10/4/2025","IN",18
"10/11/2025","IN",12
"10/18/2025","IN",17
"10/25/2025","IN",17
"11/1/2025","IN",19
"11/8/2025","IN",22
"11/15/2025","IN",41
"11/22/2025","IN",60
"11/29/2025","IN",86
"12/6/2025","IN",118
"12/13/2025","IN",163
"12/20/2025","IN",351
"12/27/2025","IN",699
"1/3/2026","IN",906
"1/10/2026","IN",642
"1/17/2026","IN",383
"1/24/2026","IN",316
"1/31/2026","IN",335
"2/7/2026","IN",350
"2/14/2026","IN",276
"2/21/2026","IN",359
"2/28/2026","IN",292
"3/7/2026","IN",288
"3/14/2026","IN",246
"3/21/2026","IN",185
"3/28/2026","IN",58
"4/4/2026","IN",56
"4/11/2026","IN",32
"4/18/2026","IN",39
"4/25/2026","IN",23
"5/2/2026","IN",22
"5/9/2026","IN",18
"5/16/2026","IN",18
"5/23/2026","IN",18
"5/30/2026","IN",11
"6/6/2026","IN",6
"6/13/2026","IN",9
"6/20/2026","IN",4
"6/27/2026","IN",9
"7/4/2026","IN",10
"7/11/2026","IN",5
"7/18/2026","IN",4
"7/25/2026","IN",8
"8/1/2026","IN",5
"8/8/2026","IN",8
"8/15/2026","IN",9
"8/22/2026","IN",10
"8/29/2026","IN",2
"9/5/2026","IN",7
"9/12/2026","IN",17
"9/19/2026","IN",24
"9/26/2026","IN",34
"10/3/2020","MD",NA
"10/10/2020","MD",NA
"10/17/2020","MD",0
"10/24/2020","MD",0
"10/31/2020","MD",1
"11/7/2020","MD",2
"11/14/2020","MD",3
"11/21/2020","MD",4
"11/28/2020","MD",3
"12/5/2020","MD",0
"12/12/2020","MD",0
"12/19/2020","MD",2
"12/26/2020","MD",2
"1/2/2021","MD",4
"1/9/2021","MD",10
"1/16/2021","MD",4
"1/23/2021","MD",3
"1/30/2021","MD",4
"2/6/2021","MD",0
"2/13/2021","MD",1
"2/20/2021","MD",1
"2/27/2021","MD",1
"3/6/2021","MD",1
"3/13/2021","MD",3
"3/20/2021","MD",0
"3/27/2021","MD",1
"4/3/2021","MD",1
"4/10/2021","MD",0
"4/17/2021","MD",1
"4/24/2021","MD",0
"5/1/2021","MD",0
"5/8/2021","MD",1
"5/15/2021","MD",2
"5/22/2021","MD",0
"5/29/2021","MD",0
"6/5/2021","MD",0
"6/12/2021","MD",1
"6/19/2021","MD",2
"6/26/2021","MD",2
"7/3/2021","MD",2
"7/10/2021","MD",0
"7/17/2021","MD",0
"7/24/2021","MD",0
"7/31/2021","MD",0
"8/7/2021","MD",0
"8/14/2021","MD",0
"8/21/2021","MD",0
"8/28/2021","MD",0
"9/4/2021","MD",0
"9/11/2021","MD",0
"9/18/2021","MD",0
"9/25/2021","MD",0
"10/2/2021","MD",1
"10/5/2024","NM",1
"10/12/2024","NM",2
"10/19/2024","NM",2
"10/26/2024","NM",15
"11/2/2024","NM",2
"11/9/2024","NM",16
"11/16/2024","NM",21
"11/23/2024","NM",29
"11/30/2024","NM",55
"12/7/2024","NM",103
"12/14/2024","NM",108
"12/21/2024","NM",207
"12/28/2024","NM",234
"1/4/2025","NM",320
"1/11/2025","NM",252
"1/18/2025","NM",251
"1/25/2025","NM",196
"2/1/2025","NM",213
"2/8/2025","NM",215
"2/15/2025","NM",248
"2/22/2025","NM",248
"3/1/2025","NM",184
"3/8/2025","NM",178
"3/15/2025","NM",146
"3/22/2025","NM",109
"3/29/2025","NM",90
"4/5/2025","NM",58
"4/12/2025","NM",37
"4/19/2025","NM",31
"4/26/2025","NM",42
"5/3/2025","NM",32
"5/10/2025","NM",24
"5/17/2025","NM",11
"5/24/2025","NM",14
"5/31/2025","NM",7
"6/7/2025","NM",10
"6/14/2025","NM",6
"6/21/2025","NM",8
"6/28/2025","NM",3
"7/5/2025","NM",4
"7/12/2025","NM",3
"7/19/2025","NM",3
"7/26/2025","NM",3
"8/2/2025","NM",1
"8/9/2025","NM",1
"8/16/2025","NM",1
"8/23/2025","NM",2
"8/30/2025","NM",1
"9/6/2025","NM",4
"9/13/2025","NM",1
"9/20/2025","NM",1
"9/27/2025","NM",3
"10/4/2025","OR",3
"10/11/2025","OR",5
"10/18/2025","OR",5
"10/25/2025","OR",6
"11/1/2025","OR",4
"11/8/2025","OR",9
"11/15/2025","OR",12
"11/22/2025","OR",20
"11/29/2025","OR",29
"12/6/2025","OR",41
"12/13/2025","OR",40
"12/20/2025","OR",57
"12/27/2025","OR",137
"1/3/2026","OR",198
"1/10/2026","OR",170
"1/17/2026","OR",203
"1/24/2026","OR",245
"1/31/2026","OR",432
"2/7/2026","OR",573
"2/14/2026","OR",400
"2/21/2026","OR",309
"2/28/2026","OR",197
"3/7/2026","OR",147
"3/14/2026","OR",102
"3/21/2026","OR",49
"3/28/2026","OR",24
"4/4/2026","OR",13
"4/11/2026","OR",5
"4/18/2026","OR",10
"4/25/2026","OR",10
"5/2/2026","OR",15
"5/9/2026","OR",14
"5/16/2026","OR",12
"5/23/2026","OR",9
"5/30/2026","OR",1
"6/6/2026","OR",3
"6/13/2026","OR",3
"6/20/2026","OR",7
"6/27/2026","OR",1
"7/4/2026","OR",0
"7/11/2026","OR",4
"7/18/2026","OR",3
"7/25/2026","OR",4
"8/1/2026","OR",2
"8/8/2026","OR",2
"8/15/2026","OR",3
"8/22/2026","OR",5
"8/29/2026","OR",2
"9/5/2026","OR",9
"9/12/2026","OR",14
"9/19/2026","OR",26
"9/26/2026","OR",32
"10/5/2024","TN",4
"10/12/2024","TN",2
"10/19/2024","TN",8
"10/26/2024","TN",31
"11/2/2024","TN",45
"11/9/2024","TN",96
"11/16/2024","TN",94
"11/23/2024","TN",59
"11/30/2024","TN",60
"12/7/2024","TN",115
"12/14/2024","TN",217
"12/21/2024","TN",372
"12/28/2024","TN",747
"1/4/2025","TN",1063
"1/11/2025","TN",684
"1/18/2025","TN",570
"1/25/2025","TN",646
"2/1/2025","TN",944
"2/8/2025","TN",1067
"2/15/2025","TN",699
"2/22/2025","TN",546
"3/1/2025","TN",526
"3/8/2025","TN",479
"3/15/2025","TN",461
"3/22/2025","TN",308
"3/29/2025","TN",219
"4/5/2025","TN",150
"4/12/2025","TN",100
"4/19/2025","TN",59
"4/26/2025","TN",65
"5/3/2025","TN",46
"5/10/2025","TN",32
"5/17/2025","TN",50
"5/24/2025","TN",36
"5/31/2025","TN",35
"6/7/2025","TN",35
"6/14/2025","TN",45
"6/21/2025","TN",33
"6/28/2025","TN",19
"7/5/2025","TN",13
"7/12/2025","TN",33
"7/19/2025","TN",34
"7/26/2025","TN",23
"8/2/2025","TN",17
"8/9/2025","TN",32
"8/16/2025","TN",23
"8/23/2025","TN",25
"8/30/2025","TN",25
"9/6/2025","TN",28
"9/13/2025","TN",36
"9/20/2025","TN",40
"9/27/2025","TN",41
"10/3/2020","VT",NA
"10/10/2020","VT",NA
"10/17/2020","VT",NA
"10/24/2020","VT",0
"10/31/2020","VT",0
"11/7/2020","VT",0
"11/14/2020","VT",1
"11/21/2020","VT",1
"11/28/2020","VT",0
"12/5/2020","VT",0
"12/12/2020","VT",0
"12/19/2020","VT",0
"12/26/2020","VT",0
"1/2/2021","VT",0
"1/9/2021","VT",0
"1/16/2021","VT",0
"1/23/2021","VT",0
"1/30/2021","VT",0
"2/6/2021","VT",1
"2/13/2021","VT",0
"2/20/2021","VT",0
"2/27/2021","VT",0
"3/6/2021","VT",0
"3/13/2021","VT",0
"3/20/2021","VT",0
"3/27/2021","VT",0
"4/3/2021","VT",1
"4/10/2021","VT",0
"4/17/2021","VT",2
"4/24/2021","VT",0
"5/1/2021","VT",0
"5/8/2021","VT",3
"5/15/2021","VT",0
"5/22/2021","VT",0
"5/29/2021","VT",0
"6/5/2021","VT",0
"6/12/2021","VT",0
"6/19/2021","VT",0
"6/26/2021","VT",0
"7/3/2021","VT",0
"7/10/2021","VT",0
"7/17/2021","VT",0
"7/24/2021","VT",0
"7/31/2021","VT",0
"8/7/2021","VT",0
"8/14/2021","VT",0
"8/21/2021","VT",0
"8/28/2021","VT",2
"9/4/2021","VT",0
"9/11/2021","VT",0
"9/18/2021","VT",0
"9/25/2021","VT",0
"10/2/2021","VT",0
"10/5/2024","WA",10
"10/12/2024","WA",7
"10/19/2024","WA",1
"10/26/2024","WA",4
"11/2/2024","WA",2
"11/9/2024","WA",14
"11/16/2024","WA",22
"11/23/2024","WA",29
"11/30/2024","WA",46
"12/7/2024","WA",78
"12/14/2024","WA",188
"12/21/2024","WA",418
"12/28/2024","WA",541
"1/4/2025","WA",531
"1/11/2025","WA",392
"1/18/2025","WA",360
"1/25/2025","WA",417
"2/1/2025","WA",602
"2/8/2025","WA",747
"2/15/2025","WA",659
"2/22/2025","WA",671
"3/1/2025","WA",422
"3/8/2025","WA",253
"3/15/2025","WA",201
"3/22/2025","WA",165
"3/29/2025","WA",113
"4/5/2025","WA",101
"4/12/2025","WA",74
"4/19/2025","WA",42
"4/26/2025","WA",39
"5/3/2025","WA",20
"5/10/2025","WA",24
"5/17/2025","WA",16
"5/24/2025","WA",29
"5/31/2025","WA",26
"6/7/2025","WA",31
"6/14/2025","WA",23
"6/21/2025","WA",14
"6/28/2025","WA",13
"7/5/2025","WA",14
"7/12/2025","WA",8
"7/19/2025","WA",5
"7/26/2025","WA",6
"8/2/2025","WA",4
"8/9/2025","WA",7
"8/16/2025","WA",10
"8/23/2025","WA",10
"8/30/2025","WA",4
"9/6/2025","WA",13
"9/13/2025","WA",14
"9/20/2025","WA",6
"9/27/2025","WA",8
"8/8/2020","AK",NA
"8/15/2020","AK",NA
"8/22/2020","AK",NA
"8/29/2020","AK",NA
"9/5/2020","AK",NA
"9/12/2020","AK",NA
"9/19/2020","AK",NA
"9/26/2020","AK",NA
"10/8/2022","AR",22
"10/15/2022","AR",37
"10/22/2022","AR",47
"10/29/2022","AR",77
"11/5/2022","AR",134
"11/12/2022","AR",203
"11/19/2022","AR",213
"11/26/2022","AR",407
"12/3/2022","AR",466
"12/10/2022","AR",344
"12/17/2022","AR",249
"12/24/2022","AR",201
"12/31/2022","AR",204
"1/7/2023","AR",158
"1/14/2023","AR",104
"1/21/2023","AR",65
"1/28/2023","AR",44
"2/4/2023","AR",20
"2/11/2023","AR",32
"2/18/2023","AR",24
"2/25/2023","AR",30
"3/4/2023","AR",33
"3/11/2023","AR",23
"3/18/2023","AR",15
"3/25/2023","AR",18
"4/1/2023","AR",25
"4/8/2023","AR",15
"4/15/2023","AR",17
"4/22/2023","AR",8
"4/29/2023","AR",11
"5/6/2023","AR",9
"5/13/2023","AR",12
"5/20/2023","AR",9
"5/27/2023","AR",14
"6/3/2023","AR",6
"6/10/2023","AR",1
"6/17/2023","AR",5
"6/24/2023","AR",12
"7/1/2023","AR",6
"7/8/2023","AR",4
"7/15/2023","AR",8
"7/22/2023","AR",6
"7/29/2023","AR",5
"8/5/2023","AR",11
"8/12/2023","AR",10
"8/19/2023","AR",7
"8/26/2023","AR",9
"9/2/2023","AR",6
"9/9/2023","AR",8
"9/16/2023","AR",7
"9/23/2023","AR",6
"9/30/2023","AR",10
"10/3/2020","DC",NA
"10/10/2020","DC",NA
"10/17/2020","DC",NA
"10/24/2020","DC",0
"10/31/2020","DC",0
"11/7/2020","DC",0
"11/14/2020","DC",0
"11/21/2020","DC",0
"11/28/2020","DC",0
"12/5/2020","DC",0
"12/12/2020","DC",0
"12/19/2020","DC",0
"12/26/2020","DC",0
"1/2/2021","DC",0
"1/9/2021","DC",0
"1/16/2021","DC",0
"1/23/2021","DC",0
"1/30/2021","DC",0
"2/6/2021","DC",0
"2/13/2021","DC",0
"2/20/2021","DC",0
"2/27/2021","DC",0
"3/6/2021","DC",0
"3/13/2021","DC",0
"3/20/2021","DC",0
"3/27/2021","DC",0
"4/3/2021","DC",0
"4/10/2021","DC",0
"4/17/2021","DC",0
"4/24/2021","DC",0
"5/1/2021","DC",0
"5/8/2021","DC",0
"5/15/2021","DC",0
"5/22/2021","DC",0
"5/29/2021","DC",0
"6/5/2021","DC",0
"6/12/2021","DC",0
"6/19/2021","DC",0
"6/26/2021","DC",0
"7/3/2021","DC",0
"7/10/2021","DC",1
"7/17/2021","DC",0
"7/24/2021","DC",0
"7/31/2021","DC",0
"8/7/2021","DC",0
"8/14/2021","DC",0
"8/21/2021","DC",0
"8/28/2021","DC",0
"9/4/2021","DC",0
"9/11/2021","DC",0
"9/18/2021","DC",0
"9/25/2021","DC",0
"10/2/2021","DC",0
"10/8/2022","HI",5
"10/15/2022","HI",6
"10/22/2022","HI",3
"10/29/2022","HI",7
"11/5/2022","HI",7
"11/12/2022","HI",21
"11/19/2022","HI",15
"11/26/2022","HI",12
"12/3/2022","HI",9
"12/10/2022","HI",13
"12/17/2022","HI",14
"12/24/2022","HI",29
"12/31/2022","HI",34
"1/7/2023","HI",10
"1/14/2023","HI",9
"1/21/2023","HI",0
"1/28/2023","HI",9
"2/4/2023","HI",8
"2/11/2023","HI",10
"2/18/2023","HI",4
"2/25/2023","HI",5
"3/4/2023","HI",1
"3/11/2023","HI",3
"3/18/2023","HI",4
"3/25/2023","HI",1
"4/1/2023","HI",7
"4/8/2023","HI",3
"4/15/2023","HI",1
"4/22/2023","HI",2
"4/29/2023","HI",1
"5/6/2023","HI",0
"5/13/2023","HI",1
"5/20/2023","HI",3
"5/27/2023","HI",0
"6/3/2023","HI",4
"6/10/2023","HI",6
"6/17/2023","HI",8
"6/24/2023","HI",9
"7/1/2023","HI",10
"7/8/2023","HI",8
"7/15/2023","HI",6
"7/22/2023","HI",4
"7/29/2023","HI",4
"8/5/2023","HI",6
"8/12/2023","HI",4
"8/19/2023","HI",6
"8/26/2023","HI",6
"9/2/2023","HI",7
"9/9/2023","HI",5
"9/16/2023","HI",8
"9/23/2023","HI",5
"9/30/2023","HI",10
"10/3/2020","KS",NA
"10/10/2020","KS",NA
"10/17/2020","KS",0
"10/24/2020","KS",6
"10/31/2020","KS",8
"11/7/2020","KS",2
"11/14/2020","KS",3
"11/21/2020","KS",4
"11/28/2020","KS",4
"12/5/2020","KS",7
"12/12/2020","KS",4
"12/19/2020","KS",10
"12/26/2020","KS",1
"1/2/2021","KS",1
"1/9/2021","KS",2
"1/16/2021","KS",9
"1/23/2021","KS",1
"1/30/2021","KS",1
"2/6/2021","KS",0
"2/13/2021","KS",4
"2/20/2021","KS",5
"2/27/2021","KS",0
"3/6/2021","KS",0
"3/13/2021","KS",6
"3/20/2021","KS",0
"3/27/2021","KS",1
"4/3/2021","KS",2
"4/10/2021","KS",6
"4/17/2021","KS",3
"4/24/2021","KS",4
"5/1/2021","KS",4
"5/8/2021","KS",10
"5/15/2021","KS",0
"5/22/2021","KS",2
"5/29/2021","KS",0
"6/5/2021","KS",0
"6/12/2021","KS",0
"6/19/2021","KS",0
"6/26/2021","KS",3
"7/3/2021","KS",2
"7/10/2021","KS",0
"7/17/2021","KS",4
"7/24/2021","KS",0
"7/31/2021","KS",0
"8/7/2021","KS",2
"8/14/2021","KS",1
"8/21/2021","KS",0
"8/28/2021","KS",1
"9/4/2021","KS",2
"9/11/2021","KS",0
"9/18/2021","KS",0
"9/25/2021","KS",2
"10/2/2021","KS",4
"10/5/2024","MA",NA
"10/12/2024","MA",0
"10/19/2024","MA",0
"10/26/2024","MA",0
"11/2/2024","MA",3
"11/9/2024","MA",39
"11/16/2024","MA",16
"11/23/2024","MA",50
"11/30/2024","MA",72
"12/7/2024","MA",95
"12/14/2024","MA",133
"12/21/2024","MA",142
"12/28/2024","MA",287
"1/4/2025","MA",576
"1/11/2025","MA",594
"1/18/2025","MA",757
"1/25/2025","MA",991
"2/1/2025","MA",1347
"2/8/2025","MA",1637
"2/15/2025","MA",1522
"2/22/2025","MA",1381
"3/1/2025","MA",1246
"3/8/2025","MA",749
"3/15/2025","MA",446
"3/22/2025","MA",320
"3/29/2025","MA",223
"4/5/2025","MA",143
"4/12/2025","MA",119
"4/19/2025","MA",86
"4/26/2025","MA",84
"5/3/2025","MA",73
"5/10/2025","MA",39
"5/17/2025","MA",30
"5/24/2025","MA",29
"5/31/2025","MA",26
"6/7/2025","MA",19
"6/14/2025","MA",23
"6/21/2025","MA",8
"6/28/2025","MA",17
"7/5/2025","MA",17
"7/12/2025","MA",14
"7/19/2025","MA",10
"7/26/2025","MA",4
"8/2/2025","MA",8
"8/9/2025","MA",6
"8/16/2025","MA",8
"8/23/2025","MA",6
"8/30/2025","MA",8
"9/6/2025","MA",14
"9/13/2025","MA",13
"9/20/2025","MA",10
"9/27/2025","MA",13
"8/8/2020","MD",NA
"8/15/2020","MD",NA
"8/22/2020","MD",NA
"8/29/2020","MD",NA
"9/5/2020","MD",NA
"9/12/2020","MD",NA
"9/19/2020","MD",NA
"9/26/2020","MD",NA
"10/4/2025","ME",1
"10/11/2025","ME",1
"10/18/2025","ME",3
"10/25/2025","ME",3
"11/1/2025","ME",2
"11/8/2025","ME",3
"11/15/2025","ME",4
"11/22/2025","ME",8
"11/29/2025","ME",13
"12/6/2025","ME",20
"12/13/2025","ME",31
"12/20/2025","ME",82
"12/27/2025","ME",147
"1/3/2026","ME",255
"1/10/2026","ME",172
"1/17/2026","ME",118
"1/24/2026","ME",81
"1/31/2026","ME",69
"2/7/2026","ME",68
"2/14/2026","ME",47
"2/21/2026","ME",59
"2/28/2026","ME",43
"3/7/2026","ME",35
"3/14/2026","ME",30
"3/21/2026","ME",26
"3/28/2026","ME",10
"4/4/2026","ME",8
"4/11/2026","ME",6
"4/18/2026","ME",3
"4/25/2026","ME",10
"5/2/2026","ME",6
"5/9/2026","ME",3
"5/16/2026","ME",4
"5/23/2026","ME",3
"5/30/2026","ME",3
"6/6/2026","ME",0
"6/13/2026","ME",1
"6/20/2026","ME",0
"6/27/2026","ME",0
"7/4/2026","ME",1
"7/11/2026","ME",0
"7/18/2026","ME",0
"7/25/2026","ME",1
"8/1/2026","ME",0
"8/8/2026","ME",0
"8/15/2026","ME",0
"8/22/2026","ME",0
"8/29/2026","ME",1
"9/5/2026","ME",1
"9/12/2026","ME",3
"9/19/2026","ME",8
"9/26/2026","ME",5
"10/3/2020","NC",NA
"10/10/2020","NC",NA
"10/17/2020","NC",0
"10/24/2020","NC",7
"10/31/2020","NC",12
"11/7/2020","NC",8
"11/14/2020","NC",8
"11/21/2020","NC",18
"11/28/2020","NC",19
"12/5/2020","NC",9
"12/12/2020","NC",11
"12/19/2020","NC",8
"12/26/2020","NC",10
"1/2/2021","NC",15
"1/9/2021","NC",12
"1/16/2021","NC",24
"1/23/2021","NC",4
"1/30/2021","NC",10
"2/6/2021","NC",4
"2/13/2021","NC",3
"2/20/2021","NC",8
"2/27/2021","NC",8
"3/6/2021","NC",4
"3/13/2021","NC",5
"3/20/2021","NC",6
"3/27/2021","NC",3
"4/3/2021","NC",1
"4/10/2021","NC",3
"4/17/2021","NC",10
"4/24/2021","NC",57
"5/1/2021","NC",102
"5/8/2021","NC",34
"5/15/2021","NC",15
"5/22/2021","NC",12
"5/29/2021","NC",6
"6/5/2021","NC",1
"6/12/2021","NC",9
"6/19/2021","NC",6
"6/26/2021","NC",6
"7/3/2021","NC",5
"7/10/2021","NC",4
"7/17/2021","NC",6
"7/24/2021","NC",8
"7/31/2021","NC",10
"8/7/2021","NC",3
"8/14/2021","NC",15
"8/21/2021","NC",8
"8/28/2021","NC",4
"9/4/2021","NC",8
"9/11/2021","NC",13
"9/18/2021","NC",13
"9/25/2021","NC",5
"10/2/2021","NC",15
"10/7/2023","ND",0
"10/14/2023","ND",1
"10/21/2023","ND",1
"10/28/2023","ND",1
"11/4/2023","ND",0
"11/11/2023","ND",2
"11/18/2023","ND",7
"11/25/2023","ND",4
"12/2/2023","ND",17
"12/9/2023","ND",10
"12/16/2023","ND",15
"12/23/2023","ND",26
"12/30/2023","ND",51
"1/6/2024","ND",52
"1/13/2024","ND",32
"1/20/2024","ND",41
"1/27/2024","ND",47
"2/3/2024","ND",37
"2/10/2024","ND",31
"2/17/2024","ND",28
"2/24/2024","ND",25
"3/2/2024","ND",21
"3/9/2024","ND",21
"3/16/2024","ND",29
"3/23/2024","ND",20
"3/30/2024","ND",30
"4/6/2024","ND",17
"4/13/2024","ND",18
"4/20/2024","ND",15
"4/27/2024","ND",7
"5/4/2024","ND",4
"5/11/2024","ND",0
"5/18/2024","ND",1
"5/25/2024","ND",0
"6/1/2024","ND",0
"6/8/2024","ND",0
"6/15/2024","ND",0
"6/22/2024","ND",1
"6/29/2024","ND",0
"7/6/2024","ND",0
"7/13/2024","ND",0
"7/20/2024","ND",0
"7/27/2024","ND",1
"8/3/2024","ND",0
"8/10/2024","ND",0
"8/17/2024","ND",0
"8/24/2024","ND",0
"8/31/2024","ND",0
"9/7/2024","ND",0
"9/14/2024","ND",0
"9/21/2024","ND",0
"9/28/2024","ND",1
"10/5/2024","NY",7
"10/12/2024","NY",0
"10/19/2024","NY",5
"10/26/2024","NY",8
"11/2/2024","NY",15
"11/9/2024","NY",55
"11/16/2024","NY",63
"11/23/2024","NY",103
"11/30/2024","NY",145
"12/7/2024","NY",275
"12/14/2024","NY",432
"12/21/2024","NY",736
"12/28/2024","NY",1528
"1/4/2025","NY",2594
"1/11/2025","NY",2249
"1/18/2025","NY",2617
"1/25/2025","NY",2931
"2/1/2025","NY",3128
"2/8/2025","NY",2942
"2/15/2025","NY",2492
"2/22/2025","NY",2035
"3/1/2025","NY",1630
"3/8/2025","NY",1278
"3/15/2025","NY",1107
"3/22/2025","NY",894
"3/29/2025","NY",611
"4/5/2025","NY",508
"4/12/2025","NY",395
"4/19/2025","NY",283
"4/26/2025","NY",209
"5/3/2025","NY",157
"5/10/2025","NY",105
"5/17/2025","NY",63
"5/24/2025","NY",50
"5/31/2025","NY",41
"6/7/2025","NY",27
"6/14/2025","NY",29
"6/21/2025","NY",27
"6/28/2025","NY",22
"7/5/2025","NY",22
"7/12/2025","NY",24
"7/19/2025","NY",19
"7/26/2025","NY",19
"8/2/2025","NY",13
"8/9/2025","NY",12
"8/16/2025","NY",14
"8/23/2025","NY",21
"8/30/2025","NY",17
"9/6/2025","NY",19
"9/13/2025","NY",15
"9/20/2025","NY",9
"9/27/2025","NY",27
"10/8/2022","OH",17
"10/15/2022","OH",32
"10/22/2022","OH",33
"10/29/2022","OH",105
"11/5/2022","OH",196
"11/12/2022","OH",257
"11/19/2022","OH",311
"11/26/2022","OH",560
"12/3/2022","OH",954
"12/10/2022","OH",957
"12/17/2022","OH",972
"12/24/2022","OH",799
"12/31/2022","OH",706
"1/7/2023","OH",489
"1/14/2023","OH",194
"1/21/2023","OH",122
"1/28/2023","OH",72
"2/4/2023","OH",58
"2/11/2023","OH",49
"2/18/2023","OH",47
"2/25/2023","OH",24
"3/4/2023","OH",23
"3/11/2023","OH",26
"3/18/2023","OH",34
"3/25/2023","OH",29
"4/1/2023","OH",33
"4/8/2023","OH",12
"4/15/2023","OH",25
"4/22/2023","OH",18
"4/29/2023","OH",19
"5/6/2023","OH",17
"5/13/2023","OH",17
"5/20/2023","OH",218
"5/27/2023","OH",14
"6/3/2023","OH",10
"6/10/2023","OH",11
"6/17/2023","OH",11
"6/24/2023","OH",14
"7/1/2023","OH",37
"7/8/2023","OH",37
"7/15/2023","OH",40
"7/22/2023","OH",33
"7/29/2023","OH",117
"8/5/2023","OH",9
"8/12/2023","OH",10
"8/19/2023","OH",8
"8/26/2023","OH",16
"9/2/2023","OH",13
"9/9/2023","OH",15
"9/16/2023","OH",9
"9/23/2023","OH",9
"9/30/2023","OH",16
"10/8/2022","PR",33
"10/15/2022","PR",43
"10/22/2022","PR",49
"10/29/2022","PR",52
"11/5/2022","PR",90
"11/12/2022","PR",88
"11/19/2022","PR",65
"11/26/2022","PR",73
"12/3/2022","PR",77
"12/10/2022","PR",73
"12/17/2022","PR",61
"12/24/2022","PR",114
"12/31/2022","PR",60
"1/7/2023","PR",52
"1/14/2023","PR",84
"1/21/2023","PR",47
"1/28/2023","PR",57
"2/4/2023","PR",54
"2/11/2023","PR",77
"2/18/2023","PR",44
"2/25/2023","PR",32
"3/4/2023","PR",22
"3/11/2023","PR",16
"3/18/2023","PR",11
"3/25/2023","PR",25
"4/1/2023","PR",42
"4/8/2023","PR",33
"4/15/2023","PR",34
"4/22/2023","PR",33
"4/29/2023","PR",36
"5/6/2023","PR",47
"5/13/2023","PR",43
"5/20/2023","PR",59
"5/27/2023","PR",60
"6/3/2023","PR",73
"6/10/2023","PR",61
"6/17/2023","PR",50
"6/24/2023","PR",58
"7/1/2023","PR",52
"7/8/2023","PR",39
"7/15/2023","PR",42
"7/22/2023","PR",33
"7/29/2023","PR",42
"8/5/2023","PR",29
"8/12/2023","PR",39
"8/19/2023","PR",30
"8/26/2023","PR",52
"9/2/2023","PR",59
"9/9/2023","PR",54
"9/16/2023","PR",59
"9/23/2023","PR",84
"9/30/2023","PR",99
"10/3/2020","TX",NA
"10/10/2020","TX",NA
"10/17/2020","TX",3
"10/24/2020","TX",66
"10/31/2020","TX",134
"11/7/2020","TX",177
"11/14/2020","TX",171
"11/21/2020","TX",184
"11/28/2020","TX",221
"12/5/2020","TX",247
"12/12/2020","TX",217
"12/19/2020","TX",263
"12/26/2020","TX",263
"1/2/2021","TX",250
"1/9/2021","TX",126
"1/16/2021","TX",118
"1/23/2021","TX",337
"1/30/2021","TX",121
"2/6/2021","TX",146
"2/13/2021","TX",120
"2/20/2021","TX",107
"2/27/2021","TX",77
"3/6/2021","TX",81
"3/13/2021","TX",120
"3/20/2021","TX",49
"3/27/2021","TX",55
"4/3/2021","TX",55
"4/10/2021","TX",61
"4/17/2021","TX",41
"4/24/2021","TX",51
"5/1/2021","TX",50
"5/8/2021","TX",36
"5/15/2021","TX",35
"5/22/2021","TX",41
"5/29/2021","TX",38
"6/5/2021","TX",44
"6/12/2021","TX",39
"6/19/2021","TX",34
"6/26/2021","TX",36
"7/3/2021","TX",54
"7/10/2021","TX",76
"7/17/2021","TX",84
"7/24/2021","TX",74
"7/31/2021","TX",41
"8/7/2021","TX",25
"8/14/2021","TX",16
"8/21/2021","TX",14
"8/28/2021","TX",11
"9/4/2021","TX",15
"9/11/2021","TX",20
"9/18/2021","TX",17
"9/25/2021","TX",13
"10/2/2021","TX",15
"10/4/2025","TX",101
"10/11/2025","TX",131
"10/18/2025","TX",135
"10/25/2025","TX",139
"11/1/2025","TX",169
"11/8/2025","TX",232
"11/15/2025","TX",295
"11/22/2025","TX",442
"11/29/2025","TX",591
"12/6/2025","TX",694
"12/13/2025","TX",960
"12/20/2025","TX",1685
"12/27/2025","TX",2847
"1/3/2026","TX",2372
"1/10/2026","TX",1845
"1/17/2026","TX",1214
"1/24/2026","TX",1388
"1/31/2026","TX",1326
"2/7/2026","TX",1395
"2/14/2026","TX",1352
"2/21/2026","TX",1041
"2/28/2026","TX",784
"3/7/2026","TX",729
"3/14/2026","TX",444
"3/21/2026","TX",416
"3/28/2026","TX",285
"4/4/2026","TX",187
"4/11/2026","TX",144
"4/18/2026","TX",129
"4/25/2026","TX",129
"5/2/2026","TX",129
"5/9/2026","TX",136
"5/16/2026","TX",123
"5/23/2026","TX",107
"5/30/2026","TX",106
"6/6/2026","TX",104
"6/13/2026","TX",84
"6/20/2026","TX",84
"6/27/2026","TX",73
"7/4/2026","TX",78
"7/11/2026","TX",67
"7/18/2026","TX",61
"7/25/2026","TX",61
"8/1/2026","TX",61
"8/8/2026","TX",70
"8/15/2026","TX",62
"8/22/2026","TX",102
"8/29/2026","TX",92
"9/5/2026","TX",147
"9/12/2026","TX",183
"9/19/2026","TX",180
"9/26/2026","TX",247
"10/5/2024","VI",NA
"10/12/2024","VI",NA
"10/19/2024","VI",NA
"10/26/2024","VI",0
"11/2/2024","VI",0
"11/9/2024","VI",0
"11/16/2024","VI",0
"11/23/2024","VI",0
"11/30/2024","VI",0
"12/7/2024","VI",0
"12/14/2024","VI",0
"12/21/2024","VI",0
"12/28/2024","VI",1
"1/4/2025","VI",0
"1/11/2025","VI",0
"1/18/2025","VI",3
"1/25/2025","VI",0
"2/1/2025","VI",0
"2/8/2025","VI",0
"2/15/2025","VI",1
"2/22/2025","VI",0
"3/1/2025","VI",0
"3/8/2025","VI",0
"3/15/2025","VI",1
"3/22/2025","VI",0
"3/29/2025","VI",1
"4/5/2025","VI",0
"4/12/2025","VI",0
"4/19/2025","VI",0
"4/26/2025","VI",0
"5/3/2025","VI",0
"5/10/2025","VI",0
"5/17/2025","VI",0
"5/24/2025","VI",0
"5/31/2025","VI",0
"6/7/2025","VI",0
"6/14/2025","VI",0
"6/21/2025","VI",0
"6/28/2025","VI",0
"7/5/2025","VI",0
"7/12/2025","VI",0
"7/19/2025","VI",0
"7/26/2025","VI",0
"8/2/2025","VI",0
"8/9/2025","VI",0
"8/16/2025","VI",0
"8/23/2025","VI",0
"8/30/2025","VI",0
"9/6/2025","VI",0
"9/13/2025","VI",0
"9/20/2025","VI",0
"9/27/2025","VI",0
"10/3/2020","AS",NA
"10/10/2020","AS",NA
"10/17/2020","AS",NA
"10/24/2020","AS",NA
"10/31/2020","AS",NA
"11/7/2020","AS",NA
"11/14/2020","AS",NA
"11/21/2020","AS",NA
"11/28/2020","AS",NA
"12/5/2020","AS",NA
"12/12/2020","AS",NA
"12/19/2020","AS",NA
"12/26/2020","AS",NA
"1/2/2021","AS",NA
"1/9/2021","AS",NA
"1/16/2021","AS",NA
"1/23/2021","AS",NA
"1/30/2021","AS",NA
"2/6/2021","AS",NA
"2/13/2021","AS",NA
"2/20/2021","AS",NA
"2/27/2021","AS",NA
"3/6/2021","AS",NA
"3/13/2021","AS",NA
"3/20/2021","AS",NA
"3/27/2021","AS",NA
"4/3/2021","AS",NA
"4/10/2021","AS",NA
"4/17/2021","AS",NA
"4/24/2021","AS",NA
"5/1/2021","AS",NA
"5/8/2021","AS",NA
"5/15/2021","AS",NA
"5/22/2021","AS",NA
"5/29/2021","AS",NA
"6/5/2021","AS",NA
"6/12/2021","AS",NA
"6/19/2021","AS",NA
"6/26/2021","AS",NA
"7/3/2021","AS",NA
"7/10/2021","AS",NA
"7/17/2021","AS",NA
"7/24/2021","AS",NA
"7/31/2021","AS",NA
"8/7/2021","AS",NA
"8/14/2021","AS",NA
"8/21/2021","AS",NA
"8/28/2021","AS",0
"9/4/2021","AS",0
"9/11/2021","AS",0
"9/18/2021","AS",0
"9/25/2021","AS",0
"10/2/2021","AS",0
"10/4/2025","AS",0
"10/11/2025","AS",0
"10/18/2025","AS",0
"10/25/2025","AS",NA
"11/1/2025","AS",NA
"11/8/2025","AS",4
"11/15/2025","AS",0
"11/22/2025","AS",NA
"11/29/2025","AS",NA
"12/6/2025","AS",NA
"12/13/2025","AS",NA
"12/20/2025","AS",NA
"12/27/2025","AS",NA
"1/3/2026","AS",NA
"1/10/2026","AS",NA
"1/17/2026","AS",NA
"1/24/2026","AS",NA
"1/31/2026","AS",NA
"2/7/2026","AS",NA
"2/14/2026","AS",NA
"2/21/2026","AS",NA
"2/28/2026","AS",0
"3/7/2026","AS",NA
"3/14/2026","AS",NA
"3/21/2026","AS",NA
"3/28/2026","AS",NA
"4/4/2026","AS",NA
"4/11/2026","AS",NA
"4/18/2026","AS",NA
"4/25/2026","AS",NA
"5/2/2026","AS",NA
"5/9/2026","AS",NA
"5/16/2026","AS",NA
"5/23/2026","AS",NA
"5/30/2026","AS",NA
"6/6/2026","AS",NA
"6/13/2026","AS",NA
"6/20/2026","AS",NA
"6/27/2026","AS",NA
"7/4/2026","AS",NA
"7/11/2026","AS",NA
"7/18/2026","AS",NA
"7/25/2026","AS",NA
"8/1/2026","AS",NA
"8/8/2026","AS",NA
"8/15/2026","AS",NA
"8/22/2026","AS",NA
"8/29/2026","AS",NA
"9/5/2026","AS",NA
"9/12/2026","AS",NA
"9/19/2026","AS",NA
"9/26/2026","AS",NA
"10/8/2022","FL",113
"10/15/2022","FL",101
"10/22/2022","FL",124
"10/29/2022","FL",241
"11/5/2022","FL",290
"11/12/2022","FL",452
"11/19/2022","FL",517
"11/26/2022","FL",741
"12/3/2022","FL",919
"12/10/2022","FL",785
"12/17/2022","FL",846
"12/24/2022","FL",1017
"12/31/2022","FL",1238
"1/7/2023","FL",1321
"1/14/2023","FL",700
"1/21/2023","FL",592
"1/28/2023","FL",420
"2/4/2023","FL",353
"2/11/2023","FL",300
"2/18/2023","FL",235
"2/25/2023","FL",213
"3/4/2023","FL",178
"3/11/2023","FL",179
"3/18/2023","FL",211
"3/25/2023","FL",158
"4/1/2023","FL",165
"4/8/2023","FL",184
"4/15/2023","FL",130
"4/22/2023","FL",152
"4/29/2023","FL",136
"5/6/2023","FL",128
"5/13/2023","FL",132
"5/20/2023","FL",140
"5/27/2023","FL",141
"6/3/2023","FL",148
"6/10/2023","FL",166
"6/17/2023","FL",148
"6/24/2023","FL",165
"7/1/2023","FL",158
"7/8/2023","FL",144
"7/15/2023","FL",138
"7/22/2023","FL",109
"7/29/2023","FL",131
"8/5/2023","FL",131
"8/12/2023","FL",133
"8/19/2023","FL",152
"8/26/2023","FL",160
"9/2/2023","FL",171
"9/9/2023","FL",150
"9/16/2023","FL",154
"9/23/2023","FL",171
"9/30/2023","FL",168
"10/4/2025","GA",27
"10/11/2025","GA",15
"10/18/2025","GA",25
"10/25/2025","GA",32
"11/1/2025","GA",31
"11/8/2025","GA",47
"11/15/2025","GA",62
"11/22/2025","GA",106
"11/29/2025","GA",166
"12/6/2025","GA",182
"12/13/2025","GA",330
"12/20/2025","GA",675
"12/27/2025","GA",1400
"1/3/2026","GA",1317
"1/10/2026","GA",707
"1/17/2026","GA",349
"1/24/2026","GA",342
"1/31/2026","GA",341
"2/7/2026","GA",363
"2/14/2026","GA",443
"2/21/2026","GA",384
"2/28/2026","GA",249
"3/7/2026","GA",226
"3/14/2026","GA",152
"3/21/2026","GA",101
"3/28/2026","GA",55
"4/4/2026","GA",73
"4/11/2026","GA",42
"4/18/2026","GA",38
"4/25/2026","GA",31
"5/2/2026","GA",19
"5/9/2026","GA",16
"5/16/2026","GA",28
"5/23/2026","GA",33
"5/30/2026","GA",10
"6/6/2026","GA",18
"6/13/2026","GA",10
"6/20/2026","GA",8
"6/27/2026","GA",11
"7/4/2026","GA",16
"7/11/2026","GA",12
"7/18/2026","GA",12
"7/25/2026","GA",11
"8/1/2026","GA",6
"8/8/2026","GA",10
"8/15/2026","GA",14
"8/22/2026","GA",11
"8/29/2026","GA",18
"9/5/2026","GA",25
"9/12/2026","GA",28
"9/19/2026","GA",36
"9/26/2026","GA",28
"10/3/2020","HI",NA
"10/10/2020","HI",NA
"10/17/2020","HI",0
"10/24/2020","HI",0
"10/31/2020","HI",0
"11/7/2020","HI",0
"11/14/2020","HI",0
"11/21/2020","HI",0
"11/28/2020","HI",1
"12/5/2020","HI",0
"12/12/2020","HI",0
"12/19/2020","HI",0
"12/26/2020","HI",0
"1/2/2021","HI",0
"1/9/2021","HI",0
"1/16/2021","HI",0
"1/23/2021","HI",0
"1/30/2021","HI",0
"2/6/2021","HI",0
"2/13/2021","HI",0
"2/20/2021","HI",0
"2/27/2021","HI",0
"3/6/2021","HI",0
"3/13/2021","HI",0
"3/20/2021","HI",0
"3/27/2021","HI",0
"4/3/2021","HI",0
"4/10/2021","HI",0
"4/17/2021","HI",0
"4/24/2021","HI",0
"5/1/2021","HI",0
"5/8/2021","HI",0
"5/15/2021","HI",0
"5/22/2021","HI",0
"5/29/2021","HI",0
"6/5/2021","HI",0
"6/12/2021","HI",0
"6/19/2021","HI",0
"6/26/2021","HI",0
"7/3/2021","HI",0
"7/10/2021","HI",1
"7/17/2021","HI",1
"7/24/2021","HI",0
"7/31/2021","HI",0
"8/7/2021","HI",2
"8/14/2021","HI",2
"8/21/2021","HI",0
"8/28/2021","HI",0
"9/4/2021","HI",0
"9/11/2021","HI",0
"9/18/2021","HI",0
"9/25/2021","HI",1
"10/2/2021","HI",0
"10/7/2023","HI",10
"10/14/2023","HI",15
"10/21/2023","HI",13
"10/28/2023","HI",13
"11/4/2023","HI",14
"11/11/2023","HI",16
"11/18/2023","HI",29
"11/25/2023","HI",26
"12/2/2023","HI",23
"12/9/2023","HI",32
"12/16/2023","HI",24
"12/23/2023","HI",28
"12/30/2023","HI",32
"1/6/2024","HI",40
"1/13/2024","HI",25
"1/20/2024","HI",23
"1/27/2024","HI",30
"2/3/2024","HI",5
"2/10/2024","HI",17
"2/17/2024","HI",10
"2/24/2024","HI",14
"3/2/2024","HI",16
"3/9/2024","HI",9
"3/16/2024","HI",18
"3/23/2024","HI",6
"3/30/2024","HI",7
"4/6/2024","HI",9
"4/13/2024","HI",12
"4/20/2024","HI",5
"4/27/2024","HI",14
"5/4/2024","HI",6
"5/11/2024","HI",3
"5/18/2024","HI",2
"5/25/2024","HI",2
"6/1/2024","HI",6
"6/8/2024","HI",1
"6/15/2024","HI",3
"6/22/2024","HI",4
"6/29/2024","HI",2
"7/6/2024","HI",3
"7/13/2024","HI",4
"7/20/2024","HI",6
"7/27/2024","HI",1
"8/3/2024","HI",3
"8/10/2024","HI",3
"8/17/2024","HI",1
"8/24/2024","HI",1
"8/31/2024","HI",2
"9/7/2024","HI",2
"9/14/2024","HI",1
"9/21/2024","HI",1
"9/28/2024","HI",1
"10/8/2022","MO",6
"10/15/2022","MO",10
"10/22/2022","MO",23
"10/29/2022","MO",49
"11/5/2022","MO",66
"11/12/2022","MO",105
"11/19/2022","MO",222
"11/26/2022","MO",488
"12/3/2022","MO",849
"12/10/2022","MO",828
"12/17/2022","MO",749
"12/24/2022","MO",559
"12/31/2022","MO",636
"1/7/2023","MO",405
"1/14/2023","MO",189
"1/21/2023","MO",100
"1/28/2023","MO",72
"2/4/2023","MO",50
"2/11/2023","MO",41
"2/18/2023","MO",42
"2/25/2023","MO",36
"3/4/2023","MO",39
"3/11/2023","MO",35
"3/18/2023","MO",24
"3/25/2023","MO",32
"4/1/2023","MO",29
"4/8/2023","MO",29
"4/15/2023","MO",18
"4/22/2023","MO",19
"4/29/2023","MO",26
"5/6/2023","MO",27
"5/13/2023","MO",21
"5/20/2023","MO",22
"5/27/2023","MO",8
"6/3/2023","MO",8
"6/10/2023","MO",18
"6/17/2023","MO",10
"6/24/2023","MO",12
"7/1/2023","MO",7
"7/8/2023","MO",3
"7/15/2023","MO",13
"7/22/2023","MO",20
"7/29/2023","MO",10
"8/5/2023","MO",4
"8/12/2023","MO",9
"8/19/2023","MO",11
"8/26/2023","MO",7
"9/2/2023","MO",6
"9/9/2023","MO",12
"9/16/2023","MO",8
"9/23/2023","MO",16
"9/30/2023","MO",12
"10/9/2021","ND",2
"10/16/2021","ND",2
"10/23/2021","ND",0
"10/30/2021","ND",2
"11/6/2021","ND",1
"11/13/2021","ND",3
"11/20/2021","ND",1
"11/27/2021","ND",3
"12/4/2021","ND",9
"12/11/2021","ND",5
"12/18/2021","ND",6
"12/25/2021","ND",14
"1/1/2022","ND",51
"1/8/2022","ND",54
"1/15/2022","ND",28
"1/22/2022","ND",27
"1/29/2022","ND",17
"2/5/2022","ND",18
"2/12/2022","ND",7
"2/19/2022","ND",8
"2/26/2022","ND",0
"3/5/2022","ND",3
"3/12/2022","ND",7
"3/19/2022","ND",5
"3/26/2022","ND",8
"4/2/2022","ND",4
"4/9/2022","ND",4
"4/16/2022","ND",7
"4/23/2022","ND",5
"4/30/2022","ND",3
"5/7/2022","ND",1
"5/14/2022","ND",1
"5/21/2022","ND",1
"5/28/2022","ND",0
"6/4/2022","ND",4
"6/11/2022","ND",2
"6/18/2022","ND",0
"6/25/2022","ND",0
"7/2/2022","ND",0
"7/9/2022","ND",0
"7/16/2022","ND",1
"7/23/2022","ND",2
"7/30/2022","ND",0
"8/6/2022","ND",1
"8/13/2022","ND",3
"8/20/2022","ND",0
"8/27/2022","ND",0
"9/3/2022","ND",1
"9/10/2022","ND",0
"9/17/2022","ND",0
"9/24/2022","ND",1
"10/1/2022","ND",0
"10/4/2025","ND",3
"10/11/2025","ND",3
"10/18/2025","ND",1
"10/25/2025","ND",2
"11/1/2025","ND",2
"11/8/2025","ND",5
"11/15/2025","ND",1
"11/22/2025","ND",2
"11/29/2025","ND",10
"12/6/2025","ND",9
"12/13/2025","ND",21
"12/20/2025","ND",54
"12/27/2025","ND",102
"1/3/2026","ND",159
"1/10/2026","ND",103
"1/17/2026","ND",94
"1/24/2026","ND",72
"1/31/2026","ND",61
"2/7/2026","ND",42
"2/14/2026","ND",30
"2/21/2026","ND",22
"2/28/2026","ND",18
"3/7/2026","ND",27
"3/14/2026","ND",22
"3/21/2026","ND",24
"3/28/2026","ND",15
"4/4/2026","ND",10
"4/11/2026","ND",10
"4/18/2026","ND",10
"4/25/2026","ND",7
"5/2/2026","ND",5
"5/9/2026","ND",3
"5/16/2026","ND",7
"5/23/2026","ND",10
"5/30/2026","ND",7
"6/6/2026","ND",2
"6/13/2026","ND",3
"6/20/2026","ND",3
"6/27/2026","ND",3
"7/4/2026","ND",4
"7/11/2026","ND",3
"7/18/2026","ND",2
"7/25/2026","ND",2
"8/1/2026","ND",2
"8/8/2026","ND",3
"8/15/2026","ND",2
"8/22/2026","ND",1
"8/29/2026","ND",0
"9/5/2026","ND",3
"9/12/2026","ND",3
"9/19/2026","ND",2
"9/26/2026","ND",5
"10/4/2025","NV",5
"10/11/2025","NV",3
"10/18/2025","NV",10
"10/25/2025","NV",10
"11/1/2025","NV",6
"11/8/2025","NV",13
"11/15/2025","NV",18
"11/22/2025","NV",12
"11/29/2025","NV",13
"12/6/2025","NV",32
"12/13/2025","NV",54
"12/20/2025","NV",128
"12/27/2025","NV",273
"1/3/2026","NV",249
"1/10/2026","NV",199
"1/17/2026","NV",127
"1/24/2026","NV",95
"1/31/2026","NV",115
"2/7/2026","NV",104
"2/14/2026","NV",120
"2/21/2026","NV",90
"2/28/2026","NV",68
"3/7/2026","NV",60
"3/14/2026","NV",51
"3/21/2026","NV",48
"3/28/2026","NV",45
"4/4/2026","NV",34
"4/11/2026","NV",21
"4/18/2026","NV",20
"4/25/2026","NV",30
"5/2/2026","NV",44
"5/9/2026","NV",46
"5/16/2026","NV",35
"5/23/2026","NV",30
"5/30/2026","NV",26
"6/6/2026","NV",14
"6/13/2026","NV",20
"6/20/2026","NV",11
"6/27/2026","NV",14
"7/4/2026","NV",6
"7/11/2026","NV",13
"7/18/2026","NV",10
"7/25/2026","NV",8
"8/1/2026","NV",12
"8/8/2026","NV",12
"8/15/2026","NV",10
"8/22/2026","NV",9
"8/29/2026","NV",13
"9/5/2026","NV",11
"9/12/2026","NV",14
"9/19/2026","NV",19
"9/26/2026","NV",39
"10/4/2025","NY",22
"10/11/2025","NY",23
"10/18/2025","NY",30
"10/25/2025","NY",31
"11/1/2025","NY",59
"11/8/2025","NY",80
"11/15/2025","NY",186
"11/22/2025","NY",355
"11/29/2025","NY",701
"12/6/2025","NY",1184
"12/13/2025","NY",1935
"12/20/2025","NY",3178
"12/27/2025","NY",3870
"1/3/2026","NY",3800
"1/10/2026","NY",2387
"1/17/2026","NY",1233
"1/24/2026","NY",692
"1/31/2026","NY",411
"2/7/2026","NY",298
"2/14/2026","NY",270
"2/21/2026","NY",326
"2/28/2026","NY",318
"3/7/2026","NY",261
"3/14/2026","NY",272
"3/21/2026","NY",254
"3/28/2026","NY",190
"4/4/2026","NY",217
"4/11/2026","NY",169
"4/18/2026","NY",142
"4/25/2026","NY",76
"5/2/2026","NY",79
"5/9/2026","NY",81
"5/16/2026","NY",50
"5/23/2026","NY",53
"5/30/2026","NY",21
"6/6/2026","NY",33
"6/13/2026","NY",24
"6/20/2026","NY",22
"6/27/2026","NY",21
"7/4/2026","NY",14
"7/11/2026","NY",15
"7/18/2026","NY",11
"7/25/2026","NY",11
"8/1/2026","NY",21
"8/8/2026","NY",12
"8/15/2026","NY",26
"8/22/2026","NY",15
"8/29/2026","NY",26
"9/5/2026","NY",38
"9/12/2026","NY",46
"9/19/2026","NY",70
"9/26/2026","NY",93
"10/5/2024","OH",0
"10/12/2024","OH",1
"10/19/2024","OH",10
"10/26/2024","OH",229
"11/2/2024","OH",17
"11/9/2024","OH",24
"11/16/2024","OH",40
"11/23/2024","OH",40
"11/30/2024","OH",55
"12/7/2024","OH",93
"12/14/2024","OH",152
"12/21/2024","OH",308
"12/28/2024","OH",725
"1/4/2025","OH",1302
"1/11/2025","OH",1044
"1/18/2025","OH",1148
"1/25/2025","OH",1735
"2/1/2025","OH",2523
"2/8/2025","OH",3269
"2/15/2025","OH",3705
"2/22/2025","OH",3266
"3/1/2025","OH",2611
"3/8/2025","OH",1905
"3/15/2025","OH",1361
"3/22/2025","OH",797
"3/29/2025","OH",453
"4/5/2025","OH",274
"4/12/2025","OH",169
"4/19/2025","OH",107
"4/26/2025","OH",87
"5/3/2025","OH",47
"5/10/2025","OH",33
"5/17/2025","OH",25
"5/24/2025","OH",20
"5/31/2025","OH",19
"6/7/2025","OH",21
"6/14/2025","OH",15
"6/21/2025","OH",17
"6/28/2025","OH",14
"7/5/2025","OH",18
"7/12/2025","OH",11
"7/19/2025","OH",15
"7/26/2025","OH",19
"8/2/2025","OH",16
"8/9/2025","OH",3
"8/16/2025","OH",5
"8/23/2025","OH",10
"8/30/2025","OH",10
"9/6/2025","OH",6
"9/13/2025","OH",16
"9/20/2025","OH",14
"9/27/2025","OH",13
"10/4/2025","PA",112
"10/11/2025","PA",119
"10/18/2025","PA",104
"10/25/2025","PA",132
"11/1/2025","PA",117
"11/8/2025","PA",113
"11/15/2025","PA",157
"11/22/2025","PA",221
"11/29/2025","PA",349
"12/6/2025","PA",513
"12/13/2025","PA",707
"12/20/2025","PA",1256
"12/27/2025","PA",2377
"1/3/2026","PA",3316
"1/10/2026","PA",2248
"1/17/2026","PA",1870
"1/24/2026","PA",1233
"1/31/2026","PA",1035
"2/7/2026","PA",841
"2/14/2026","PA",785
"2/21/2026","PA",774
"2/28/2026","PA",806
"3/7/2026","PA",854
"3/14/2026","PA",892
"3/21/2026","PA",684
"3/28/2026","PA",377
"4/4/2026","PA",487
"4/11/2026","PA",345
"4/18/2026","PA",310
"4/25/2026","PA",260
"5/2/2026","PA",193
"5/9/2026","PA",188
"5/16/2026","PA",141
"5/23/2026","PA",185
"5/30/2026","PA",139
"6/6/2026","PA",181
"6/13/2026","PA",144
"6/20/2026","PA",142
"6/27/2026","PA",139
"7/4/2026","PA",130
"7/11/2026","PA",124
"7/18/2026","PA",128
"7/25/2026","PA",121
"8/1/2026","PA",117
"8/8/2026","PA",130
"8/15/2026","PA",140
"8/22/2026","PA",140
"8/29/2026","PA",137
"9/5/2026","PA",135
"9/12/2026","PA",130
"9/19/2026","PA",140
"9/26/2026","PA",174
"8/8/2020","TX",NA
"8/15/2020","TX",NA
"8/22/2020","TX",NA
"8/29/2020","TX",NA
"9/5/2020","TX",NA
"9/12/2020","TX",NA
"9/19/2020","TX",NA
"9/26/2020","TX",NA
"8/8/2020","VT",NA
"8/15/2020","VT",NA
"8/22/2020","VT",NA
"8/29/2020","VT",NA
"9/5/2020","VT",NA
"9/12/2020","VT",NA
"9/19/2020","VT",NA
"9/26/2020","VT",NA
"10/7/2023","CA",45
"10/14/2023","CA",60
"10/21/2023","CA",50
"10/28/2023","CA",76
"11/4/2023","CA",97
"11/11/2023","CA",231
"11/18/2023","CA",372
"11/25/2023","CA",459
"12/2/2023","CA",683
"12/9/2023","CA",868
"12/16/2023","CA",1077
"12/23/2023","CA",1763
"12/30/2023","CA",1810
"1/6/2024","CA",1470
"1/13/2024","CA",1075
"1/20/2024","CA",1096
"1/27/2024","CA",732
"2/3/2024","CA",547
"2/10/2024","CA",464
"2/17/2024","CA",342
"2/24/2024","CA",302
"3/2/2024","CA",266
"3/9/2024","CA",207
"3/16/2024","CA",188
"3/23/2024","CA",175
"3/30/2024","CA",180
"4/6/2024","CA",151
"4/13/2024","CA",179
"4/20/2024","CA",157
"4/27/2024","CA",156
"5/4/2024","CA",77
"5/11/2024","CA",49
"5/18/2024","CA",57
"5/25/2024","CA",42
"6/1/2024","CA",56
"6/8/2024","CA",59
"6/15/2024","CA",58
"6/22/2024","CA",64
"6/29/2024","CA",49
"7/6/2024","CA",37
"7/13/2024","CA",39
"7/20/2024","CA",35
"7/27/2024","CA",29
"8/3/2024","CA",31
"8/10/2024","CA",19
"8/17/2024","CA",32
"8/24/2024","CA",18
"8/31/2024","CA",20
"9/7/2024","CA",15
"9/14/2024","CA",25
"9/21/2024","CA",17
"9/28/2024","CA",26
"10/3/2020","CT",0
"10/10/2020","CT",0
"10/17/2020","CT",0
"10/24/2020","CT",0
"10/31/2020","CT",0
"11/7/2020","CT",0
"11/14/2020","CT",1
"11/21/2020","CT",2
"11/28/2020","CT",0
"12/5/2020","CT",2
"12/12/2020","CT",0
"12/19/2020","CT",3
"12/26/2020","CT",0
"1/2/2021","CT",1
"1/9/2021","CT",1
"1/16/2021","CT",1
"1/23/2021","CT",0
"1/30/2021","CT",0
"2/6/2021","CT",0
"2/13/2021","CT",0
"2/20/2021","CT",0
"2/27/2021","CT",0
"3/6/2021","CT",0
"3/13/2021","CT",0
"3/20/2021","CT",0
"3/27/2021","CT",0
"4/3/2021","CT",0
"4/10/2021","CT",0
"4/17/2021","CT",0
"4/24/2021","CT",0
"5/1/2021","CT",0
"5/8/2021","CT",1
"5/15/2021","CT",0
"5/22/2021","CT",0
"5/29/2021","CT",0
"6/5/2021","CT",0
"6/12/2021","CT",0
"6/19/2021","CT",0
"6/26/2021","CT",0
"7/3/2021","CT",0
"7/10/2021","CT",0
"7/17/2021","CT",0
"7/24/2021","CT",0
"7/31/2021","CT",1
"8/7/2021","CT",0
"8/14/2021","CT",0
"8/21/2021","CT",0
"8/28/2021","CT",0
"9/4/2021","CT",0
"9/11/2021","CT",0
"9/18/2021","CT",0
"9/25/2021","CT",0
"10/2/2021","CT",0
"10/4/2025","HI",1
"10/11/2025","HI",4
"10/18/2025","HI",5
"10/25/2025","HI",10
"11/1/2025","HI",7
"11/8/2025","HI",5
"11/15/2025","HI",16
"11/22/2025","HI",42
"11/29/2025","HI",29
"12/6/2025","HI",40
"12/13/2025","HI",71
"12/20/2025","HI",83
"12/27/2025","HI",88
"1/3/2026","HI",110
"1/10/2026","HI",83
"1/17/2026","HI",50
"1/24/2026","HI",45
"1/31/2026","HI",26
"2/7/2026","HI",32
"2/14/2026","HI",23
"2/21/2026","HI",20
"2/28/2026","HI",9
"3/7/2026","HI",18
"3/14/2026","HI",19
"3/21/2026","HI",24
"3/28/2026","HI",3
"4/4/2026","HI",2
"4/11/2026","HI",4
"4/18/2026","HI",4
"4/25/2026","HI",17
"5/2/2026","HI",21
"5/9/2026","HI",5
"5/16/2026","HI",9
"5/23/2026","HI",17
"5/30/2026","HI",6
"6/6/2026","HI",10
"6/13/2026","HI",5
"6/20/2026","HI",6
"6/27/2026","HI",5
"7/4/2026","HI",11
"7/11/2026","HI",7
"7/18/2026","HI",5
"7/25/2026","HI",1
"8/1/2026","HI",8
"8/8/2026","HI",2
"8/15/2026","HI",2
"8/22/2026","HI",5
"8/29/2026","HI",6
"9/5/2026","HI",3
"9/12/2026","HI",10
"9/19/2026","HI",17
"9/26/2026","HI",28
"8/8/2020","IN",NA
"8/15/2020","IN",NA
"8/22/2020","IN",NA
"8/29/2020","IN",NA
"9/5/2020","IN",NA
"9/12/2020","IN",NA
"9/19/2020","IN",NA
"9/26/2020","IN",NA
"10/8/2022","KS",7
"10/15/2022","KS",4
"10/22/2022","KS",16
"10/29/2022","KS",19
"11/5/2022","KS",34
"11/12/2022","KS",44
"11/19/2022","KS",64
"11/26/2022","KS",153
"12/3/2022","KS",301
"12/10/2022","KS",255
"12/17/2022","KS",219
"12/24/2022","KS",182
"12/31/2022","KS",185
"1/7/2023","KS",125
"1/14/2023","KS",54
"1/21/2023","KS",40
"1/28/2023","KS",21
"2/4/2023","KS",12
"2/11/2023","KS",9
"2/18/2023","KS",3
"2/25/2023","KS",8
"3/4/2023","KS",4
"3/11/2023","KS",6
"3/18/2023","KS",7
"3/25/2023","KS",6
"4/1/2023","KS",9
"4/8/2023","KS",5
"4/15/2023","KS",7
"4/22/2023","KS",2
"4/29/2023","KS",2
"5/6/2023","KS",2
"5/13/2023","KS",2
"5/20/2023","KS",4
"5/27/2023","KS",3
"6/3/2023","KS",4
"6/10/2023","KS",13
"6/17/2023","KS",2
"6/24/2023","KS",2
"7/1/2023","KS",3
"7/8/2023","KS",1
"7/15/2023","KS",3
"7/22/2023","KS",0
"7/29/2023","KS",2
"8/5/2023","KS",1
"8/12/2023","KS",2
"8/19/2023","KS",1
"8/26/2023","KS",2
"9/2/2023","KS",3
"9/9/2023","KS",6
"9/16/2023","KS",3
"9/23/2023","KS",4
"9/30/2023","KS",5
"10/4/2025","KY",15
"10/11/2025","KY",23
"10/18/2025","KY",19
"10/25/2025","KY",14
"11/1/2025","KY",13
"11/8/2025","KY",22
"11/15/2025","KY",25
"11/22/2025","KY",28
"11/29/2025","KY",49
"12/6/2025","KY",67
"12/13/2025","KY",104
"12/20/2025","KY",231
"12/27/2025","KY",547
"1/3/2026","KY",631
"1/10/2026","KY",438
"1/17/2026","KY",329
"1/24/2026","KY",283
"1/31/2026","KY",289
"2/7/2026","KY",260
"2/14/2026","KY",223
"2/21/2026","KY",243
"2/28/2026","KY",195
"3/7/2026","KY",241
"3/14/2026","KY",221
"3/21/2026","KY",122
"3/28/2026","KY",64
"4/4/2026","KY",51
"4/11/2026","KY",37
"4/18/2026","KY",35
"4/25/2026","KY",32
"5/2/2026","KY",21
"5/9/2026","KY",15
"5/16/2026","KY",19
"5/23/2026","KY",16
"5/30/2026","KY",19
"6/6/2026","KY",21
"6/13/2026","KY",18
"6/20/2026","KY",11
"6/27/2026","KY",8
"7/4/2026","KY",10
"7/11/2026","KY",11
"7/18/2026","KY",12
"7/25/2026","KY",11
"8/1/2026","KY",3
"8/8/2026","KY",8
"8/15/2026","KY",8
"8/22/2026","KY",7
"8/29/2026","KY",10
"9/5/2026","KY",9
"9/12/2026","KY",21
"9/19/2026","KY",24
"9/26/2026","KY",12
"10/3/2020","MA",NA
"10/10/2020","MA",NA
"10/17/2020","MA",NA
"10/24/2020","MA",0
"10/31/2020","MA",3
"11/7/2020","MA",6
"11/14/2020","MA",3
"11/21/2020","MA",1
"11/28/2020","MA",1
"12/5/2020","MA",3
"12/12/2020","MA",1
"12/19/2020","MA",3
"12/26/2020","MA",4
"1/2/2021","MA",7
"1/9/2021","MA",3
"1/16/2021","MA",3
"1/23/2021","MA",3
"1/30/2021","MA",0
"2/6/2021","MA",3
"2/13/2021","MA",1
"2/20/2021","MA",3
"2/27/2021","MA",2
"3/6/2021","MA",2
"3/13/2021","MA",5
"3/20/2021","MA",5
"3/27/2021","MA",0
"4/3/2021","MA",3
"4/10/2021","MA",4
"4/17/2021","MA",0
"4/24/2021","MA",1
"5/1/2021","MA",1
"5/8/2021","MA",2
"5/15/2021","MA",0
"5/22/2021","MA",0
"5/29/2021","MA",0
"6/5/2021","MA",0
"6/12/2021","MA",0
"6/19/2021","MA",0
"6/26/2021","MA",1
"7/3/2021","MA",0
"7/10/2021","MA",0
"7/17/2021","MA",0
"7/24/2021","MA",0
"7/31/2021","MA",0
"8/7/2021","MA",0
"8/14/2021","MA",1
"8/21/2021","MA",0
"8/28/2021","MA",0
"9/4/2021","MA",0
"9/11/2021","MA",0
"9/18/2021","MA",0
"9/25/2021","MA",0
"10/2/2021","MA",0
"10/4/2025","MD",3
"10/11/2025","MD",9
"10/18/2025","MD",6
"10/25/2025","MD",17
"11/1/2025","MD",14
"11/8/2025","MD",20
"11/15/2025","MD",35
"11/22/2025","MD",66
"11/29/2025","MD",101
"12/6/2025","MD",140
"12/13/2025","MD",242
"12/20/2025","MD",409
"12/27/2025","MD",666
"1/3/2026","MD",828
"1/10/2026","MD",609
"1/17/2026","MD",295
"1/24/2026","MD",170
"1/31/2026","MD",114
"2/7/2026","MD",90
"2/14/2026","MD",85
"2/21/2026","MD",72
"2/28/2026","MD",40
"3/7/2026","MD",52
"3/14/2026","MD",55
"3/21/2026","MD",55
"3/28/2026","MD",9
"4/4/2026","MD",10
"4/11/2026","MD",9
"4/18/2026","MD",6
"4/25/2026","MD",11
"5/2/2026","MD",12
"5/9/2026","MD",20
"5/16/2026","MD",13
"5/23/2026","MD",12
"5/30/2026","MD",12
"6/6/2026","MD",17
"6/13/2026","MD",12
"6/20/2026","MD",9
"6/27/2026","MD",5
"7/4/2026","MD",7
"7/11/2026","MD",4
"7/18/2026","MD",7
"7/25/2026","MD",6
"8/1/2026","MD",3
"8/8/2026","MD",6
"8/15/2026","MD",7
"8/22/2026","MD",4
"8/29/2026","MD",7
"9/5/2026","MD",10
"9/12/2026","MD",11
"9/19/2026","MD",24
"9/26/2026","MD",20
"10/9/2021","MI",6
"10/16/2021","MI",3
"10/23/2021","MI",2
"10/30/2021","MI",0
"11/6/2021","MI",1
"11/13/2021","MI",5
"11/20/2021","MI",7
"11/27/2021","MI",26
"12/4/2021","MI",23
"12/11/2021","MI",55
"12/18/2021","MI",55
"12/25/2021","MI",67
"1/1/2022","MI",97
"1/8/2022","MI",57
"1/15/2022","MI",54
"1/22/2022","MI",30
"1/29/2022","MI",29
"2/5/2022","MI",27
"2/12/2022","MI",40
"2/19/2022","MI",49
"2/26/2022","MI",50
"3/5/2022","MI",74
"3/12/2022","MI",88
"3/19/2022","MI",119
"3/26/2022","MI",130
"4/2/2022","MI",144
"4/9/2022","MI",160
"4/16/2022","MI",149
"4/23/2022","MI",138
"4/30/2022","MI",136
"5/7/2022","MI",169
"5/14/2022","MI",180
"5/21/2022","MI",140
"5/28/2022","MI",93
"6/4/2022","MI",70
"6/11/2022","MI",35
"6/18/2022","MI",32
"6/25/2022","MI",16
"7/2/2022","MI",11
"7/9/2022","MI",9
"7/16/2022","MI",5
"7/23/2022","MI",7
"7/30/2022","MI",4
"8/6/2022","MI",1
"8/13/2022","MI",3
"8/20/2022","MI",2
"8/27/2022","MI",2
"9/3/2022","MI",1
"9/10/2022","MI",9
"9/17/2022","MI",2
"9/24/2022","MI",7
"10/1/2022","MI",4
"10/7/2023","MT",0
"10/14/2023","MT",0
"10/21/2023","MT",1
"10/28/2023","MT",0
"11/4/2023","MT",1
"11/11/2023","MT",5
"11/18/2023","MT",3
"11/25/2023","MT",6
"12/2/2023","MT",18
"12/9/2023","MT",21
"12/16/2023","MT",37
"12/23/2023","MT",78
"12/30/2023","MT",116
"1/6/2024","MT",129
"1/13/2024","MT",114
"1/20/2024","MT",81
"1/27/2024","MT",115
"2/3/2024","MT",85
"2/10/2024","MT",82
"2/17/2024","MT",24
"2/24/2024","MT",22
"3/2/2024","MT",27
"3/9/2024","MT",28
"3/16/2024","MT",35
"3/23/2024","MT",21
"3/30/2024","MT",29
"4/6/2024","MT",7
"4/13/2024","MT",9
"4/20/2024","MT",6
"4/27/2024","MT",3
"5/4/2024","MT",0
"5/11/2024","MT",2
"5/18/2024","MT",1
"5/25/2024","MT",1
"6/1/2024","MT",2
"6/8/2024","MT",0
"6/15/2024","MT",2
"6/22/2024","MT",2
"6/29/2024","MT",0
"7/6/2024","MT",0
"7/13/2024","MT",1
"7/20/2024","MT",0
"7/27/2024","MT",1
"8/3/2024","MT",0
"8/10/2024","MT",0
"8/17/2024","MT",0
"8/24/2024","MT",0
"8/31/2024","MT",0
"9/7/2024","MT",0
"9/14/2024","MT",2
"9/21/2024","MT",0
"9/28/2024","MT",1
"10/4/2025","NE",1
"10/11/2025","NE",5
"10/18/2025","NE",0
"10/25/2025","NE",3
"11/1/2025","NE",1
"11/8/2025","NE",2
"11/15/2025","NE",1
"11/22/2025","NE",2
"11/29/2025","NE",13
"12/6/2025","NE",15
"12/13/2025","NE",28
"12/20/2025","NE",72
"12/27/2025","NE",167
"1/3/2026","NE",202
"1/10/2026","NE",165
"1/17/2026","NE",125
"1/24/2026","NE",145
"1/31/2026","NE",129
"2/7/2026","NE",143
"2/14/2026","NE",152
"2/21/2026","NE",141
"2/28/2026","NE",84
"3/7/2026","NE",59
"3/14/2026","NE",54
"3/21/2026","NE",41
"3/28/2026","NE",17
"4/4/2026","NE",15
"4/11/2026","NE",9
"4/18/2026","NE",9
"4/25/2026","NE",11
"5/2/2026","NE",4
"5/9/2026","NE",7
"5/16/2026","NE",3
"5/23/2026","NE",0
"5/30/2026","NE",0
"6/6/2026","NE",0
"6/13/2026","NE",0
"6/20/2026","NE",7
"6/27/2026","NE",8
"7/4/2026","NE",1
"7/11/2026","NE",2
"7/18/2026","NE",1
"7/25/2026","NE",2
"8/1/2026","NE",0
"8/8/2026","NE",1
"8/15/2026","NE",0
"8/22/2026","NE",2
"8/29/2026","NE",0
"9/5/2026","NE",0
"9/12/2026","NE",2
"9/19/2026","NE",8
"9/26/2026","NE",2
"10/9/2021","PR",20
"10/16/2021","PR",15
"10/23/2021","PR",19
"10/30/2021","PR",12
"11/6/2021","PR",26
"11/13/2021","PR",22
"11/20/2021","PR",19
"11/27/2021","PR",32
"12/4/2021","PR",28
"12/11/2021","PR",23
"12/18/2021","PR",19
"12/25/2021","PR",21
"1/1/2022","PR",16
"1/8/2022","PR",18
"1/15/2022","PR",14
"1/22/2022","PR",19
"1/29/2022","PR",13
"2/5/2022","PR",5
"2/12/2022","PR",15
"2/19/2022","PR",7
"2/26/2022","PR",7
"3/5/2022","PR",6
"3/12/2022","PR",23
"3/19/2022","PR",21
"3/26/2022","PR",31
"4/2/2022","PR",26
"4/9/2022","PR",31
"4/16/2022","PR",55
"4/23/2022","PR",74
"4/30/2022","PR",39
"5/7/2022","PR",28
"5/14/2022","PR",27
"5/21/2022","PR",23
"5/28/2022","PR",23
"6/4/2022","PR",28
"6/11/2022","PR",20
"6/18/2022","PR",26
"6/25/2022","PR",16
"7/2/2022","PR",24
"7/9/2022","PR",13
"7/16/2022","PR",15
"7/23/2022","PR",13
"7/30/2022","PR",15
"8/6/2022","PR",10
"8/13/2022","PR",23
"8/20/2022","PR",13
"8/27/2022","PR",20
"9/3/2022","PR",23
"9/10/2022","PR",37
"9/17/2022","PR",39
"9/24/2022","PR",35
"10/1/2022","PR",45
"10/7/2023","TX",119
"10/14/2023","TX",167
"10/21/2023","TX",242
"10/28/2023","TX",245
"11/4/2023","TX",346
"11/11/2023","TX",427
"11/18/2023","TX",428
"11/25/2023","TX",534
"12/2/2023","TX",699
"12/9/2023","TX",829
"12/16/2023","TX",1155
"12/23/2023","TX",1597
"12/30/2023","TX",1975
"1/6/2024","TX",2093
"1/13/2024","TX",1964
"1/20/2024","TX",1682
"1/27/2024","TX",1868
"2/3/2024","TX",1869
"2/10/2024","TX",1500
"2/17/2024","TX",1125
"2/24/2024","TX",995
"3/2/2024","TX",811
"3/9/2024","TX",637
"3/16/2024","TX",538
"3/23/2024","TX",398
"3/30/2024","TX",360
"4/6/2024","TX",308
"4/13/2024","TX",275
"4/20/2024","TX",255
"4/27/2024","TX",171
"5/4/2024","TX",89
"5/11/2024","TX",1
"5/18/2024","TX",0
"5/25/2024","TX",2
"6/1/2024","TX",0
"6/8/2024","TX",1
"6/15/2024","TX",0
"6/22/2024","TX",1
"6/29/2024","TX",0
"7/6/2024","TX",2
"7/13/2024","TX",1
"7/20/2024","TX",4
"7/27/2024","TX",0
"8/3/2024","TX",2
"8/10/2024","TX",3
"8/17/2024","TX",2
"8/24/2024","TX",2
"8/31/2024","TX",2
"9/7/2024","TX",1
"9/14/2024","TX",1
"9/21/2024","TX",1
"9/28/2024","TX",1
"10/4/2025","WA",6
"10/11/2025","WA",7
"10/18/2025","WA",11
"10/25/2025","WA",12
"11/1/2025","WA",16
"11/8/2025","WA",13
"11/15/2025","WA",19
"11/22/2025","WA",37
"11/29/2025","WA",36
"12/6/2025","WA",61
"12/13/2025","WA",59
"12/20/2025","WA",116
"12/27/2025","WA",164
"1/3/2026","WA",250
"1/10/2026","WA",261
"1/17/2026","WA",206
"1/24/2026","WA",236
"1/31/2026","WA",298
"2/7/2026","WA",334
"2/14/2026","WA",275
"2/21/2026","WA",230
"2/28/2026","WA",190
"3/7/2026","WA",158
"3/14/2026","WA",91
"3/21/2026","WA",79
"3/28/2026","WA",48
"4/4/2026","WA",55
"4/11/2026","WA",41
"4/18/2026","WA",40
"4/25/2026","WA",39
"5/2/2026","WA",29
"5/9/2026","WA",29
"5/16/2026","WA",28
"5/23/2026","WA",17
"5/30/2026","WA",10
"6/6/2026","WA",9
"6/13/2026","WA",11
"6/20/2026","WA",15
"6/27/2026","WA",11
"7/4/2026","WA",11
"7/11/2026","WA",4
"7/18/2026","WA",2
"7/25/2026","WA",6
"8/1/2026","WA",5
"8/8/2026","WA",7
"8/15/2026","WA",10
"8/22/2026","WA",14
"8/29/2026","WA",22
"9/5/2026","WA",44
"9/12/2026","WA",61
"9/19/2026","WA",83
"9/26/2026","WA",105
"10/3/2020","WI",NA
"10/10/2020","WI",0
"10/17/2020","WI",0
"10/24/2020","WI",0
"10/31/2020","WI",1
"11/7/2020","WI",9
"11/14/2020","WI",4
"11/21/2020","WI",0
"11/28/2020","WI",4
"12/5/2020","WI",0
"12/12/2020","WI",1
"12/19/2020","WI",2
"12/26/2020","WI",2
"1/2/2021","WI",0
"1/9/2021","WI",0
"1/16/2021","WI",1
"1/23/2021","WI",0
"1/30/2021","WI",3
"2/6/2021","WI",5
"2/13/2021","WI",1
"2/20/2021","WI",12
"2/27/2021","WI",2
"3/6/2021","WI",1
"3/13/2021","WI",1
"3/20/2021","WI",2
"3/27/2021","WI",1
"4/3/2021","WI",1
"4/10/2021","WI",0
"4/17/2021","WI",0
"4/24/2021","WI",1
"5/1/2021","WI",4
"5/8/2021","WI",0
"5/15/2021","WI",1
"5/22/2021","WI",0
"5/29/2021","WI",3
"6/5/2021","WI",2
"6/12/2021","WI",1
"6/19/2021","WI",0
"6/26/2021","WI",0
"7/3/2021","WI",0
"7/10/2021","WI",0
"7/17/2021","WI",0
"7/24/2021","WI",0
"7/31/2021","WI",1
"8/7/2021","WI",1
"8/14/2021","WI",0
"8/21/2021","WI",0
"8/28/2021","WI",0
"9/4/2021","WI",1
"9/11/2021","WI",0
"9/18/2021","WI",0
"9/25/2021","WI",12
"10/2/2021","WI",3
"10/7/2023","WI",10
"10/14/2023","WI",3
"10/21/2023","WI",4
"10/28/2023","WI",7
"11/4/2023","WI",16
"11/11/2023","WI",20
"11/18/2023","WI",15
"11/25/2023","WI",34
"12/2/2023","WI",59
"12/9/2023","WI",97
"12/16/2023","WI",122
"12/23/2023","WI",187
"12/30/2023","WI",297
"1/6/2024","WI",248
"1/13/2024","WI",265
"1/20/2024","WI",175
"1/27/2024","WI",141
"2/3/2024","WI",175
"2/10/2024","WI",178
"2/17/2024","WI",209
"2/24/2024","WI",213
"3/2/2024","WI",200
"3/9/2024","WI",197
"3/16/2024","WI",183
"3/23/2024","WI",132
"3/30/2024","WI",126
"4/6/2024","WI",124
"4/13/2024","WI",77
"4/20/2024","WI",66
"4/27/2024","WI",37
"5/4/2024","WI",15
"5/11/2024","WI",10
"5/18/2024","WI",11
"5/25/2024","WI",3
"6/1/2024","WI",3
"6/8/2024","WI",0
"6/15/2024","WI",2
"6/22/2024","WI",1
"6/29/2024","WI",2
"7/6/2024","WI",2
"7/13/2024","WI",3
"7/20/2024","WI",3
"7/27/2024","WI",1
"8/3/2024","WI",1
"8/10/2024","WI",2
"8/17/2024","WI",3
"8/24/2024","WI",2
"8/31/2024","WI",0
"9/7/2024","WI",1
"9/14/2024","WI",0
"9/21/2024","WI",0
"9/28/2024","WI",1
"8/8/2020","WY",NA
"8/15/2020","WY",NA
"8/22/2020","WY",NA
"8/29/2020","WY",NA
"9/5/2020","WY",NA
"9/12/2020","WY",NA
"9/19/2020","WY",NA
"9/26/2020","WY",NA
"10/3/2020","AL",NA
"10/10/2020","AL",NA
"10/17/2020","AL",NA
"10/24/2020","AL",3
"10/31/2020","AL",18
"11/7/2020","AL",21
"11/14/2020","AL",25
"11/21/2020","AL",11
"11/28/2020","AL",17
"12/5/2020","AL",12
"12/12/2020","AL",6
"12/19/2020","AL",35
"12/26/2020","AL",19
"1/2/2021","AL",20
"1/9/2021","AL",33
"1/16/2021","AL",42
"1/23/2021","AL",22
"1/30/2021","AL",46
"2/6/2021","AL",37
"2/13/2021","AL",33
"2/20/2021","AL",29
"2/27/2021","AL",31
"3/6/2021","AL",29
"3/13/2021","AL",23
"3/20/2021","AL",28
"3/27/2021","AL",18
"4/3/2021","AL",10
"4/10/2021","AL",13
"4/17/2021","AL",11
"4/24/2021","AL",32
"5/1/2021","AL",20
"5/8/2021","AL",14
"5/15/2021","AL",19
"5/22/2021","AL",16
"5/29/2021","AL",15
"6/5/2021","AL",18
"6/12/2021","AL",22
"6/19/2021","AL",8
"6/26/2021","AL",7
"7/3/2021","AL",17
"7/10/2021","AL",7
"7/17/2021","AL",18
"7/24/2021","AL",14
"7/31/2021","AL",45
"8/7/2021","AL",29
"8/14/2021","AL",22
"8/21/2021","AL",30
"8/28/2021","AL",41
"9/4/2021","AL",47
"9/11/2021","AL",30
"9/18/2021","AL",30
"9/25/2021","AL",15
"10/2/2021","AL",7
"10/9/2021","AZ",17
"10/16/2021","AZ",24
"10/23/2021","AZ",5
"10/30/2021","AZ",1
"11/6/2021","AZ",5
"11/13/2021","AZ",2
"11/20/2021","AZ",4
"11/27/2021","AZ",11
"12/4/2021","AZ",19
"12/11/2021","AZ",26
"12/18/2021","AZ",36
"12/25/2021","AZ",54
"1/1/2022","AZ",387
"1/8/2022","AZ",316
"1/15/2022","AZ",23
"1/22/2022","AZ",23
"1/29/2022","AZ",20
"2/5/2022","AZ",35
"2/12/2022","AZ",53
"2/19/2022","AZ",56
"2/26/2022","AZ",80
"3/5/2022","AZ",80
"3/12/2022","AZ",79
"3/19/2022","AZ",104
"3/26/2022","AZ",120
"4/2/2022","AZ",99
"4/9/2022","AZ",116
"4/16/2022","AZ",93
"4/23/2022","AZ",131
"4/30/2022","AZ",156
"5/7/2022","AZ",170
"5/14/2022","AZ",194
"5/21/2022","AZ",225
"5/28/2022","AZ",199
"6/4/2022","AZ",209
"6/11/2022","AZ",93
"6/18/2022","AZ",55
"6/25/2022","AZ",35
"7/2/2022","AZ",16
"7/9/2022","AZ",14
"7/16/2022","AZ",9
"7/23/2022","AZ",13
"7/30/2022","AZ",15
"8/6/2022","AZ",5
"8/13/2022","AZ",8
"8/20/2022","AZ",14
"8/27/2022","AZ",16
"9/3/2022","AZ",14
"9/10/2022","AZ",4
"9/17/2022","AZ",7
"9/24/2022","AZ",9
"10/1/2022","AZ",10
"10/5/2024","CO",3
"10/12/2024","CO",0
"10/19/2024","CO",2
"10/26/2024","CO",14
"11/2/2024","CO",25
"11/9/2024","CO",20
"11/16/2024","CO",29
"11/23/2024","CO",31
"11/30/2024","CO",67
"12/7/2024","CO",90
"12/14/2024","CO",129
"12/21/2024","CO",179
"12/28/2024","CO",475
"1/4/2025","CO",760
"1/11/2025","CO",499
"1/18/2025","CO",441
"1/25/2025","CO",456
"2/1/2025","CO",543
"2/8/2025","CO",622
"2/15/2025","CO",583
"2/22/2025","CO",484
"3/1/2025","CO",381
"3/8/2025","CO",311
"3/15/2025","CO",215
"3/22/2025","CO",162
"3/29/2025","CO",121
"4/5/2025","CO",86
"4/12/2025","CO",62
"4/19/2025","CO",40
"4/26/2025","CO",42
"5/3/2025","CO",30
"5/10/2025","CO",36
"5/17/2025","CO",19
"5/24/2025","CO",15
"5/31/2025","CO",19
"6/7/2025","CO",20
"6/14/2025","CO",17
"6/21/2025","CO",4
"6/28/2025","CO",4
"7/5/2025","CO",5
"7/12/2025","CO",8
"7/19/2025","CO",4
"7/26/2025","CO",2
"8/2/2025","CO",3
"8/9/2025","CO",5
"8/16/2025","CO",3
"8/23/2025","CO",0
"8/30/2025","CO",4
"9/6/2025","CO",3
"9/13/2025","CO",1
"9/20/2025","CO",4
"9/27/2025","CO",9
"10/5/2024","FL",53
"10/12/2024","FL",17
"10/19/2024","FL",134
"10/26/2024","FL",114
"11/2/2024","FL",114
"11/9/2024","FL",365
"11/16/2024","FL",386
"11/23/2024","FL",443
"11/30/2024","FL",612
"12/7/2024","FL",714
"12/14/2024","FL",891
"12/21/2024","FL",1261
"12/28/2024","FL",2077
"1/4/2025","FL",2871
"1/11/2025","FL",2454
"1/18/2025","FL",2708
"1/25/2025","FL",3241
"2/1/2025","FL",3787
"2/8/2025","FL",3349
"2/15/2025","FL",2614
"2/22/2025","FL",2076
"3/1/2025","FL",1630
"3/8/2025","FL",1322
"3/15/2025","FL",1107
"3/22/2025","FL",920
"3/29/2025","FL",724
"4/5/2025","FL",591
"4/12/2025","FL",409
"4/19/2025","FL",343
"4/26/2025","FL",267
"5/3/2025","FL",241
"5/10/2025","FL",239
"5/17/2025","FL",219
"5/24/2025","FL",215
"5/31/2025","FL",232
"6/7/2025","FL",212
"6/14/2025","FL",227
"6/21/2025","FL",217
"6/28/2025","FL",193
"7/5/2025","FL",181
"7/12/2025","FL",178
"7/19/2025","FL",172
"7/26/2025","FL",174
"8/2/2025","FL",151
"8/9/2025","FL",132
"8/16/2025","FL",140
"8/23/2025","FL",126
"8/30/2025","FL",189
"9/6/2025","FL",185
"9/13/2025","FL",145
"9/20/2025","FL",150
"9/27/2025","FL",181
"10/9/2021","KS",4
"10/16/2021","KS",7
"10/23/2021","KS",7
"10/30/2021","KS",2
"11/6/2021","KS",0
"11/13/2021","KS",6
"11/20/2021","KS",2
"11/27/2021","KS",0
"12/4/2021","KS",2
"12/11/2021","KS",6
"12/18/2021","KS",10
"12/25/2021","KS",14
"1/1/2022","KS",31
"1/8/2022","KS",54
"1/15/2022","KS",32
"1/22/2022","KS",18
"1/29/2022","KS",6
"2/5/2022","KS",9
"2/12/2022","KS",22
"2/19/2022","KS",25
"2/26/2022","KS",34
"3/5/2022","KS",28
"3/12/2022","KS",40
"3/19/2022","KS",31
"3/26/2022","KS",49
"4/2/2022","KS",28
"4/9/2022","KS",32
"4/16/2022","KS",19
"4/23/2022","KS",26
"4/30/2022","KS",19
"5/7/2022","KS",8
"5/14/2022","KS",7
"5/21/2022","KS",7
"5/28/2022","KS",2
"6/4/2022","KS",2
"6/11/2022","KS",2
"6/18/2022","KS",0
"6/25/2022","KS",3
"7/2/2022","KS",4
"7/9/2022","KS",3
"7/16/2022","KS",0
"7/23/2022","KS",2
"7/30/2022","KS",3
"8/6/2022","KS",2
"8/13/2022","KS",1
"8/20/2022","KS",2
"8/27/2022","KS",1
"9/3/2022","KS",0
"9/10/2022","KS",1
"9/17/2022","KS",0
"9/24/2022","KS",1
"10/1/2022","KS",1
"10/8/2022","LA",67
"10/15/2022","LA",98
"10/22/2022","LA",129
"10/29/2022","LA",235
"11/5/2022","LA",221
"11/12/2022","LA",227
"11/19/2022","LA",237
"11/26/2022","LA",330
"12/3/2022","LA",452
"12/10/2022","LA",382
"12/17/2022","LA",180
"12/24/2022","LA",155
"12/31/2022","LA",166
"1/7/2023","LA",171
"1/14/2023","LA",85
"1/21/2023","LA",83
"1/28/2023","LA",42
"2/4/2023","LA",94
"2/11/2023","LA",50
"2/18/2023","LA",33
"2/25/2023","LA",22
"3/4/2023","LA",25
"3/11/2023","LA",22
"3/18/2023","LA",17
"3/25/2023","LA",23
"4/1/2023","LA",27
"4/8/2023","LA",18
"4/15/2023","LA",14
"4/22/2023","LA",21
"4/29/2023","LA",20
"5/6/2023","LA",10
"5/13/2023","LA",18
"5/20/2023","LA",17
"5/27/2023","LA",11
"6/3/2023","LA",14
"6/10/2023","LA",14
"6/17/2023","LA",10
"6/24/2023","LA",8
"7/1/2023","LA",16
"7/8/2023","LA",13
"7/15/2023","LA",6
"7/22/2023","LA",7
"7/29/2023","LA",12
"8/5/2023","LA",11
"8/12/2023","LA",7
"8/19/2023","LA",11
"8/26/2023","LA",11
"9/2/2023","LA",14
"9/9/2023","LA",11
"9/16/2023","LA",13
"9/23/2023","LA",18
"9/30/2023","LA",16
"10/9/2021","MT",0
"10/16/2021","MT",0
"10/23/2021","MT",0
"10/30/2021","MT",0
"11/6/2021","MT",0
"11/13/2021","MT",0
"11/20/2021","MT",0
"11/27/2021","MT",0
"12/4/2021","MT",0
"12/11/2021","MT",1
"12/18/2021","MT",2
"12/25/2021","MT",1
"1/1/2022","MT",20
"1/8/2022","MT",21
"1/15/2022","MT",12
"1/22/2022","MT",12
"1/29/2022","MT",7
"2/5/2022","MT",9
"2/12/2022","MT",13
"2/19/2022","MT",7
"2/26/2022","MT",16
"3/5/2022","MT",21
"3/12/2022","MT",14
"3/19/2022","MT",16
"3/26/2022","MT",19
"4/2/2022","MT",38
"4/9/2022","MT",19
"4/16/2022","MT",14
"4/23/2022","MT",21
"4/30/2022","MT",18
"5/7/2022","MT",20
"5/14/2022","MT",9
"5/21/2022","MT",11
"5/28/2022","MT",14
"6/4/2022","MT",23
"6/11/2022","MT",10
"6/18/2022","MT",1
"6/25/2022","MT",0
"7/2/2022","MT",4
"7/9/2022","MT",2
"7/16/2022","MT",2
"7/23/2022","MT",0
"7/30/2022","MT",0
"8/6/2022","MT",0
"8/13/2022","MT",0
"8/20/2022","MT",1
"8/27/2022","MT",0
"9/3/2022","MT",0
"9/10/2022","MT",0
"9/17/2022","MT",1
"9/24/2022","MT",0
"10/1/2022","MT",2
"10/5/2024","MT",0
"10/12/2024","MT",0
"10/19/2024","MT",2
"10/26/2024","MT",0
"11/2/2024","MT",0
"11/9/2024","MT",0
"11/16/2024","MT",4
"11/23/2024","MT",1
"11/30/2024","MT",2
"12/7/2024","MT",2
"12/14/2024","MT",6
"12/21/2024","MT",27
"12/28/2024","MT",60
"1/4/2025","MT",71
"1/11/2025","MT",65
"1/18/2025","MT",80
"1/25/2025","MT",68
"2/1/2025","MT",109
"2/8/2025","MT",161
"2/15/2025","MT",159
"2/22/2025","MT",208
"3/1/2025","MT",191
"3/8/2025","MT",159
"3/15/2025","MT",125
"3/22/2025","MT",91
"3/29/2025","MT",59
"4/5/2025","MT",32
"4/12/2025","MT",34
"4/19/2025","MT",22
"4/26/2025","MT",11
"5/3/2025","MT",6
"5/10/2025","MT",0
"5/17/2025","MT",0
"5/24/2025","MT",2
"5/31/2025","MT",4
"6/7/2025","MT",2
"6/14/2025","MT",1
"6/21/2025","MT",2
"6/28/2025","MT",1
"7/5/2025","MT",2
"7/12/2025","MT",3
"7/19/2025","MT",2
"7/26/2025","MT",0
"8/2/2025","MT",0
"8/9/2025","MT",1
"8/16/2025","MT",1
"8/23/2025","MT",0
"8/30/2025","MT",3
"9/6/2025","MT",5
"9/13/2025","MT",1
"9/20/2025","MT",0
"9/27/2025","MT",0
"10/3/2020","NH",NA
"10/10/2020","NH",NA
"10/17/2020","NH",0
"10/24/2020","NH",0
"10/31/2020","NH",0
"11/7/2020","NH",0
"11/14/2020","NH",0
"11/21/2020","NH",1
"11/28/2020","NH",0
"12/5/2020","NH",0
"12/12/2020","NH",0
"12/19/2020","NH",0
"12/26/2020","NH",0
"1/2/2021","NH",1
"1/9/2021","NH",0
"1/16/2021","NH",0
"1/23/2021","NH",1
"1/30/2021","NH",1
"2/6/2021","NH",0
"2/13/2021","NH",1
"2/20/2021","NH",1
"2/27/2021","NH",0
"3/6/2021","NH",0
"3/13/2021","NH",0
"3/20/2021","NH",0
"3/27/2021","NH",0
"4/3/2021","NH",0
"4/10/2021","NH",1
"4/17/2021","NH",1
"4/24/2021","NH",1
"5/1/2021","NH",0
"5/8/2021","NH",3
"5/15/2021","NH",0
"5/22/2021","NH",0
"5/29/2021","NH",0
"6/5/2021","NH",0
"6/12/2021","NH",0
"6/19/2021","NH",0
"6/26/2021","NH",0
"7/3/2021","NH",0
"7/10/2021","NH",0
"7/17/2021","NH",0
"7/24/2021","NH",0
"7/31/2021","NH",0
"8/7/2021","NH",0
"8/14/2021","NH",0
"8/21/2021","NH",0
"8/28/2021","NH",0
"9/4/2021","NH",0
"9/11/2021","NH",0
"9/18/2021","NH",0
"9/25/2021","NH",0
"10/2/2021","NH",1
"10/8/2022","NJ",24
"10/15/2022","NJ",32
"10/22/2022","NJ",35
"10/29/2022","NJ",67
"11/5/2022","NJ",166
"11/12/2022","NJ",295
"11/19/2022","NJ",320
"11/26/2022","NJ",513
"12/3/2022","NJ",995
"12/10/2022","NJ",756
"12/17/2022","NJ",606
"12/24/2022","NJ",522
"12/31/2022","NJ",476
"1/7/2023","NJ",343
"1/14/2023","NJ",166
"1/21/2023","NJ",102
"1/28/2023","NJ",79
"2/4/2023","NJ",38
"2/11/2023","NJ",26
"2/18/2023","NJ",53
"2/25/2023","NJ",41
"3/4/2023","NJ",31
"3/11/2023","NJ",22
"3/18/2023","NJ",22
"3/25/2023","NJ",44
"4/1/2023","NJ",39
"4/8/2023","NJ",39
"4/15/2023","NJ",45
"4/22/2023","NJ",35
"4/29/2023","NJ",13
"5/6/2023","NJ",21
"5/13/2023","NJ",21
"5/20/2023","NJ",15
"5/27/2023","NJ",20
"6/3/2023","NJ",25
"6/10/2023","NJ",13
"6/17/2023","NJ",9
"6/24/2023","NJ",12
"7/1/2023","NJ",6
"7/8/2023","NJ",16
"7/15/2023","NJ",7
"7/22/2023","NJ",16
"7/29/2023","NJ",8
"8/5/2023","NJ",15
"8/12/2023","NJ",6
"8/19/2023","NJ",12
"8/26/2023","NJ",16
"9/2/2023","NJ",10
"9/9/2023","NJ",13
"9/16/2023","NJ",10
"9/23/2023","NJ",19
"9/30/2023","NJ",9
"8/8/2020","NM",NA
"8/15/2020","NM",NA
"8/22/2020","NM",NA
"8/29/2020","NM",NA
"9/5/2020","NM",NA
"9/12/2020","NM",NA
"9/19/2020","NM",NA
"9/26/2020","NM",NA
"10/8/2022","OK",6
"10/15/2022","OK",14
"10/22/2022","OK",30
"10/29/2022","OK",57
"11/5/2022","OK",47
"11/12/2022","OK",74
"11/19/2022","OK",149
"11/26/2022","OK",341
"12/3/2022","OK",771
"12/10/2022","OK",807
"12/17/2022","OK",764
"12/24/2022","OK",679
"12/31/2022","OK",708
"1/7/2023","OK",502
"1/14/2023","OK",273
"1/21/2023","OK",168
"1/28/2023","OK",94
"2/4/2023","OK",86
"2/11/2023","OK",54
"2/18/2023","OK",45
"2/25/2023","OK",33
"3/4/2023","OK",32
"3/11/2023","OK",19
"3/18/2023","OK",29
"3/25/2023","OK",23
"4/1/2023","OK",20
"4/8/2023","OK",23
"4/15/2023","OK",19
"4/22/2023","OK",15
"4/29/2023","OK",21
"5/6/2023","OK",10
"5/13/2023","OK",15
"5/20/2023","OK",23
"5/27/2023","OK",20
"6/3/2023","OK",12
"6/10/2023","OK",10
"6/17/2023","OK",15
"6/24/2023","OK",9
"7/1/2023","OK",13
"7/8/2023","OK",12
"7/15/2023","OK",8
"7/22/2023","OK",13
"7/29/2023","OK",14
"8/5/2023","OK",6
"8/12/2023","OK",11
"8/19/2023","OK",21
"8/26/2023","OK",13
"9/2/2023","OK",16
"9/9/2023","OK",16
"9/16/2023","OK",16
"9/23/2023","OK",17
"9/30/2023","OK",26
"10/3/2020","PR",NA
"10/10/2020","PR",NA
"10/17/2020","PR",NA
"10/24/2020","PR",16
"10/31/2020","PR",22
"11/7/2020","PR",11
"11/14/2020","PR",18
"11/21/2020","PR",30
"11/28/2020","PR",37
"12/5/2020","PR",15
"12/12/2020","PR",22
"12/19/2020","PR",28
"12/26/2020","PR",10
"1/2/2021","PR",7
"1/9/2021","PR",16
"1/16/2021","PR",20
"1/23/2021","PR",15
"1/30/2021","PR",26
"2/6/2021","PR",16
"2/13/2021","PR",13
"2/20/2021","PR",16
"2/27/2021","PR",17
"3/6/2021","PR",30
"3/13/2021","PR",36
"3/20/2021","PR",44
"3/27/2021","PR",28
"4/3/2021","PR",12
"4/10/2021","PR",27
"4/17/2021","PR",28
"4/24/2021","PR",25
"5/1/2021","PR",46
"5/8/2021","PR",24
"5/15/2021","PR",13
"5/22/2021","PR",14
"5/29/2021","PR",6
"6/5/2021","PR",5
"6/12/2021","PR",9
"6/19/2021","PR",16
"6/26/2021","PR",19
"7/3/2021","PR",18
"7/10/2021","PR",21
"7/17/2021","PR",13
"7/24/2021","PR",19
"7/31/2021","PR",12
"8/7/2021","PR",23
"8/14/2021","PR",21
"8/21/2021","PR",27
"8/28/2021","PR",33
"9/4/2021","PR",23
"9/11/2021","PR",20
"9/18/2021","PR",29
"9/25/2021","PR",17
"10/2/2021","PR",22
"10/5/2024","VA",6
"10/12/2024","VA",19
"10/19/2024","VA",15
"10/26/2024","VA",10
"11/2/2024","VA",16
"11/9/2024","VA",26
"11/16/2024","VA",26
"11/23/2024","VA",35
"11/30/2024","VA",46
"12/7/2024","VA",69
"12/14/2024","VA",140
"12/21/2024","VA",192
"12/28/2024","VA",374
"1/4/2025","VA",669
"1/11/2025","VA",464
"1/18/2025","VA",493
"1/25/2025","VA",685
"2/1/2025","VA",1083
"2/8/2025","VA",1315
"2/15/2025","VA",1190
"2/22/2025","VA",909
"3/1/2025","VA",727
"3/8/2025","VA",556
"3/15/2025","VA",514
"3/22/2025","VA",339
"3/29/2025","VA",213
"4/5/2025","VA",153
"4/12/2025","VA",93
"4/19/2025","VA",56
"4/26/2025","VA",54
"5/3/2025","VA",40
"5/10/2025","VA",35
"5/17/2025","VA",16
"5/24/2025","VA",33
"5/31/2025","VA",27
"6/7/2025","VA",20
"6/14/2025","VA",19
"6/21/2025","VA",11
"6/28/2025","VA",12
"7/5/2025","VA",14
"7/12/2025","VA",10
"7/19/2025","VA",5
"7/26/2025","VA",12
"8/2/2025","VA",10
"8/9/2025","VA",10
"8/16/2025","VA",9
"8/23/2025","VA",8
"8/30/2025","VA",9
"9/6/2025","VA",12
"9/13/2025","VA",12
"9/20/2025","VA",12
"9/27/2025","VA",15
"10/7/2023","VT",0
"10/14/2023","VT",0
"10/21/2023","VT",2
"10/28/2023","VT",0
"11/4/2023","VT",0
"11/11/2023","VT",2
"11/18/2023","VT",5
"11/25/2023","VT",3
"12/2/2023","VT",3
"12/9/2023","VT",8
"12/16/2023","VT",8
"12/23/2023","VT",12
"12/30/2023","VT",19
"1/6/2024","VT",15
"1/13/2024","VT",24
"1/20/2024","VT",26
"1/27/2024","VT",21
"2/3/2024","VT",18
"2/10/2024","VT",20
"2/17/2024","VT",21
"2/24/2024","VT",26
"3/2/2024","VT",30
"3/9/2024","VT",29
"3/16/2024","VT",24
"3/23/2024","VT",18
"3/30/2024","VT",15
"4/6/2024","VT",9
"4/13/2024","VT",16
"4/20/2024","VT",10
"4/27/2024","VT",6
"5/4/2024","VT",4
"5/11/2024","VT",0
"5/18/2024","VT",0
"5/25/2024","VT",1
"6/1/2024","VT",1
"6/8/2024","VT",0
"6/15/2024","VT",0
"6/22/2024","VT",0
"6/29/2024","VT",0
"7/6/2024","VT",0
"7/13/2024","VT",0
"7/20/2024","VT",0
"7/27/2024","VT",0
"8/3/2024","VT",0
"8/10/2024","VT",0
"8/17/2024","VT",0
"8/24/2024","VT",0
"8/31/2024","VT",0
"9/7/2024","VT",0
"9/14/2024","VT",0
"9/21/2024","VT",0
"9/28/2024","VT",0
"10/4/2025","VT",0
"10/11/2025","VT",0
"10/18/2025","VT",0
"10/25/2025","VT",1
"11/1/2025","VT",0
"11/8/2025","VT",4
"11/15/2025","VT",3
"11/22/2025","VT",0
"11/29/2025","VT",0
"12/6/2025","VT",5
"12/13/2025","VT",9
"12/20/2025","VT",13
"12/27/2025","VT",43
"1/3/2026","VT",58
"1/10/2026","VT",48
"1/17/2026","VT",34
"1/24/2026","VT",28
"1/31/2026","VT",27
"2/7/2026","VT",32
"2/14/2026","VT",25
"2/21/2026","VT",22
"2/28/2026","VT",14
"3/7/2026","VT",15
"3/14/2026","VT",12
"3/21/2026","VT",6
"3/28/2026","VT",11
"4/4/2026","VT",7
"4/11/2026","VT",3
"4/18/2026","VT",3
"4/25/2026","VT",2
"5/2/2026","VT",0
"5/9/2026","VT",1
"5/16/2026","VT",0
"5/23/2026","VT",0
"5/30/2026","VT",2
"6/6/2026","VT",0
"6/13/2026","VT",0
"6/20/2026","VT",0
"6/27/2026","VT",0
"7/4/2026","VT",0
"7/11/2026","VT",0
"7/18/2026","VT",1
"7/25/2026","VT",0
"8/1/2026","VT",0
"8/8/2026","VT",0
"8/15/2026","VT",2
"8/22/2026","VT",1
"8/29/2026","VT",1
"9/5/2026","VT",0
"9/12/2026","VT",1
"9/19/2026","VT",1
"9/26/2026","VT",3
"10/7/2023","IN",8
"10/14/2023","IN",23
"10/21/2023","IN",25
"10/28/2023","IN",33
"11/4/2023","IN",43
"11/11/2023","IN",58
"11/18/2023","IN",95
"11/25/2023","IN",100
"12/2/2023","IN",149
"12/9/2023","IN",181
"12/16/2023","IN",260
"12/23/2023","IN",374
"12/30/2023","IN",556
"1/6/2024","IN",521
"1/13/2024","IN",443
"1/20/2024","IN",402
"1/27/2024","IN",428
"2/3/2024","IN",453
"2/10/2024","IN",487
"2/17/2024","IN",439
"2/24/2024","IN",419
"3/2/2024","IN",390
"3/9/2024","IN",414
"3/16/2024","IN",275
"3/23/2024","IN",174
"3/30/2024","IN",175
"4/6/2024","IN",166
"4/13/2024","IN",112
"4/20/2024","IN",61
"4/27/2024","IN",46
"5/4/2024","IN",36
"5/11/2024","IN",12
"5/18/2024","IN",11
"5/25/2024","IN",4
"6/1/2024","IN",5
"6/8/2024","IN",5
"6/15/2024","IN",2
"6/22/2024","IN",5
"6/29/2024","IN",3
"7/6/2024","IN",3
"7/13/2024","IN",3
"7/20/2024","IN",0
"7/27/2024","IN",1
"8/3/2024","IN",1
"8/10/2024","IN",0
"8/17/2024","IN",3
"8/24/2024","IN",2
"8/31/2024","IN",1
"9/7/2024","IN",0
"9/14/2024","IN",4
"9/21/2024","IN",6
"9/28/2024","IN",3
"10/5/2024","IN",4
"10/12/2024","IN",3
"10/19/2024","IN",3
"10/26/2024","IN",3
"11/2/2024","IN",14
"11/9/2024","IN",28
"11/16/2024","IN",26
"11/23/2024","IN",32
"11/30/2024","IN",41
"12/7/2024","IN",65
"12/14/2024","IN",142
"12/21/2024","IN",288
"12/28/2024","IN",590
"1/4/2025","IN",829
"1/11/2025","IN",523
"1/18/2025","IN",542
"1/25/2025","IN",788
"2/1/2025","IN",1295
"2/8/2025","IN",1711
"2/15/2025","IN",1717
"2/22/2025","IN",1649
"3/1/2025","IN",1210
"3/8/2025","IN",900
"3/15/2025","IN",599
"3/22/2025","IN",392
"3/29/2025","IN",237
"4/5/2025","IN",126
"4/12/2025","IN",87
"4/19/2025","IN",52
"4/26/2025","IN",43
"5/3/2025","IN",34
"5/10/2025","IN",27
"5/17/2025","IN",25
"5/24/2025","IN",18
"5/31/2025","IN",20
"6/7/2025","IN",15
"6/14/2025","IN",5
"6/21/2025","IN",11
"6/28/2025","IN",15
"7/5/2025","IN",10
"7/12/2025","IN",4
"7/19/2025","IN",7
"7/26/2025","IN",6
"8/2/2025","IN",7
"8/9/2025","IN",12
"8/16/2025","IN",8
"8/23/2025","IN",9
"8/30/2025","IN",10
"9/6/2025","IN",13
"9/13/2025","IN",11
"9/20/2025","IN",13
"9/27/2025","IN",7
"10/3/2020","KY",NA
"10/10/2020","KY",NA
"10/17/2020","KY",NA
"10/24/2020","KY",12
"10/31/2020","KY",7
"11/7/2020","KY",11
"11/14/2020","KY",15
"11/21/2020","KY",11
"11/28/2020","KY",16
"12/5/2020","KY",20
"12/12/2020","KY",12
"12/19/2020","KY",33
"12/26/2020","KY",20
"1/2/2021","KY",5
"1/9/2021","KY",7
"1/16/2021","KY",7
"1/23/2021","KY",3
"1/30/2021","KY",13
"2/6/2021","KY",2
"2/13/2021","KY",2
"2/20/2021","KY",0
"2/27/2021","KY",5
"3/6/2021","KY",15
"3/13/2021","KY",12
"3/20/2021","KY",2
"3/27/2021","KY",1
"4/3/2021","KY",2
"4/10/2021","KY",1
"4/17/2021","KY",3
"4/24/2021","KY",6
"5/1/2021","KY",2
"5/8/2021","KY",3
"5/15/2021","KY",1
"5/22/2021","KY",2
"5/29/2021","KY",7
"6/5/2021","KY",2
"6/12/2021","KY",3
"6/19/2021","KY",4
"6/26/2021","KY",1
"7/3/2021","KY",3
"7/10/2021","KY",0
"7/17/2021","KY",0
"7/24/2021","KY",3
"7/31/2021","KY",0
"8/7/2021","KY",3
"8/14/2021","KY",2
"8/21/2021","KY",0
"8/28/2021","KY",1
"9/4/2021","KY",0
"9/11/2021","KY",2
"9/18/2021","KY",0
"9/25/2021","KY",2
"10/2/2021","KY",0
"10/4/2025","MI",14
"10/11/2025","MI",15
"10/18/2025","MI",17
"10/25/2025","MI",17
"11/1/2025","MI",12
"11/8/2025","MI",27
"11/15/2025","MI",44
"11/22/2025","MI",53
"11/29/2025","MI",76
"12/6/2025","MI",94
"12/13/2025","MI",210
"12/20/2025","MI",470
"12/27/2025","MI",905
"1/3/2026","MI",1253
"1/10/2026","MI",921
"1/17/2026","MI",526
"1/24/2026","MI",408
"1/31/2026","MI",330
"2/7/2026","MI",302
"2/14/2026","MI",281
"2/21/2026","MI",340
"2/28/2026","MI",290
"3/7/2026","MI",246
"3/14/2026","MI",217
"3/21/2026","MI",165
"3/28/2026","MI",96
"4/4/2026","MI",78
"4/11/2026","MI",72
"4/18/2026","MI",50
"4/25/2026","MI",35
"5/2/2026","MI",28
"5/9/2026","MI",21
"5/16/2026","MI",23
"5/23/2026","MI",17
"5/30/2026","MI",18
"6/6/2026","MI",7
"6/13/2026","MI",5
"6/20/2026","MI",10
"6/27/2026","MI",6
"7/4/2026","MI",6
"7/11/2026","MI",3
"7/18/2026","MI",10
"7/25/2026","MI",10
"8/1/2026","MI",7
"8/8/2026","MI",11
"8/15/2026","MI",5
"8/22/2026","MI",77
"8/29/2026","MI",13
"9/5/2026","MI",25
"9/12/2026","MI",25
"9/19/2026","MI",23
"9/26/2026","MI",39
"10/5/2024","NC",0
"10/12/2024","NC",77
"10/19/2024","NC",48
"10/26/2024","NC",47
"11/2/2024","NC",14
"11/9/2024","NC",27
"11/16/2024","NC",38
"11/23/2024","NC",31
"11/30/2024","NC",43
"12/7/2024","NC",65
"12/14/2024","NC",173
"12/21/2024","NC",292
"12/28/2024","NC",611
"1/4/2025","NC",942
"1/11/2025","NC",833
"1/18/2025","NC",1109
"1/25/2025","NC",1582
"2/1/2025","NC",2082
"2/8/2025","NC",2280
"2/15/2025","NC",1694
"2/22/2025","NC",1174
"3/1/2025","NC",918
"3/8/2025","NC",822
"3/15/2025","NC",667
"3/22/2025","NC",434
"3/29/2025","NC",301
"4/5/2025","NC",188
"4/12/2025","NC",98
"4/19/2025","NC",60
"4/26/2025","NC",50
"5/3/2025","NC",39
"5/10/2025","NC",28
"5/17/2025","NC",18
"5/24/2025","NC",19
"5/31/2025","NC",18
"6/7/2025","NC",25
"6/14/2025","NC",18
"6/21/2025","NC",22
"6/28/2025","NC",23
"7/5/2025","NC",15
"7/12/2025","NC",12
"7/19/2025","NC",12
"7/26/2025","NC",14
"8/2/2025","NC",12
"8/9/2025","NC",12
"8/16/2025","NC",11
"8/23/2025","NC",11
"8/30/2025","NC",11
"9/6/2025","NC",11
"9/13/2025","NC",7
"9/20/2025","NC",19
"9/27/2025","NC",19
"10/8/2022","NH",0
"10/15/2022","NH",0
"10/22/2022","NH",1
"10/29/2022","NH",0
"11/5/2022","NH",3
"11/12/2022","NH",3
"11/19/2022","NH",9
"11/26/2022","NH",9
"12/3/2022","NH",29
"12/10/2022","NH",65
"12/17/2022","NH",76
"12/24/2022","NH",117
"12/31/2022","NH",141
"1/7/2023","NH",108
"1/14/2023","NH",47
"1/21/2023","NH",23
"1/28/2023","NH",19
"2/4/2023","NH",4
"2/11/2023","NH",8
"2/18/2023","NH",4
"2/25/2023","NH",2
"3/4/2023","NH",2
"3/11/2023","NH",4
"3/18/2023","NH",10
"3/25/2023","NH",9
"4/1/2023","NH",9
"4/8/2023","NH",6
"4/15/2023","NH",0
"4/22/2023","NH",1
"4/29/2023","NH",2
"5/6/2023","NH",3
"5/13/2023","NH",1
"5/20/2023","NH",0
"5/27/2023","NH",4
"6/3/2023","NH",1
"6/10/2023","NH",0
"6/17/2023","NH",2
"6/24/2023","NH",0
"7/1/2023","NH",1
"7/8/2023","NH",0
"7/15/2023","NH",1
"7/22/2023","NH",0
"7/29/2023","NH",1
"8/5/2023","NH",1
"8/12/2023","NH",1
"8/19/2023","NH",0
"8/26/2023","NH",0
"9/2/2023","NH",4
"9/9/2023","NH",1
"9/16/2023","NH",0
"9/23/2023","NH",2
"9/30/2023","NH",1
"8/8/2020","NJ",NA
"8/15/2020","NJ",NA
"8/22/2020","NJ",NA
"8/29/2020","NJ",NA
"9/5/2020","NJ",NA
"9/12/2020","NJ",NA
"9/19/2020","NJ",NA
"9/26/2020","NJ",NA
"10/5/2024","OK",0
"10/12/2024","OK",0
"10/19/2024","OK",0
"10/26/2024","OK",4
"11/2/2024","OK",3
"11/9/2024","OK",13
"11/16/2024","OK",13
"11/23/2024","OK",14
"11/30/2024","OK",40
"12/7/2024","OK",40
"12/14/2024","OK",56
"12/21/2024","OK",106
"12/28/2024","OK",282
"1/4/2025","OK",404
"1/11/2025","OK",285
"1/18/2025","OK",439
"1/25/2025","OK",692
"2/1/2025","OK",1114
"2/8/2025","OK",1076
"2/15/2025","OK",787
"2/22/2025","OK",500
"3/1/2025","OK",334
"3/8/2025","OK",236
"3/15/2025","OK",143
"3/22/2025","OK",86
"3/29/2025","OK",75
"4/5/2025","OK",40
"4/12/2025","OK",20
"4/19/2025","OK",21
"4/26/2025","OK",17
"5/3/2025","OK",16
"5/10/2025","OK",13
"5/17/2025","OK",19
"5/24/2025","OK",13
"5/31/2025","OK",8
"6/7/2025","OK",12
"6/14/2025","OK",12
"6/21/2025","OK",11
"6/28/2025","OK",14
"7/5/2025","OK",8
"7/12/2025","OK",2
"7/19/2025","OK",4
"7/26/2025","OK",10
"8/2/2025","OK",5
"8/9/2025","OK",7
"8/16/2025","OK",5
"8/23/2025","OK",11
"8/30/2025","OK",4
"9/6/2025","OK",13
"9/13/2025","OK",9
"9/20/2025","OK",8
"9/27/2025","OK",9
"10/3/2020","PA",NA
"10/10/2020","PA",NA
"10/17/2020","PA",0
"10/24/2020","PA",5
"10/31/2020","PA",7
"11/7/2020","PA",16
"11/14/2020","PA",4
"11/21/2020","PA",5
"11/28/2020","PA",3
"12/5/2020","PA",16
"12/12/2020","PA",8
"12/19/2020","PA",6
"12/26/2020","PA",9
"1/2/2021","PA",14
"1/9/2021","PA",16
"1/16/2021","PA",19
"1/23/2021","PA",21
"1/30/2021","PA",11
"2/6/2021","PA",10
"2/13/2021","PA",18
"2/20/2021","PA",9
"2/27/2021","PA",14
"3/6/2021","PA",5
"3/13/2021","PA",11
"3/20/2021","PA",9
"3/27/2021","PA",10
"4/3/2021","PA",12
"4/10/2021","PA",16
"4/17/2021","PA",12
"4/24/2021","PA",12
"5/1/2021","PA",6
"5/8/2021","PA",19
"5/15/2021","PA",8
"5/22/2021","PA",14
"5/29/2021","PA",21
"6/5/2021","PA",9
"6/12/2021","PA",15
"6/19/2021","PA",11
"6/26/2021","PA",11
"7/3/2021","PA",12
"7/10/2021","PA",9
"7/17/2021","PA",7
"7/24/2021","PA",13
"7/31/2021","PA",14
"8/7/2021","PA",17
"8/14/2021","PA",8
"8/21/2021","PA",9
"8/28/2021","PA",10
"9/4/2021","PA",16
"9/11/2021","PA",13
"9/18/2021","PA",12
"9/25/2021","PA",9
"10/2/2021","PA",20
"10/3/2020","SD",0
"10/10/2020","SD",0
"10/17/2020","SD",0
"10/24/2020","SD",2
"10/31/2020","SD",0
"11/7/2020","SD",1
"11/14/2020","SD",2
"11/21/2020","SD",1
"11/28/2020","SD",0
"12/5/2020","SD",1
"12/12/2020","SD",2
"12/19/2020","SD",2
"12/26/2020","SD",1
"1/2/2021","SD",0
"1/9/2021","SD",1
"1/16/2021","SD",0
"1/23/2021","SD",0
"1/30/2021","SD",0
"2/6/2021","SD",0
"2/13/2021","SD",2
"2/20/2021","SD",1
"2/27/2021","SD",1
"3/6/2021","SD",0
"3/13/2021","SD",0
"3/20/2021","SD",0
"3/27/2021","SD",0
"4/3/2021","SD",0
"4/10/2021","SD",0
"4/17/2021","SD",1
"4/24/2021","SD",5
"5/1/2021","SD",4
"5/8/2021","SD",3
"5/15/2021","SD",1
"5/22/2021","SD",0
"5/29/2021","SD",2
"6/5/2021","SD",0
"6/12/2021","SD",8
"6/19/2021","SD",4
"6/26/2021","SD",3
"7/3/2021","SD",2
"7/10/2021","SD",4
"7/17/2021","SD",2
"7/24/2021","SD",1
"7/31/2021","SD",1
"8/7/2021","SD",0
"8/14/2021","SD",1
"8/21/2021","SD",6
"8/28/2021","SD",0
"9/4/2021","SD",1
"9/11/2021","SD",0
"9/18/2021","SD",0
"9/25/2021","SD",0
"10/2/2021","SD",1
"10/8/2022","SD",10
"10/15/2022","SD",12
"10/22/2022","SD",13
"10/29/2022","SD",9
"11/5/2022","SD",9
"11/12/2022","SD",13
"11/19/2022","SD",24
"11/26/2022","SD",58
"12/3/2022","SD",73
"12/10/2022","SD",84
"12/17/2022","SD",97
"12/24/2022","SD",84
"12/31/2022","SD",59
"1/7/2023","SD",69
"1/14/2023","SD",15
"1/21/2023","SD",12
"1/28/2023","SD",15
"2/4/2023","SD",15
"2/11/2023","SD",9
"2/18/2023","SD",16
"2/25/2023","SD",4
"3/4/2023","SD",7
"3/11/2023","SD",15
"3/18/2023","SD",16
"3/25/2023","SD",20
"4/1/2023","SD",13
"4/8/2023","SD",13
"4/15/2023","SD",5
"4/22/2023","SD",4
"4/29/2023","SD",4
"5/6/2023","SD",7
"5/13/2023","SD",7
"5/20/2023","SD",3
"5/27/2023","SD",3
"6/3/2023","SD",4
"6/10/2023","SD",2
"6/17/2023","SD",2
"6/24/2023","SD",0
"7/1/2023","SD",2
"7/8/2023","SD",3
"7/15/2023","SD",0
"7/22/2023","SD",0
"7/29/2023","SD",0
"8/5/2023","SD",2
"8/12/2023","SD",1
"8/19/2023","SD",3
"8/26/2023","SD",1
"9/2/2023","SD",1
"9/9/2023","SD",3
"9/16/2023","SD",0
"9/23/2023","SD",0
"9/30/2023","SD",2
"10/8/2022","TN",39
"10/15/2022","TN",59
"10/22/2022","TN",87
"10/29/2022","TN",122
"11/5/2022","TN",231
"11/12/2022","TN",311
"11/19/2022","TN",285
"11/26/2022","TN",471
"12/3/2022","TN",687
"12/10/2022","TN",486
"12/17/2022","TN",258
"12/24/2022","TN",226
"12/31/2022","TN",248
"1/7/2023","TN",174
"1/14/2023","TN",100
"1/21/2023","TN",69
"1/28/2023","TN",41
"2/4/2023","TN",43
"2/11/2023","TN",28
"2/18/2023","TN",57
"2/25/2023","TN",43
"3/4/2023","TN",41
"3/11/2023","TN",27
"3/18/2023","TN",29
"3/25/2023","TN",31
"4/1/2023","TN",45
"4/8/2023","TN",29
"4/15/2023","TN",25
"4/22/2023","TN",22
"4/29/2023","TN",18
"5/6/2023","TN",24
"5/13/2023","TN",15
"5/20/2023","TN",14
"5/27/2023","TN",27
"6/3/2023","TN",20
"6/10/2023","TN",27
"6/17/2023","TN",31
"6/24/2023","TN",13
"7/1/2023","TN",24
"7/8/2023","TN",21
"7/15/2023","TN",23
"7/22/2023","TN",23
"7/29/2023","TN",16
"8/5/2023","TN",22
"8/12/2023","TN",26
"8/19/2023","TN",26
"8/26/2023","TN",23
"9/2/2023","TN",27
"9/9/2023","TN",46
"9/16/2023","TN",34
"9/23/2023","TN",24
"9/30/2023","TN",41
"10/4/2025","VI",0
"10/11/2025","VI",1
"10/18/2025","VI",0
"10/25/2025","VI",0
"11/1/2025","VI",0
"11/8/2025","VI",1
"11/15/2025","VI",0
"11/22/2025","VI",0
"11/29/2025","VI",0
"12/6/2025","VI",0
"12/13/2025","VI",0
"12/20/2025","VI",0
"12/27/2025","VI",0
"1/3/2026","VI",0
"1/10/2026","VI",0
"1/17/2026","VI",0
"1/24/2026","VI",0
"1/31/2026","VI",0
"2/7/2026","VI",1
"2/14/2026","VI",0
"2/21/2026","VI",0
"2/28/2026","VI",0
"3/7/2026","VI",0
"3/14/2026","VI",0
"3/21/2026","VI",0
"3/28/2026","VI",0
"4/4/2026","VI",1
"4/11/2026","VI",0
"4/18/2026","VI",0
"4/25/2026","VI",0
"5/2/2026","VI",0
"5/9/2026","VI",0
"5/16/2026","VI",0
"5/23/2026","VI",0
"5/30/2026","VI",0
"6/6/2026","VI",0
"6/13/2026","VI",0
"6/20/2026","VI",0
"6/27/2026","VI",0
"7/4/2026","VI",0
"7/11/2026","VI",0
"7/18/2026","VI",0
"7/25/2026","VI",0
"8/1/2026","VI",0
"8/8/2026","VI",0
"8/15/2026","VI",0
"8/22/2026","VI",0
"8/29/2026","VI",0
"9/5/2026","VI",0
"9/12/2026","VI",0
"9/19/2026","VI",0
"9/26/2026","VI",0
"10/8/2022","AK",0
"10/15/2022","AK",5
"10/22/2022","AK",1
"10/29/2022","AK",11
"11/5/2022","AK",15
"11/12/2022","AK",14
"11/19/2022","AK",36
"11/26/2022","AK",65
"12/3/2022","AK",53
"12/10/2022","AK",73
"12/17/2022","AK",51
"12/24/2022","AK",43
"12/31/2022","AK",43
"1/7/2023","AK",32
"1/14/2023","AK",7
"1/21/2023","AK",7
"1/28/2023","AK",5
"2/4/2023","AK",3
"2/11/2023","AK",1
"2/18/2023","AK",2
"2/25/2023","AK",5
"3/4/2023","AK",2
"3/11/2023","AK",4
"3/18/2023","AK",1
"3/25/2023","AK",3
"4/1/2023","AK",1
"4/8/2023","AK",2
"4/15/2023","AK",2
"4/22/2023","AK",1
"4/29/2023","AK",0
"5/6/2023","AK",5
"5/13/2023","AK",1
"5/20/2023","AK",0
"5/27/2023","AK",0
"6/3/2023","AK",3
"6/10/2023","AK",2
"6/17/2023","AK",6
"6/24/2023","AK",0
"7/1/2023","AK",4
"7/8/2023","AK",2
"7/15/2023","AK",2
"7/22/2023","AK",1
"7/29/2023","AK",0
"8/5/2023","AK",2
"8/12/2023","AK",1
"8/19/2023","AK",2
"8/26/2023","AK",0
"9/2/2023","AK",2
"9/9/2023","AK",2
"9/16/2023","AK",5
"9/23/2023","AK",6
"9/30/2023","AK",7
"10/4/2025","CA",92
"10/11/2025","CA",96
"10/18/2025","CA",102
"10/25/2025","CA",102
"11/1/2025","CA",139
"11/8/2025","CA",151
"11/15/2025","CA",149
"11/22/2025","CA",148
"11/29/2025","CA",217
"12/6/2025","CA",262
"12/13/2025","CA",426
"12/20/2025","CA",719
"12/27/2025","CA",1247
"1/3/2026","CA",1568
"1/10/2026","CA",1494
"1/17/2026","CA",1396
"1/24/2026","CA",1624
"1/31/2026","CA",1649
"2/7/2026","CA",2074
"2/14/2026","CA",2151
"2/21/2026","CA",1566
"2/28/2026","CA",1314
"3/7/2026","CA",974
"3/14/2026","CA",671
"3/21/2026","CA",701
"3/28/2026","CA",426
"4/4/2026","CA",312
"4/11/2026","CA",260
"4/18/2026","CA",194
"4/25/2026","CA",230
"5/2/2026","CA",212
"5/9/2026","CA",194
"5/16/2026","CA",177
"5/23/2026","CA",151
"5/30/2026","CA",139
"6/6/2026","CA",137
"6/13/2026","CA",126
"6/20/2026","CA",119
"6/27/2026","CA",96
"7/4/2026","CA",107
"7/11/2026","CA",97
"7/18/2026","CA",81
"7/25/2026","CA",79
"8/1/2026","CA",79
"8/8/2026","CA",50
"8/15/2026","CA",69
"8/22/2026","CA",85
"8/29/2026","CA",118
"9/5/2026","CA",151
"9/12/2026","CA",234
"9/19/2026","CA",344
"9/26/2026","CA",387
"10/5/2024","CT",4
"10/12/2024","CT",0
"10/19/2024","CT",5
"10/26/2024","CT",6
"11/2/2024","CT",10
"11/9/2024","CT",4
"11/16/2024","CT",5
"11/23/2024","CT",4
"11/30/2024","CT",11
"12/7/2024","CT",13
"12/14/2024","CT",24
"12/21/2024","CT",45
"12/28/2024","CT",148
"1/4/2025","CT",306
"1/11/2025","CT",258
"1/18/2025","CT",251
"1/25/2025","CT",385
"2/1/2025","CT",493
"2/8/2025","CT",538
"2/15/2025","CT",499
"2/22/2025","CT",372
"3/1/2025","CT",278
"3/8/2025","CT",187
"3/15/2025","CT",153
"3/22/2025","CT",118
"3/29/2025","CT",77
"4/5/2025","CT",53
"4/12/2025","CT",40
"4/19/2025","CT",34
"4/26/2025","CT",53
"5/3/2025","CT",25
"5/10/2025","CT",9
"5/17/2025","CT",17
"5/24/2025","CT",14
"5/31/2025","CT",16
"6/7/2025","CT",8
"6/14/2025","CT",4
"6/21/2025","CT",4
"6/28/2025","CT",1
"7/5/2025","CT",2
"7/12/2025","CT",5
"7/19/2025","CT",4
"7/26/2025","CT",4
"8/2/2025","CT",5
"8/9/2025","CT",9
"8/16/2025","CT",7
"8/23/2025","CT",4
"8/30/2025","CT",6
"9/6/2025","CT",6
"9/13/2025","CT",10
"9/20/2025","CT",8
"9/27/2025","CT",7
"10/7/2023","DC",2
"10/14/2023","DC",2
"10/21/2023","DC",3
"10/28/2023","DC",1
"11/4/2023","DC",0
"11/11/2023","DC",0
"11/18/2023","DC",5
"11/25/2023","DC",8
"12/2/2023","DC",11
"12/9/2023","DC",13
"12/16/2023","DC",20
"12/23/2023","DC",45
"12/30/2023","DC",57
"1/6/2024","DC",55
"1/13/2024","DC",37
"1/20/2024","DC",26
"1/27/2024","DC",21
"2/3/2024","DC",20
"2/10/2024","DC",14
"2/17/2024","DC",19
"2/24/2024","DC",18
"3/2/2024","DC",15
"3/9/2024","DC",36
"3/16/2024","DC",14
"3/23/2024","DC",20
"3/30/2024","DC",18
"4/6/2024","DC",23
"4/13/2024","DC",17
"4/20/2024","DC",14
"4/27/2024","DC",8
"5/4/2024","DC",5
"5/11/2024","DC",4
"5/18/2024","DC",2
"5/25/2024","DC",2
"6/1/2024","DC",0
"6/8/2024","DC",0
"6/15/2024","DC",0
"6/22/2024","DC",0
"6/29/2024","DC",2
"7/6/2024","DC",0
"7/13/2024","DC",1
"7/20/2024","DC",2
"7/27/2024","DC",1
"8/3/2024","DC",1
"8/10/2024","DC",1
"8/17/2024","DC",0
"8/24/2024","DC",0
"8/31/2024","DC",1
"9/7/2024","DC",0
"9/14/2024","DC",1
"9/21/2024","DC",0
"9/28/2024","DC",2
"8/8/2020","HI",NA
"8/15/2020","HI",NA
"8/22/2020","HI",NA
"8/29/2020","HI",NA
"9/5/2020","HI",NA
"9/12/2020","HI",NA
"9/19/2020","HI",NA
"9/26/2020","HI",NA
"10/9/2021","IA",0
"10/16/2021","IA",0
"10/23/2021","IA",0
"10/30/2021","IA",0
"11/6/2021","IA",0
"11/13/2021","IA",0
"11/20/2021","IA",1
"11/27/2021","IA",2
"12/4/2021","IA",1
"12/11/2021","IA",3
"12/18/2021","IA",3
"12/25/2021","IA",3
"1/1/2022","IA",12
"1/8/2022","IA",15
"1/15/2022","IA",12
"1/22/2022","IA",21
"1/29/2022","IA",7
"2/5/2022","IA",16
"2/12/2022","IA",46
"2/19/2022","IA",40
"2/26/2022","IA",57
"3/5/2022","IA",56
"3/12/2022","IA",54
"3/19/2022","IA",49
"3/26/2022","IA",43
"4/2/2022","IA",36
"4/9/2022","IA",25
"4/16/2022","IA",25
"4/23/2022","IA",20
"4/30/2022","IA",17
"5/7/2022","IA",20
"5/14/2022","IA",17
"5/21/2022","IA",10
"5/28/2022","IA",6
"6/4/2022","IA",6
"6/11/2022","IA",9
"6/18/2022","IA",6
"6/25/2022","IA",5
"7/2/2022","IA",3
"7/9/2022","IA",3
"7/16/2022","IA",0
"7/23/2022","IA",0
"7/30/2022","IA",0
"8/6/2022","IA",1
"8/13/2022","IA",1
"8/20/2022","IA",4
"8/27/2022","IA",1
"9/3/2022","IA",3
"9/10/2022","IA",0
"9/17/2022","IA",1
"9/24/2022","IA",2
"10/1/2022","IA",9
"10/5/2024","IA",1
"10/12/2024","IA",0
"10/19/2024","IA",1
"10/26/2024","IA",4
"11/2/2024","IA",5
"11/9/2024","IA",4
"11/16/2024","IA",5
"11/23/2024","IA",5
"11/30/2024","IA",4
"12/7/2024","IA",13
"12/14/2024","IA",23
"12/21/2024","IA",42
"12/28/2024","IA",118
"1/4/2025","IA",190
"1/11/2025","IA",266
"1/18/2025","IA",246
"1/25/2025","IA",304
"2/1/2025","IA",457
"2/8/2025","IA",607
"2/15/2025","IA",516
"2/22/2025","IA",404
"3/1/2025","IA",355
"3/8/2025","IA",271
"3/15/2025","IA",187
"3/22/2025","IA",99
"3/29/2025","IA",55
"4/5/2025","IA",43
"4/12/2025","IA",24
"4/19/2025","IA",11
"4/26/2025","IA",14
"5/3/2025","IA",4
"5/10/2025","IA",4
"5/17/2025","IA",1
"5/24/2025","IA",5
"5/31/2025","IA",4
"6/7/2025","IA",6
"6/14/2025","IA",1
"6/21/2025","IA",3
"6/28/2025","IA",2
"7/5/2025","IA",2
"7/12/2025","IA",0
"7/19/2025","IA",3
"7/26/2025","IA",0
"8/2/2025","IA",2
"8/9/2025","IA",1
"8/16/2025","IA",2
"8/23/2025","IA",3
"8/30/2025","IA",1
"9/6/2025","IA",2
"9/13/2025","IA",0
"9/20/2025","IA",3
"9/27/2025","IA",6
"10/7/2023","KS",10
"10/14/2023","KS",3
"10/21/2023","KS",7
"10/28/2023","KS",5
"11/4/2023","KS",5
"11/11/2023","KS",10
"11/18/2023","KS",18
"11/25/2023","KS",26
"12/2/2023","KS",37
"12/9/2023","KS",37
"12/16/2023","KS",43
"12/23/2023","KS",92
"12/30/2023","KS",93
"1/6/2024","KS",93
"1/13/2024","KS",101
"1/20/2024","KS",66
"1/27/2024","KS",68
"2/3/2024","KS",113
"2/10/2024","KS",139
"2/17/2024","KS",111
"2/24/2024","KS",82
"3/2/2024","KS",87
"3/9/2024","KS",84
"3/16/2024","KS",95
"3/23/2024","KS",66
"3/30/2024","KS",66
"4/6/2024","KS",42
"4/13/2024","KS",27
"4/20/2024","KS",40
"4/27/2024","KS",27
"5/4/2024","KS",9
"5/11/2024","KS",5
"5/18/2024","KS",2
"5/25/2024","KS",5
"6/1/2024","KS",2
"6/8/2024","KS",5
"6/15/2024","KS",1
"6/22/2024","KS",1
"6/29/2024","KS",1
"7/6/2024","KS",0
"7/13/2024","KS",4
"7/20/2024","KS",0
"7/27/2024","KS",1
"8/3/2024","KS",1
"8/10/2024","KS",0
"8/17/2024","KS",1
"8/24/2024","KS",0
"8/31/2024","KS",0
"9/7/2024","KS",2
"9/14/2024","KS",0
"9/21/2024","KS",2
"9/28/2024","KS",1
"10/3/2020","MS",NA
"10/10/2020","MS",NA
"10/17/2020","MS",0
"10/24/2020","MS",6
"10/31/2020","MS",5
"11/7/2020","MS",13
"11/14/2020","MS",14
"11/21/2020","MS",6
"11/28/2020","MS",12
"12/5/2020","MS",11
"12/12/2020","MS",8
"12/19/2020","MS",11
"12/26/2020","MS",19
"1/2/2021","MS",5
"1/9/2021","MS",28
"1/16/2021","MS",29
"1/23/2021","MS",14
"1/30/2021","MS",14
"2/6/2021","MS",10
"2/13/2021","MS",9
"2/20/2021","MS",15
"2/27/2021","MS",7
"3/6/2021","MS",13
"3/13/2021","MS",18
"3/20/2021","MS",10
"3/27/2021","MS",8
"4/3/2021","MS",6
"4/10/2021","MS",9
"4/17/2021","MS",2
"4/24/2021","MS",10
"5/1/2021","MS",4
"5/8/2021","MS",9
"5/15/2021","MS",12
"5/22/2021","MS",15
"5/29/2021","MS",10
"6/5/2021","MS",11
"6/12/2021","MS",13
"6/19/2021","MS",9
"6/26/2021","MS",8
"7/3/2021","MS",9
"7/10/2021","MS",1
"7/17/2021","MS",6
"7/24/2021","MS",6
"7/31/2021","MS",3
"8/7/2021","MS",0
"8/14/2021","MS",3
"8/21/2021","MS",5
"8/28/2021","MS",15
"9/4/2021","MS",18
"9/11/2021","MS",6
"9/18/2021","MS",1
"9/25/2021","MS",5
"10/2/2021","MS",0
"10/3/2020","NJ",NA
"10/10/2020","NJ",NA
"10/17/2020","NJ",0
"10/24/2020","NJ",4
"10/31/2020","NJ",8
"11/7/2020","NJ",4
"11/14/2020","NJ",1
"11/21/2020","NJ",13
"11/28/2020","NJ",4
"12/5/2020","NJ",14
"12/12/2020","NJ",10
"12/19/2020","NJ",14
"12/26/2020","NJ",9
"1/2/2021","NJ",10
"1/9/2021","NJ",11
"1/16/2021","NJ",6
"1/23/2021","NJ",9
"1/30/2021","NJ",9
"2/6/2021","NJ",11
"2/13/2021","NJ",7
"2/20/2021","NJ",9
"2/27/2021","NJ",12
"3/6/2021","NJ",5
"3/13/2021","NJ",10
"3/20/2021","NJ",11
"3/27/2021","NJ",7
"4/3/2021","NJ",7
"4/10/2021","NJ",9
"4/17/2021","NJ",10
"4/24/2021","NJ",10
"5/1/2021","NJ",5
"5/8/2021","NJ",8
"5/15/2021","NJ",15
"5/22/2021","NJ",6
"5/29/2021","NJ",4
"6/5/2021","NJ",2
"6/12/2021","NJ",6
"6/19/2021","NJ",5
"6/26/2021","NJ",5
"7/3/2021","NJ",2
"7/10/2021","NJ",4
"7/17/2021","NJ",2
"7/24/2021","NJ",4
"7/31/2021","NJ",4
"8/7/2021","NJ",1
"8/14/2021","NJ",3
"8/21/2021","NJ",2
"8/28/2021","NJ",6
"9/4/2021","NJ",3
"9/11/2021","NJ",3
"9/18/2021","NJ",3
"9/25/2021","NJ",7
"10/2/2021","NJ",7
"10/4/2025","OH",17
"10/11/2025","OH",13
"10/18/2025","OH",13
"10/25/2025","OH",15
"11/1/2025","OH",22
"11/8/2025","OH",42
"11/15/2025","OH",48
"11/22/2025","OH",90
"11/29/2025","OH",125
"12/6/2025","OH",176
"12/13/2025","OH",329
"12/20/2025","OH",745
"12/27/2025","OH",1610
"1/3/2026","OH",1958
"1/10/2026","OH",1377
"1/17/2026","OH",858
"1/24/2026","OH",724
"1/31/2026","OH",610
"2/7/2026","OH",514
"2/14/2026","OH",528
"2/21/2026","OH",663
"2/28/2026","OH",522
"3/7/2026","OH",459
"3/14/2026","OH",417
"3/21/2026","OH",257
"3/28/2026","OH",60
"4/4/2026","OH",35
"4/11/2026","OH",42
"4/18/2026","OH",28
"4/25/2026","OH",37
"5/2/2026","OH",27
"5/9/2026","OH",22
"5/16/2026","OH",14
"5/23/2026","OH",14
"5/30/2026","OH",15
"6/6/2026","OH",19
"6/13/2026","OH",9
"6/20/2026","OH",11
"6/27/2026","OH",7
"7/4/2026","OH",5
"7/11/2026","OH",8
"7/18/2026","OH",8
"7/25/2026","OH",5
"8/1/2026","OH",13
"8/8/2026","OH",7
"8/15/2026","OH",9
"8/22/2026","OH",13
"8/29/2026","OH",16
"9/5/2026","OH",16
"9/12/2026","OH",16
"9/19/2026","OH",38
"9/26/2026","OH",40
"10/3/2020","OR",NA
"10/10/2020","OR",NA
"10/17/2020","OR",0
"10/24/2020","OR",0
"10/31/2020","OR",0
"11/7/2020","OR",1
"11/14/2020","OR",0
"11/21/2020","OR",0
"11/28/2020","OR",2
"12/5/2020","OR",0
"12/12/2020","OR",0
"12/19/2020","OR",0
"12/26/2020","OR",0
"1/2/2021","OR",2
"1/9/2021","OR",0
"1/16/2021","OR",0
"1/23/2021","OR",0
"1/30/2021","OR",0
"2/6/2021","OR",0
"2/13/2021","OR",1
"2/20/2021","OR",0
"2/27/2021","OR",1
"3/6/2021","OR",0
"3/13/2021","OR",0
"3/20/2021","OR",0
"3/27/2021","OR",0
"4/3/2021","OR",0
"4/10/2021","OR",0
"4/17/2021","OR",0
"4/24/2021","OR",0
"5/1/2021","OR",1
"5/8/2021","OR",0
"5/15/2021","OR",0
"5/22/2021","OR",0
"5/29/2021","OR",1
"6/5/2021","OR",0
"6/12/2021","OR",0
"6/19/2021","OR",1
"6/26/2021","OR",0
"7/3/2021","OR",1
"7/10/2021","OR",1
"7/17/2021","OR",0
"7/24/2021","OR",0
"7/31/2021","OR",0
"8/7/2021","OR",0
"8/14/2021","OR",0
"8/21/2021","OR",5
"8/28/2021","OR",2
"9/4/2021","OR",0
"9/11/2021","OR",2
"9/18/2021","OR",2
"9/25/2021","OR",0
"10/2/2021","OR",2
"8/8/2020","PA",NA
"8/15/2020","PA",NA
"8/22/2020","PA",NA
"8/29/2020","PA",NA
"9/5/2020","PA",NA
"9/12/2020","PA",NA
"9/19/2020","PA",NA
"9/26/2020","PA",NA
"10/9/2021","VI",0
"10/16/2021","VI",0
"10/23/2021","VI",0
"10/30/2021","VI",0
"11/6/2021","VI",0
"11/13/2021","VI",0
"11/20/2021","VI",0
"11/27/2021","VI",0
"12/4/2021","VI",0
"12/11/2021","VI",0
"12/18/2021","VI",0
"12/25/2021","VI",0
"1/1/2022","VI",0
"1/8/2022","VI",0
"1/15/2022","VI",0
"1/22/2022","VI",0
"1/29/2022","VI",0
"2/5/2022","VI",0
"2/12/2022","VI",0
"2/19/2022","VI",0
"2/26/2022","VI",0
"3/5/2022","VI",0
"3/12/2022","VI",0
"3/19/2022","VI",0
"3/26/2022","VI",0
"4/2/2022","VI",0
"4/9/2022","VI",0
"4/16/2022","VI",0
"4/23/2022","VI",0
"4/30/2022","VI",0
"5/7/2022","VI",0
"5/14/2022","VI",0
"5/21/2022","VI",0
"5/28/2022","VI",0
"6/4/2022","VI",0
"6/11/2022","VI",0
"6/18/2022","VI",0
"6/25/2022","VI",0
"7/2/2022","VI",0
"7/9/2022","VI",0
"7/16/2022","VI",0
"7/23/2022","VI",0
"7/30/2022","VI",0
"8/6/2022","VI",0
"8/13/2022","VI",0
"8/20/2022","VI",0
"8/27/2022","VI",0
"9/3/2022","VI",0
"9/10/2022","VI",0
"9/17/2022","VI",0
"9/24/2022","VI",0
"10/1/2022","VI",0
"10/9/2021","WA",0
"10/16/2021","WA",0
"10/23/2021","WA",0
"10/30/2021","WA",3
"11/6/2021","WA",0
"11/13/2021","WA",0
"11/20/2021","WA",1
"11/27/2021","WA",0
"12/4/2021","WA",1
"12/11/2021","WA",1
"12/18/2021","WA",0
"12/25/2021","WA",5
"1/1/2022","WA",5
"1/8/2022","WA",0
"1/15/2022","WA",6
"1/22/2022","WA",4
"1/29/2022","WA",2
"2/5/2022","WA",7
"2/12/2022","WA",8
"2/19/2022","WA",6
"2/26/2022","WA",5
"3/5/2022","WA",13
"3/12/2022","WA",12
"3/19/2022","WA",21
"3/26/2022","WA",24
"4/2/2022","WA",20
"4/9/2022","WA",24
"4/16/2022","WA",32
"4/23/2022","WA",34
"4/30/2022","WA",42
"5/7/2022","WA",60
"5/14/2022","WA",57
"5/21/2022","WA",60
"5/28/2022","WA",67
"6/4/2022","WA",65
"6/11/2022","WA",57
"6/18/2022","WA",44
"6/25/2022","WA",64
"7/2/2022","WA",55
"7/9/2022","WA",31
"7/16/2022","WA",30
"7/23/2022","WA",23
"7/30/2022","WA",13
"8/6/2022","WA",17
"8/13/2022","WA",15
"8/20/2022","WA",12
"8/27/2022","WA",7
"9/3/2022","WA",17
"9/10/2022","WA",10
"9/17/2022","WA",16
"9/24/2022","WA",7
"10/1/2022","WA",11
"10/7/2023","WY",6
"10/14/2023","WY",4
"10/21/2023","WY",4
"10/28/2023","WY",0
"11/4/2023","WY",1
"11/11/2023","WY",5
"11/18/2023","WY",9
"11/25/2023","WY",23
"12/2/2023","WY",18
"12/9/2023","WY",37
"12/16/2023","WY",34
"12/23/2023","WY",26
"12/30/2023","WY",72
"1/6/2024","WY",82
"1/13/2024","WY",56
"1/20/2024","WY",23
"1/27/2024","WY",40
"2/3/2024","WY",39
"2/10/2024","WY",33
"2/17/2024","WY",44
"2/24/2024","WY",27
"3/2/2024","WY",25
"3/9/2024","WY",15
"3/16/2024","WY",11
"3/23/2024","WY",5
"3/30/2024","WY",11
"4/6/2024","WY",7
"4/13/2024","WY",6
"4/20/2024","WY",2
"4/27/2024","WY",4
"5/4/2024","WY",4
"5/11/2024","WY",0
"5/18/2024","WY",1
"5/25/2024","WY",5
"6/1/2024","WY",0
"6/8/2024","WY",5
"6/15/2024","WY",4
"6/22/2024","WY",3
"6/29/2024","WY",0
"7/6/2024","WY",2
"7/13/2024","WY",1
"7/20/2024","WY",3
"7/27/2024","WY",0
"8/3/2024","WY",2
"8/10/2024","WY",2
"8/17/2024","WY",1
"8/24/2024","WY",1
"8/31/2024","WY",3
"9/7/2024","WY",1
"9/14/2024","WY",0
"9/21/2024","WY",0
"9/28/2024","WY",0
"10/7/2023","AL",19
"10/14/2023","AL",24
"10/21/2023","AL",30
"10/28/2023","AL",30
"11/4/2023","AL",37
"11/11/2023","AL",56
"11/18/2023","AL",73
"11/25/2023","AL",71
"12/2/2023","AL",84
"12/9/2023","AL",109
"12/16/2023","AL",143
"12/23/2023","AL",269
"12/30/2023","AL",318
"1/6/2024","AL",347
"1/13/2024","AL",226
"1/20/2024","AL",169
"1/27/2024","AL",140
"2/3/2024","AL",103
"2/10/2024","AL",109
"2/17/2024","AL",120
"2/24/2024","AL",86
"3/2/2024","AL",81
"3/9/2024","AL",84
"3/16/2024","AL",64
"3/23/2024","AL",69
"3/30/2024","AL",60
"4/6/2024","AL",39
"4/13/2024","AL",19
"4/20/2024","AL",17
"4/27/2024","AL",15
"5/4/2024","AL",10
"5/11/2024","AL",0
"5/18/2024","AL",2
"5/25/2024","AL",0
"6/1/2024","AL",0
"6/8/2024","AL",0
"6/15/2024","AL",0
"6/22/2024","AL",0
"6/29/2024","AL",0
"7/6/2024","AL",0
"7/13/2024","AL",0
"7/20/2024","AL",0
"7/27/2024","AL",0
"8/3/2024","AL",1
"8/10/2024","AL",0
"8/17/2024","AL",0
"8/24/2024","AL",0
"8/31/2024","AL",1
"9/7/2024","AL",0
"9/14/2024","AL",0
"9/21/2024","AL",0
"9/28/2024","AL",0
"10/3/2020","CA",NA
"10/10/2020","CA",NA
"10/17/2020","CA",0
"10/24/2020","CA",9
"10/31/2020","CA",30
"11/7/2020","CA",27
"11/14/2020","CA",41
"11/21/2020","CA",39
"11/28/2020","CA",76
"12/5/2020","CA",47
"12/12/2020","CA",54
"12/19/2020","CA",53
"12/26/2020","CA",70
"1/2/2021","CA",51
"1/9/2021","CA",75
"1/16/2021","CA",45
"1/23/2021","CA",40
"1/30/2021","CA",24
"2/6/2021","CA",18
"2/13/2021","CA",24
"2/20/2021","CA",16
"2/27/2021","CA",22
"3/6/2021","CA",14
"3/13/2021","CA",14
"3/20/2021","CA",10
"3/27/2021","CA",16
"4/3/2021","CA",4
"4/10/2021","CA",7
"4/17/2021","CA",11
"4/24/2021","CA",13
"5/1/2021","CA",8
"5/8/2021","CA",13
"5/15/2021","CA",5
"5/22/2021","CA",13
"5/29/2021","CA",9
"6/5/2021","CA",3
"6/12/2021","CA",3
"6/19/2021","CA",9
"6/26/2021","CA",6
"7/3/2021","CA",5
"7/10/2021","CA",8
"7/17/2021","CA",7
"7/24/2021","CA",8
"7/31/2021","CA",6
"8/7/2021","CA",11
"8/14/2021","CA",13
"8/21/2021","CA",6
"8/28/2021","CA",4
"9/4/2021","CA",2
"9/11/2021","CA",7
"9/18/2021","CA",5
"9/25/2021","CA",8
"10/2/2021","CA",8
"10/7/2023","CO",9
"10/14/2023","CO",15
"10/21/2023","CO",16
"10/28/2023","CO",19
"11/4/2023","CO",31
"11/11/2023","CO",52
"11/18/2023","CO",102
"11/25/2023","CO",137
"12/2/2023","CO",126
"12/9/2023","CO",153
"12/16/2023","CO",234
"12/23/2023","CO",252
"12/30/2023","CO",367
"1/6/2024","CO",308
"1/13/2024","CO",286
"1/20/2024","CO",197
"1/27/2024","CO",229
"2/3/2024","CO",196
"2/10/2024","CO",196
"2/17/2024","CO",137
"2/24/2024","CO",129
"3/2/2024","CO",93
"3/9/2024","CO",80
"3/16/2024","CO",96
"3/23/2024","CO",97
"3/30/2024","CO",68
"4/6/2024","CO",49
"4/13/2024","CO",55
"4/20/2024","CO",26
"4/27/2024","CO",23
"5/4/2024","CO",23
"5/11/2024","CO",12
"5/18/2024","CO",6
"5/25/2024","CO",11
"6/1/2024","CO",10
"6/8/2024","CO",4
"6/15/2024","CO",3
"6/22/2024","CO",3
"6/29/2024","CO",3
"7/6/2024","CO",3
"7/13/2024","CO",1
"7/20/2024","CO",3
"7/27/2024","CO",6
"8/3/2024","CO",6
"8/10/2024","CO",5
"8/17/2024","CO",0
"8/24/2024","CO",0
"8/31/2024","CO",0
"9/7/2024","CO",1
"9/14/2024","CO",0
"9/21/2024","CO",0
"9/28/2024","CO",3
"10/9/2021","CT",0
"10/16/2021","CT",0
"10/23/2021","CT",0
"10/30/2021","CT",0
"11/6/2021","CT",0
"11/13/2021","CT",0
"11/20/2021","CT",2
"11/27/2021","CT",3
"12/4/2021","CT",13
"12/11/2021","CT",14
"12/18/2021","CT",18
"12/25/2021","CT",23
"1/1/2022","CT",23
"1/8/2022","CT",9
"1/15/2022","CT",2
"1/22/2022","CT",11
"1/29/2022","CT",2
"2/5/2022","CT",4
"2/12/2022","CT",0
"2/19/2022","CT",1
"2/26/2022","CT",7
"3/5/2022","CT",4
"3/12/2022","CT",8
"3/19/2022","CT",18
"3/26/2022","CT",25
"4/2/2022","CT",26
"4/9/2022","CT",47
"4/16/2022","CT",45
"4/23/2022","CT",52
"4/30/2022","CT",57
"5/7/2022","CT",76
"5/14/2022","CT",70
"5/21/2022","CT",75
"5/28/2022","CT",36
"6/4/2022","CT",20
"6/11/2022","CT",36
"6/18/2022","CT",14
"6/25/2022","CT",6
"7/2/2022","CT",8
"7/9/2022","CT",5
"7/16/2022","CT",3
"7/23/2022","CT",6
"7/30/2022","CT",3
"8/6/2022","CT",3
"8/13/2022","CT",1
"8/20/2022","CT",2
"8/27/2022","CT",8
"9/3/2022","CT",4
"9/10/2022","CT",3
"9/17/2022","CT",5
"9/24/2022","CT",3
"10/1/2022","CT",2
"10/5/2024","GA",1
"10/12/2024","GA",0
"10/19/2024","GA",5
"10/26/2024","GA",8
"11/2/2024","GA",14
"11/9/2024","GA",42
"11/16/2024","GA",44
"11/23/2024","GA",48
"11/30/2024","GA",56
"12/7/2024","GA",88
"12/14/2024","GA",215
"12/21/2024","GA",397
"12/28/2024","GA",800
"1/4/2025","GA",1144
"1/11/2025","GA",823
"1/18/2025","GA",992
"1/25/2025","GA",1195
"2/1/2025","GA",1373
"2/8/2025","GA",1301
"2/15/2025","GA",744
"2/22/2025","GA",461
"3/1/2025","GA",437
"3/8/2025","GA",396
"3/15/2025","GA",365
"3/22/2025","GA",235
"3/29/2025","GA",190
"4/5/2025","GA",162
"4/12/2025","GA",84
"4/19/2025","GA",64
"4/26/2025","GA",44
"5/3/2025","GA",44
"5/10/2025","GA",44
"5/17/2025","GA",34
"5/24/2025","GA",21
"5/31/2025","GA",26
"6/7/2025","GA",28
"6/14/2025","GA",31
"6/21/2025","GA",18
"6/28/2025","GA",24
"7/5/2025","GA",9
"7/12/2025","GA",17
"7/19/2025","GA",21
"7/26/2025","GA",14
"8/2/2025","GA",22
"8/9/2025","GA",11
"8/16/2025","GA",19
"8/23/2025","GA",19
"8/30/2025","GA",19
"9/6/2025","GA",13
"9/13/2025","GA",17
"9/20/2025","GA",20
"9/27/2025","GA",22
"10/9/2021","KY",3
"10/16/2021","KY",1
"10/23/2021","KY",0
"10/30/2021","KY",3
"11/6/2021","KY",5
"11/13/2021","KY",5
"11/20/2021","KY",2
"11/27/2021","KY",4
"12/4/2021","KY",1
"12/11/2021","KY",3
"12/18/2021","KY",9
"12/25/2021","KY",5
"1/1/2022","KY",10
"1/8/2022","KY",3
"1/15/2022","KY",18
"1/22/2022","KY",23
"1/29/2022","KY",18
"2/5/2022","KY",13
"2/12/2022","KY",11
"2/19/2022","KY",12
"2/26/2022","KY",23
"3/5/2022","KY",23
"3/12/2022","KY",30
"3/19/2022","KY",39
"3/26/2022","KY",42
"4/2/2022","KY",53
"4/9/2022","KY",90
"4/16/2022","KY",105
"4/23/2022","KY",82
"4/30/2022","KY",119
"5/7/2022","KY",109
"5/14/2022","KY",47
"5/21/2022","KY",41
"5/28/2022","KY",22
"6/4/2022","KY",22
"6/11/2022","KY",17
"6/18/2022","KY",5
"6/25/2022","KY",11
"7/2/2022","KY",1
"7/9/2022","KY",6
"7/16/2022","KY",3
"7/23/2022","KY",1
"7/30/2022","KY",6
"8/6/2022","KY",1
"8/13/2022","KY",4
"8/20/2022","KY",3
"8/27/2022","KY",4
"9/3/2022","KY",4
"9/10/2022","KY",8
"9/17/2022","KY",5
"9/24/2022","KY",10
"10/1/2022","KY",4
"8/8/2020","ME",NA
"8/15/2020","ME",NA
"8/22/2020","ME",NA
"8/29/2020","ME",NA
"9/5/2020","ME",NA
"9/12/2020","ME",NA
"9/19/2020","ME",NA
"9/26/2020","ME",NA
"8/8/2020","MI",0
"8/15/2020","MI",0
"8/22/2020","MI",0
"8/29/2020","MI",0
"9/5/2020","MI",0
"9/12/2020","MI",0
"9/19/2020","MI",0
"9/26/2020","MI",0
"8/8/2020","OR",NA
"8/15/2020","OR",NA
"8/22/2020","OR",NA
"8/29/2020","OR",NA
"9/5/2020","OR",NA
"9/12/2020","OR",NA
"9/19/2020","OR",NA
"9/26/2020","OR",NA
"10/5/2024","PR",3
"10/12/2024","PR",9
"10/19/2024","PR",6
"10/26/2024","PR",14
"11/2/2024","PR",15
"11/9/2024","PR",137
"11/16/2024","PR",228
"11/23/2024","PR",160
"11/30/2024","PR",368
"12/7/2024","PR",457
"12/14/2024","PR",470
"12/21/2024","PR",553
"12/28/2024","PR",707
"1/4/2025","PR",1010
"1/11/2025","PR",1249
"1/18/2025","PR",643
"1/25/2025","PR",505
"2/1/2025","PR",348
"2/8/2025","PR",251
"2/15/2025","PR",355
"2/22/2025","PR",240
"3/1/2025","PR",315
"3/8/2025","PR",283
"3/15/2025","PR",346
"3/22/2025","PR",243
"3/29/2025","PR",212
"4/5/2025","PR",194
"4/12/2025","PR",274
"4/19/2025","PR",187
"4/26/2025","PR",187
"5/3/2025","PR",138
"5/10/2025","PR",210
"5/17/2025","PR",202
"5/24/2025","PR",174
"5/31/2025","PR",255
"6/7/2025","PR",185
"6/14/2025","PR",190
"6/21/2025","PR",209
"6/28/2025","PR",114
"7/5/2025","PR",126
"7/12/2025","PR",104
"7/19/2025","PR",99
"7/26/2025","PR",110
"8/2/2025","PR",101
"8/9/2025","PR",99
"8/16/2025","PR",44
"8/23/2025","PR",86
"8/30/2025","PR",83
"9/6/2025","PR",139
"9/13/2025","PR",122
"9/20/2025","PR",77
"9/27/2025","PR",52
"10/7/2023","RI",1
"10/14/2023","RI",1
"10/21/2023","RI",0
"10/28/2023","RI",1
"11/4/2023","RI",0
"11/11/2023","RI",2
"11/18/2023","RI",0
"11/25/2023","RI",3
"12/2/2023","RI",6
"12/9/2023","RI",6
"12/16/2023","RI",24
"12/23/2023","RI",16
"12/30/2023","RI",46
"1/6/2024","RI",48
"1/13/2024","RI",34
"1/20/2024","RI",34
"1/27/2024","RI",24
"2/3/2024","RI",17
"2/10/2024","RI",21
"2/17/2024","RI",29
"2/24/2024","RI",34
"3/2/2024","RI",27
"3/9/2024","RI",23
"3/16/2024","RI",21
"3/23/2024","RI",13
"3/30/2024","RI",14
"4/6/2024","RI",16
"4/13/2024","RI",14
"4/20/2024","RI",11
"4/27/2024","RI",7
"5/4/2024","RI",3
"5/11/2024","RI",4
"5/18/2024","RI",1
"5/25/2024","RI",1
"6/1/2024","RI",1
"6/8/2024","RI",0
"6/15/2024","RI",0
"6/22/2024","RI",0
"6/29/2024","RI",0
"7/6/2024","RI",1
"7/13/2024","RI",0
"7/20/2024","RI",0
"7/27/2024","RI",0
"8/3/2024","RI",0
"8/10/2024","RI",0
"8/17/2024","RI",0
"8/24/2024","RI",0
"8/31/2024","RI",0
"9/7/2024","RI",0
"9/14/2024","RI",0
"9/21/2024","RI",0
"9/28/2024","RI",0
"8/8/2020","UT",NA
"8/15/2020","UT",NA
"8/22/2020","UT",NA
"8/29/2020","UT",NA
"9/5/2020","UT",NA
"9/12/2020","UT",NA
"9/19/2020","UT",NA
"9/26/2020","UT",NA
"10/5/2024","UT",0
"10/12/2024","UT",0
"10/19/2024","UT",1
"10/26/2024","UT",5
"11/2/2024","UT",2
"11/9/2024","UT",7
"11/16/2024","UT",10
"11/23/2024","UT",20
"11/30/2024","UT",20
"12/7/2024","UT",64
"12/14/2024","UT",90
"12/21/2024","UT",163
"12/28/2024","UT",295
"1/4/2025","UT",388
"1/11/2025","UT",256
"1/18/2025","UT",199
"1/25/2025","UT",185
"2/1/2025","UT",195
"2/8/2025","UT",218
"2/15/2025","UT",203
"2/22/2025","UT",183
"3/1/2025","UT",123
"3/8/2025","UT",127
"3/15/2025","UT",102
"3/22/2025","UT",76
"3/29/2025","UT",54
"4/5/2025","UT",54
"4/12/2025","UT",33
"4/19/2025","UT",27
"4/26/2025","UT",19
"5/3/2025","UT",17
"5/10/2025","UT",14
"5/17/2025","UT",12
"5/24/2025","UT",14
"5/31/2025","UT",13
"6/7/2025","UT",7
"6/14/2025","UT",9
"6/21/2025","UT",1
"6/28/2025","UT",3
"7/5/2025","UT",6
"7/12/2025","UT",7
"7/19/2025","UT",4
"7/26/2025","UT",4
"8/2/2025","UT",1
"8/9/2025","UT",8
"8/16/2025","UT",3
"8/23/2025","UT",3
"8/30/2025","UT",4
"9/6/2025","UT",2
"9/13/2025","UT",4
"9/20/2025","UT",1
"9/27/2025","UT",2
"10/4/2025","UT",2
"10/11/2025","UT",1
"10/18/2025","UT",2
"10/25/2025","UT",1
"11/1/2025","UT",1
"11/8/2025","UT",2
"11/15/2025","UT",11
"11/22/2025","UT",15
"11/29/2025","UT",32
"12/6/2025","UT",47
"12/13/2025","UT",64
"12/20/2025","UT",130
"12/27/2025","UT",234
"1/3/2026","UT",262
"1/10/2026","UT",160
"1/17/2026","UT",95
"1/24/2026","UT",77
"1/31/2026","UT",66
"2/7/2026","UT",91
"2/14/2026","UT",74
"2/21/2026","UT",65
"2/28/2026","UT",43
"3/7/2026","UT",19
"3/14/2026","UT",19
"3/21/2026","UT",49
"3/28/2026","UT",8
"4/4/2026","UT",3
"4/11/2026","UT",6
"4/18/2026","UT",5
"4/25/2026","UT",13
"5/2/2026","UT",10
"5/9/2026","UT",11
"5/16/2026","UT",7
"5/23/2026","UT",3
"5/30/2026","UT",4
"6/6/2026","UT",9
"6/13/2026","UT",5
"6/20/2026","UT",5
"6/27/2026","UT",1
"7/4/2026","UT",0
"7/11/2026","UT",3
"7/18/2026","UT",3
"7/25/2026","UT",2
"8/1/2026","UT",1
"8/8/2026","UT",6
"8/15/2026","UT",3
"8/22/2026","UT",4
"8/29/2026","UT",7
"9/5/2026","UT",11
"9/12/2026","UT",19
"9/19/2026","UT",19
"9/26/2026","UT",18
"8/8/2020","VA",NA
"8/15/2020","VA",NA
"8/22/2020","VA",NA
"8/29/2020","VA",NA
"9/5/2020","VA",NA
"9/12/2020","VA",NA
"9/19/2020","VA",NA
"9/26/2020","VA",NA
"8/8/2020","VI",NA
"8/15/2020","VI",NA
"8/22/2020","VI",NA
"8/29/2020","VI",NA
"9/5/2020","VI",NA
"9/12/2020","VI",NA
"9/19/2020","VI",NA
"9/26/2020","VI",NA
"10/8/2022","VI",0
"10/15/2022","VI",0
"10/22/2022","VI",0
"10/29/2022","VI",0
"11/5/2022","VI",0
"11/12/2022","VI",0
"11/19/2022","VI",0
"11/26/2022","VI",0
"12/3/2022","VI",0
"12/10/2022","VI",0
"12/17/2022","VI",0
"12/24/2022","VI",0
"12/31/2022","VI",0
"1/7/2023","VI",0
"1/14/2023","VI",0
"1/21/2023","VI",0
"1/28/2023","VI",0
"2/4/2023","VI",0
"2/11/2023","VI",0
"2/18/2023","VI",0
"2/25/2023","VI",0
"3/4/2023","VI",0
"3/11/2023","VI",0
"3/18/2023","VI",0
"3/25/2023","VI",0
"4/1/2023","VI",0
"4/8/2023","VI",0
"4/15/2023","VI",0
"4/22/2023","VI",0
"4/29/2023","VI",0
"5/6/2023","VI",0
"5/13/2023","VI",0
"5/20/2023","VI",0
"5/27/2023","VI",0
"6/3/2023","VI",0
"6/10/2023","VI",0
"6/17/2023","VI",0
"6/24/2023","VI",0
"7/1/2023","VI",0
"7/8/2023","VI",0
"7/15/2023","VI",0
"7/22/2023","VI",0
"7/29/2023","VI",0
"8/5/2023","VI",0
"8/12/2023","VI",0
"8/19/2023","VI",0
"8/26/2023","VI",0
"9/2/2023","VI",0
"9/9/2023","VI",0
"9/16/2023","VI",0
"9/23/2023","VI",0
"9/30/2023","VI",0
"10/8/2022","WV",5
"10/15/2022","WV",11
"10/22/2022","WV",15
"10/29/2022","WV",56
"11/5/2022","WV",89
"11/12/2022","WV",127
"11/19/2022","WV",136
"11/26/2022","WV",189
"12/3/2022","WV",318
"12/10/2022","WV",246
"12/17/2022","WV",199
"12/24/2022","WV",155
"12/31/2022","WV",172
"1/7/2023","WV",148
"1/14/2023","WV",48
"1/21/2023","WV",14
"1/28/2023","WV",21
"2/4/2023","WV",22
"2/11/2023","WV",16
"2/18/2023","WV",9
"2/25/2023","WV",14
"3/4/2023","WV",9
"3/11/2023","WV",4
"3/18/2023","WV",8
"3/25/2023","WV",16
"4/1/2023","WV",9
"4/8/2023","WV",7
"4/15/2023","WV",7
"4/22/2023","WV",4
"4/29/2023","WV",5
"5/6/2023","WV",4
"5/13/2023","WV",5
"5/20/2023","WV",9
"5/27/2023","WV",10
"6/3/2023","WV",5
"6/10/2023","WV",8
"6/17/2023","WV",6
"6/24/2023","WV",2
"7/1/2023","WV",3
"7/8/2023","WV",0
"7/15/2023","WV",1
"7/22/2023","WV",0
"7/29/2023","WV",3
"8/5/2023","WV",1
"8/12/2023","WV",0
"8/19/2023","WV",9
"8/26/2023","WV",2
"9/2/2023","WV",1
"9/9/2023","WV",2
"9/16/2023","WV",6
"9/23/2023","WV",0
"9/30/2023","WV",6
"8/8/2020","AZ",NA
"8/15/2020","AZ",NA
"8/22/2020","AZ",NA
"8/29/2020","AZ",NA
"9/5/2020","AZ",NA
"9/12/2020","AZ",NA
"9/19/2020","AZ",NA
"9/26/2020","AZ",NA
"10/4/2025","CO",8
"10/11/2025","CO",6
"10/18/2025","CO",7
"10/25/2025","CO",9
"11/1/2025","CO",18
"11/8/2025","CO",28
"11/15/2025","CO",47
"11/22/2025","CO",97
"11/29/2025","CO",149
"12/6/2025","CO",222
"12/13/2025","CO",282
"12/20/2025","CO",517
"12/27/2025","CO",818
"1/3/2026","CO",830
"1/10/2026","CO",475
"1/17/2026","CO",270
"1/24/2026","CO",183
"1/31/2026","CO",149
"2/7/2026","CO",112
"2/14/2026","CO",128
"2/21/2026","CO",119
"2/28/2026","CO",118
"3/7/2026","CO",99
"3/14/2026","CO",110
"3/21/2026","CO",97
"3/28/2026","CO",34
"4/4/2026","CO",34
"4/11/2026","CO",25
"4/18/2026","CO",20
"4/25/2026","CO",40
"5/2/2026","CO",29
"5/9/2026","CO",15
"5/16/2026","CO",12
"5/23/2026","CO",9
"5/30/2026","CO",9
"6/6/2026","CO",5
"6/13/2026","CO",4
"6/20/2026","CO",3
"6/27/2026","CO",5
"7/4/2026","CO",4
"7/11/2026","CO",4
"7/18/2026","CO",1
"7/25/2026","CO",7
"8/1/2026","CO",2
"8/8/2026","CO",3
"8/15/2026","CO",5
"8/22/2026","CO",4
"8/29/2026","CO",3
"9/5/2026","CO",10
"9/12/2026","CO",11
"9/19/2026","CO",12
"9/26/2026","CO",24
"10/7/2023","GA",34
"10/14/2023","GA",39
"10/21/2023","GA",31
"10/28/2023","GA",40
"11/4/2023","GA",56
"11/11/2023","GA",116
"11/18/2023","GA",133
"11/25/2023","GA",156
"12/2/2023","GA",225
"12/9/2023","GA",261
"12/16/2023","GA",442
"12/23/2023","GA",746
"12/30/2023","GA",1132
"1/6/2024","GA",758
"1/13/2024","GA",627
"1/20/2024","GA",486
"1/27/2024","GA",455
"2/3/2024","GA",354
"2/10/2024","GA",308
"2/17/2024","GA",259
"2/24/2024","GA",192
"3/2/2024","GA",203
"3/9/2024","GA",156
"3/16/2024","GA",102
"3/23/2024","GA",81
"3/30/2024","GA",64
"4/6/2024","GA",60
"4/13/2024","GA",57
"4/20/2024","GA",40
"4/27/2024","GA",35
"5/4/2024","GA",16
"5/11/2024","GA",7
"5/18/2024","GA",6
"5/25/2024","GA",3
"6/1/2024","GA",5
"6/8/2024","GA",2
"6/15/2024","GA",1
"6/22/2024","GA",2
"6/29/2024","GA",4
"7/6/2024","GA",4
"7/13/2024","GA",0
"7/20/2024","GA",0
"7/27/2024","GA",1
"8/3/2024","GA",3
"8/10/2024","GA",2
"8/17/2024","GA",2
"8/24/2024","GA",2
"8/31/2024","GA",3
"9/7/2024","GA",0
"9/14/2024","GA",3
"9/21/2024","GA",5
"9/28/2024","GA",2
"10/5/2024","MN",NA
"10/12/2024","MN",0
"10/19/2024","MN",88
"10/26/2024","MN",0
"11/2/2024","MN",4
"11/9/2024","MN",18
"11/16/2024","MN",8
"11/23/2024","MN",11
"11/30/2024","MN",18
"12/7/2024","MN",40
"12/14/2024","MN",91
"12/21/2024","MN",227
"12/28/2024","MN",543
"1/4/2025","MN",942
"1/11/2025","MN",893
"1/18/2025","MN",923
"1/25/2025","MN",925
"2/1/2025","MN",881
"2/8/2025","MN",716
"2/15/2025","MN",507
"2/22/2025","MN",397
"3/1/2025","MN",296
"3/8/2025","MN",213
"3/15/2025","MN",176
"3/22/2025","MN",197
"3/29/2025","MN",83
"4/5/2025","MN",68
"4/12/2025","MN",59
"4/19/2025","MN",38
"4/26/2025","MN",26
"5/3/2025","MN",31
"5/10/2025","MN",23
"5/17/2025","MN",8
"5/24/2025","MN",9
"5/31/2025","MN",13
"6/7/2025","MN",6
"6/14/2025","MN",12
"6/21/2025","MN",7
"6/28/2025","MN",4
"7/5/2025","MN",7
"7/12/2025","MN",7
"7/19/2025","MN",4
"7/26/2025","MN",4
"8/2/2025","MN",4
"8/9/2025","MN",1
"8/16/2025","MN",0
"8/23/2025","MN",2
"8/30/2025","MN",3
"9/6/2025","MN",2
"9/13/2025","MN",6
"9/20/2025","MN",4
"9/27/2025","MN",2
"8/8/2020","NC",NA
"8/15/2020","NC",NA
"8/22/2020","NC",NA
"8/29/2020","NC",NA
"9/5/2020","NC",NA
"9/12/2020","NC",NA
"9/19/2020","NC",NA
"9/26/2020","NC",NA
"10/4/2025","NH",4
"10/11/2025","NH",4
"10/18/2025","NH",2
"10/25/2025","NH",0
"11/1/2025","NH",2
"11/8/2025","NH",0
"11/15/2025","NH",5
"11/22/2025","NH",12
"11/29/2025","NH",11
"12/6/2025","NH",25
"12/13/2025","NH",46
"12/20/2025","NH",95
"12/27/2025","NH",196
"1/3/2026","NH",290
"1/10/2026","NH",224
"1/17/2026","NH",154
"1/24/2026","NH",118
"1/31/2026","NH",49
"2/7/2026","NH",61
"2/14/2026","NH",60
"2/21/2026","NH",55
"2/28/2026","NH",32
"3/7/2026","NH",35
"3/14/2026","NH",21
"3/21/2026","NH",27
"3/28/2026","NH",15
"4/4/2026","NH",17
"4/11/2026","NH",6
"4/18/2026","NH",9
"4/25/2026","NH",3
"5/2/2026","NH",1
"5/9/2026","NH",3
"5/16/2026","NH",3
"5/23/2026","NH",2
"5/30/2026","NH",0
"6/6/2026","NH",4
"6/13/2026","NH",2
"6/20/2026","NH",0
"6/27/2026","NH",0
"7/4/2026","NH",2
"7/11/2026","NH",1
"7/18/2026","NH",1
"7/25/2026","NH",1
"8/1/2026","NH",3
"8/8/2026","NH",3
"8/15/2026","NH",2
"8/22/2026","NH",0
"8/29/2026","NH",2
"9/5/2026","NH",0
"9/12/2026","NH",1
"9/19/2026","NH",0
"9/26/2026","NH",4
"10/8/2022","NM",25
"10/15/2022","NM",23
"10/22/2022","NM",26
"10/29/2022","NM",53
"11/5/2022","NM",87
"11/12/2022","NM",146
"11/19/2022","NM",162
"11/26/2022","NM",169
"12/3/2022","NM",345
"12/10/2022","NM",407
"12/17/2022","NM",341
"12/24/2022","NM",358
"12/31/2022","NM",285
"1/7/2023","NM",177
"1/14/2023","NM",53
"1/21/2023","NM",29
"1/28/2023","NM",21
"2/4/2023","NM",9
"2/11/2023","NM",8
"2/18/2023","NM",3
"2/25/2023","NM",11
"3/4/2023","NM",16
"3/11/2023","NM",5
"3/18/2023","NM",3
"3/25/2023","NM",3
"4/1/2023","NM",9
"4/8/2023","NM",1
"4/15/2023","NM",4
"4/22/2023","NM",8
"4/29/2023","NM",2
"5/6/2023","NM",1
"5/13/2023","NM",1
"5/20/2023","NM",4
"5/27/2023","NM",3
"6/3/2023","NM",2
"6/10/2023","NM",1
"6/17/2023","NM",1
"6/24/2023","NM",1
"7/1/2023","NM",0
"7/8/2023","NM",1
"7/15/2023","NM",0
"7/22/2023","NM",1
"7/29/2023","NM",0
"8/5/2023","NM",2
"8/12/2023","NM",1
"8/19/2023","NM",2
"8/26/2023","NM",1
"9/2/2023","NM",2
"9/9/2023","NM",4
"9/16/2023","NM",11
"9/23/2023","NM",3
"9/30/2023","NM",5
"8/8/2020","NY",0
"8/15/2020","NY",0
"8/22/2020","NY",0
"8/29/2020","NY",0
"9/5/2020","NY",0
"9/12/2020","NY",0
"9/19/2020","NY",0
"9/26/2020","NY",0
"10/7/2023","OH",18
"10/14/2023","OH",21
"10/21/2023","OH",21
"10/28/2023","OH",17
"11/4/2023","OH",21
"11/11/2023","OH",26
"11/18/2023","OH",56
"11/25/2023","OH",75
"12/2/2023","OH",134
"12/9/2023","OH",160
"12/16/2023","OH",239
"12/23/2023","OH",438
"12/30/2023","OH",638
"1/6/2024","OH",562
"1/13/2024","OH",542
"1/20/2024","OH",505
"1/27/2024","OH",590
"2/3/2024","OH",590
"2/10/2024","OH",602
"2/17/2024","OH",609
"2/24/2024","OH",655
"3/2/2024","OH",637
"3/9/2024","OH",622
"3/16/2024","OH",357
"3/23/2024","OH",299
"3/30/2024","OH",242
"4/6/2024","OH",264
"4/13/2024","OH",193
"4/20/2024","OH",110
"4/27/2024","OH",78
"5/4/2024","OH",46
"5/11/2024","OH",9
"5/18/2024","OH",12
"5/25/2024","OH",11
"6/1/2024","OH",5
"6/8/2024","OH",3
"6/15/2024","OH",2
"6/22/2024","OH",6
"6/29/2024","OH",2
"7/6/2024","OH",6
"7/13/2024","OH",2
"7/20/2024","OH",3
"7/27/2024","OH",2
"8/3/2024","OH",2
"8/10/2024","OH",4
"8/17/2024","OH",5
"8/24/2024","OH",3
"8/31/2024","OH",1
"9/7/2024","OH",2
"9/14/2024","OH",4
"9/21/2024","OH",3
"9/28/2024","OH",1
"8/8/2020","OK",NA
"8/15/2020","OK",NA
"8/22/2020","OK",NA
"8/29/2020","OK",NA
"9/5/2020","OK",NA
"9/12/2020","OK",NA
"9/19/2020","OK",NA
"9/26/2020","OK",NA
"10/8/2022","OR",0
"10/15/2022","OR",3
"10/22/2022","OR",6
"10/29/2022","OR",5
"11/5/2022","OR",32
"11/12/2022","OR",51
"11/19/2022","OR",113
"11/26/2022","OR",376
"12/3/2022","OR",542
"12/10/2022","OR",650
"12/17/2022","OR",686
"12/24/2022","OR",451
"12/31/2022","OR",361
"1/7/2023","OR",152
"1/14/2023","OR",65
"1/21/2023","OR",32
"1/28/2023","OR",11
"2/4/2023","OR",10
"2/11/2023","OR",7
"2/18/2023","OR",4
"2/25/2023","OR",6
"3/4/2023","OR",5
"3/11/2023","OR",6
"3/18/2023","OR",9
"3/25/2023","OR",3
"4/1/2023","OR",4
"4/8/2023","OR",5
"4/15/2023","OR",3
"4/22/2023","OR",1
"4/29/2023","OR",5
"5/6/2023","OR",2
"5/13/2023","OR",0
"5/20/2023","OR",2
"5/27/2023","OR",3
"6/3/2023","OR",3
"6/10/2023","OR",6
"6/17/2023","OR",2
"6/24/2023","OR",5
"7/1/2023","OR",1
"7/8/2023","OR",2
"7/15/2023","OR",5
"7/22/2023","OR",3
"7/29/2023","OR",2
"8/5/2023","OR",3
"8/12/2023","OR",4
"8/19/2023","OR",3
"8/26/2023","OR",4
"9/2/2023","OR",2
"9/9/2023","OR",3
"9/16/2023","OR",6
"9/23/2023","OR",6
"9/30/2023","OR",6
"10/4/2025","RI",3
"10/11/2025","RI",7
"10/18/2025","RI",6
"10/25/2025","RI",3
"11/1/2025","RI",10
"11/8/2025","RI",9
"11/15/2025","RI",10
"11/22/2025","RI",11
"11/29/2025","RI",19
"12/6/2025","RI",38
"12/13/2025","RI",84
"12/20/2025","RI",141
"12/27/2025","RI",197
"1/3/2026","RI",285
"1/10/2026","RI",159
"1/17/2026","RI",83
"1/24/2026","RI",61
"1/31/2026","RI",30
"2/7/2026","RI",24
"2/14/2026","RI",14
"2/21/2026","RI",21
"2/28/2026","RI",23
"3/7/2026","RI",17
"3/14/2026","RI",14
"3/21/2026","RI",11
"3/28/2026","RI",11
"4/4/2026","RI",16
"4/11/2026","RI",18
"4/18/2026","RI",11
"4/25/2026","RI",4
"5/2/2026","RI",4
"5/9/2026","RI",6
"5/16/2026","RI",10
"5/23/2026","RI",4
"5/30/2026","RI",4
"6/6/2026","RI",0
"6/13/2026","RI",1
"6/20/2026","RI",1
"6/27/2026","RI",7
"7/4/2026","RI",0
"7/11/2026","RI",0
"7/18/2026","RI",0
"7/25/2026","RI",0
"8/1/2026","RI",0
"8/8/2026","RI",1
"8/15/2026","RI",1
"8/22/2026","RI",0
"8/29/2026","RI",1
"9/5/2026","RI",2
"9/12/2026","RI",3
"9/19/2026","RI",1
"9/26/2026","RI",3
"8/8/2020","SC",0
"8/15/2020","SC",0
"8/22/2020","SC",0
"8/29/2020","SC",0
"9/5/2020","SC",0
"9/12/2020","SC",0
"9/19/2020","SC",0
"9/26/2020","SC",0
"10/7/2023","VA",49
"10/14/2023","VA",54
"10/21/2023","VA",72
"10/28/2023","VA",61
"11/4/2023","VA",51
"11/11/2023","VA",92
"11/18/2023","VA",100
"11/25/2023","VA",115
"12/2/2023","VA",143
"12/9/2023","VA",157
"12/16/2023","VA",229
"12/23/2023","VA",419
"12/30/2023","VA",731
"1/6/2024","VA",538
"1/13/2024","VA",381
"1/20/2024","VA",302
"1/27/2024","VA",262
"2/3/2024","VA",184
"2/10/2024","VA",174
"2/17/2024","VA",195
"2/24/2024","VA",207
"3/2/2024","VA",219
"3/9/2024","VA",196
"3/16/2024","VA",134
"3/23/2024","VA",135
"3/30/2024","VA",111
"4/6/2024","VA",157
"4/13/2024","VA",110
"4/20/2024","VA",79
"4/27/2024","VA",58
"5/4/2024","VA",58
"5/11/2024","VA",39
"5/18/2024","VA",39
"5/25/2024","VA",32
"6/1/2024","VA",45
"6/8/2024","VA",24
"6/15/2024","VA",40
"6/22/2024","VA",25
"6/29/2024","VA",20
"7/6/2024","VA",18
"7/13/2024","VA",25
"7/20/2024","VA",16
"7/27/2024","VA",20
"8/3/2024","VA",11
"8/10/2024","VA",24
"8/17/2024","VA",14
"8/24/2024","VA",14
"8/31/2024","VA",19
"9/7/2024","VA",15
"9/14/2024","VA",24
"9/21/2024","VA",4
"9/28/2024","VA",4
"8/8/2020","WV",NA
"8/15/2020","WV",NA
"8/22/2020","WV",NA
"8/29/2020","WV",NA
"9/5/2020","WV",NA
"9/12/2020","WV",NA
"9/19/2020","WV",NA
"9/26/2020","WV",NA
"10/9/2021","WV",2
"10/16/2021","WV",0
"10/23/2021","WV",2
"10/30/2021","WV",0
"11/6/2021","WV",0
"11/13/2021","WV",3
"11/20/2021","WV",0
"11/27/2021","WV",2
"12/4/2021","WV",4
"12/11/2021","WV",28
"12/18/2021","WV",4
"12/25/2021","WV",17
"1/1/2022","WV",17
"1/8/2022","WV",12
"1/15/2022","WV",4
"1/22/2022","WV",7
"1/29/2022","WV",2
"2/5/2022","WV",7
"2/12/2022","WV",2
"2/19/2022","WV",4
"2/26/2022","WV",8
"3/5/2022","WV",21
"3/12/2022","WV",21
"3/19/2022","WV",43
"3/26/2022","WV",19
"4/2/2022","WV",37
"4/9/2022","WV",36
"4/16/2022","WV",43
"4/23/2022","WV",39
"4/30/2022","WV",35
"5/7/2022","WV",18
"5/14/2022","WV",16
"5/21/2022","WV",12
"5/28/2022","WV",5
"6/4/2022","WV",5
"6/11/2022","WV",12
"6/18/2022","WV",6
"6/25/2022","WV",5
"7/2/2022","WV",1
"7/9/2022","WV",6
"7/16/2022","WV",6
"7/23/2022","WV",1
"7/30/2022","WV",0
"8/6/2022","WV",0
"8/13/2022","WV",0
"8/20/2022","WV",1
"8/27/2022","WV",0
"9/3/2022","WV",0
"9/10/2022","WV",0
"9/17/2022","WV",1
"9/24/2022","WV",1
"10/1/2022","WV",1
"10/8/2022","DC",1
"10/15/2022","DC",2
"10/22/2022","DC",5
"10/29/2022","DC",11
"11/5/2022","DC",33
"11/12/2022","DC",44
"11/19/2022","DC",35
"11/26/2022","DC",57
"12/3/2022","DC",65
"12/10/2022","DC",40
"12/17/2022","DC",19
"12/24/2022","DC",16
"12/31/2022","DC",30
"1/7/2023","DC",17
"1/14/2023","DC",5
"1/21/2023","DC",8
"1/28/2023","DC",7
"2/4/2023","DC",8
"2/11/2023","DC",5
"2/18/2023","DC",5
"2/25/2023","DC",4
"3/4/2023","DC",2
"3/11/2023","DC",2
"3/18/2023","DC",2
"3/25/2023","DC",2
"4/1/2023","DC",10
"4/8/2023","DC",4
"4/15/2023","DC",3
"4/22/2023","DC",3
"4/29/2023","DC",1
"5/6/2023","DC",0
"5/13/2023","DC",1
"5/20/2023","DC",2
"5/27/2023","DC",6
"6/3/2023","DC",3
"6/10/2023","DC",1
"6/17/2023","DC",1
"6/24/2023","DC",2
"7/1/2023","DC",1
"7/8/2023","DC",2
"7/15/2023","DC",2
"7/22/2023","DC",1
"7/29/2023","DC",1
"8/5/2023","DC",0
"8/12/2023","DC",1
"8/19/2023","DC",1
"8/26/2023","DC",1
"9/2/2023","DC",0
"9/9/2023","DC",1
"9/16/2023","DC",0
"9/23/2023","DC",1
"9/30/2023","DC",0
"10/4/2025","DC",6
"10/11/2025","DC",3
"10/18/2025","DC",2
"10/25/2025","DC",3
"11/1/2025","DC",0
"11/8/2025","DC",0
"11/15/2025","DC",7
"11/22/2025","DC",14
"11/29/2025","DC",14
"12/6/2025","DC",26
"12/13/2025","DC",33
"12/20/2025","DC",47
"12/27/2025","DC",98
"1/3/2026","DC",106
"1/10/2026","DC",83
"1/17/2026","DC",50
"1/24/2026","DC",33
"1/31/2026","DC",15
"2/7/2026","DC",10
"2/14/2026","DC",9
"2/21/2026","DC",7
"2/28/2026","DC",5
"3/7/2026","DC",12
"3/14/2026","DC",8
"3/21/2026","DC",1
"3/28/2026","DC",0
"4/4/2026","DC",1
"4/11/2026","DC",1
"4/18/2026","DC",5
"4/25/2026","DC",2
"5/2/2026","DC",1
"5/9/2026","DC",0
"5/16/2026","DC",1
"5/23/2026","DC",2
"5/30/2026","DC",3
"6/6/2026","DC",1
"6/13/2026","DC",4
"6/20/2026","DC",0
"6/27/2026","DC",3
"7/4/2026","DC",3
"7/11/2026","DC",2
"7/18/2026","DC",1
"7/25/2026","DC",0
"8/1/2026","DC",0
"8/8/2026","DC",0
"8/15/2026","DC",0
"8/22/2026","DC",0
"8/29/2026","DC",1
"9/5/2026","DC",3
"9/12/2026","DC",2
"9/19/2026","DC",2
"9/26/2026","DC",3
"8/8/2020","GA",NA
"8/15/2020","GA",NA
"8/22/2020","GA",NA
"8/29/2020","GA",NA
"9/5/2020","GA",0
"9/12/2020","GA",0
"9/19/2020","GA",0
"9/26/2020","GA",0
"10/4/2025","IA",1
"10/11/2025","IA",4
"10/18/2025","IA",1
"10/25/2025","IA",1
"11/1/2025","IA",3
"11/8/2025","IA",9
"11/15/2025","IA",8
"11/22/2025","IA",5
"11/29/2025","IA",19
"12/6/2025","IA",22
"12/13/2025","IA",30
"12/20/2025","IA",90
"12/27/2025","IA",263
"1/3/2026","IA",382
"1/10/2026","IA",280
"1/17/2026","IA",261
"1/24/2026","IA",241
"1/31/2026","IA",223
"2/7/2026","IA",231
"2/14/2026","IA",222
"2/21/2026","IA",199
"2/28/2026","IA",119
"3/7/2026","IA",77
"3/14/2026","IA",112
"3/21/2026","IA",68
"3/28/2026","IA",28
"4/4/2026","IA",20
"4/11/2026","IA",17
"4/18/2026","IA",16
"4/25/2026","IA",17
"5/2/2026","IA",12
"5/9/2026","IA",4
"5/16/2026","IA",4
"5/23/2026","IA",3
"5/30/2026","IA",0
"6/6/2026","IA",5
"6/13/2026","IA",2
"6/20/2026","IA",2
"6/27/2026","IA",2
"7/4/2026","IA",2
"7/11/2026","IA",2
"7/18/2026","IA",0
"7/25/2026","IA",0
"8/1/2026","IA",0
"8/8/2026","IA",2
"8/15/2026","IA",3
"8/22/2026","IA",2
"8/29/2026","IA",6
"9/5/2026","IA",0
"9/12/2026","IA",1
"9/19/2026","IA",11
"9/26/2026","IA",7
"10/7/2023","IL",21
"10/14/2023","IL",18
"10/21/2023","IL",27
"10/28/2023","IL",21
"11/4/2023","IL",34
"11/11/2023","IL",54
"11/18/2023","IL",71
"11/25/2023","IL",102
"12/2/2023","IL",165
"12/9/2023","IL",205
"12/16/2023","IL",253
"12/23/2023","IL",464
"12/30/2023","IL",576
"1/6/2024","IL",511
"1/13/2024","IL",380
"1/20/2024","IL",335
"1/27/2024","IL",275
"2/3/2024","IL",272
"2/10/2024","IL",250
"2/17/2024","IL",262
"2/24/2024","IL",318
"3/2/2024","IL",331
"3/9/2024","IL",267
"3/16/2024","IL",250
"3/23/2024","IL",212
"3/30/2024","IL",201
"4/6/2024","IL",182
"4/13/2024","IL",186
"4/20/2024","IL",122
"4/27/2024","IL",88
"5/4/2024","IL",43
"5/11/2024","IL",13
"5/18/2024","IL",10
"5/25/2024","IL",9
"6/1/2024","IL",9
"6/8/2024","IL",8
"6/15/2024","IL",9
"6/22/2024","IL",6
"6/29/2024","IL",6
"7/6/2024","IL",8
"7/13/2024","IL",5
"7/20/2024","IL",4
"7/27/2024","IL",3
"8/3/2024","IL",4
"8/10/2024","IL",6
"8/17/2024","IL",1
"8/24/2024","IL",3
"8/31/2024","IL",3
"9/7/2024","IL",1
"9/14/2024","IL",6
"9/21/2024","IL",7
"9/28/2024","IL",4
"10/9/2021","MD",0
"10/16/2021","MD",4
"10/23/2021","MD",4
"10/30/2021","MD",7
"11/6/2021","MD",3
"11/13/2021","MD",6
"11/20/2021","MD",3
"11/27/2021","MD",4
"12/4/2021","MD",7
"12/11/2021","MD",3
"12/18/2021","MD",27
"12/25/2021","MD",29
"1/1/2022","MD",11
"1/8/2022","MD",9
"1/15/2022","MD",16
"1/22/2022","MD",3
"1/29/2022","MD",6
"2/5/2022","MD",8
"2/12/2022","MD",6
"2/19/2022","MD",13
"2/26/2022","MD",15
"3/5/2022","MD",23
"3/12/2022","MD",16
"3/19/2022","MD",19
"3/26/2022","MD",30
"4/2/2022","MD",29
"4/9/2022","MD",47
"4/16/2022","MD",51
"4/23/2022","MD",43
"4/30/2022","MD",51
"5/7/2022","MD",46
"5/14/2022","MD",54
"5/21/2022","MD",45
"5/28/2022","MD",29
"6/4/2022","MD",17
"6/11/2022","MD",17
"6/18/2022","MD",21
"6/25/2022","MD",20
"7/2/2022","MD",13
"7/9/2022","MD",12
"7/16/2022","MD",7
"7/23/2022","MD",3
"7/30/2022","MD",3
"8/6/2022","MD",2
"8/13/2022","MD",5
"8/20/2022","MD",6
"8/27/2022","MD",4
"9/3/2022","MD",0
"9/10/2022","MD",3
"9/17/2022","MD",8
"9/24/2022","MD",3
"10/1/2022","MD",6
"10/8/2022","MS",60
"10/15/2022","MS",67
"10/22/2022","MS",88
"10/29/2022","MS",148
"11/5/2022","MS",260
"11/12/2022","MS",244
"11/19/2022","MS",250
"11/26/2022","MS",272
"12/3/2022","MS",268
"12/10/2022","MS",179
"12/17/2022","MS",142
"12/24/2022","MS",86
"12/31/2022","MS",120
"1/7/2023","MS",88
"1/14/2023","MS",57
"1/21/2023","MS",52
"1/28/2023","MS",35
"2/4/2023","MS",29
"2/11/2023","MS",21
"2/18/2023","MS",28
"2/25/2023","MS",32
"3/4/2023","MS",34
"3/11/2023","MS",32
"3/18/2023","MS",22
"3/25/2023","MS",16
"4/1/2023","MS",19
"4/8/2023","MS",26
"4/15/2023","MS",16
"4/22/2023","MS",33
"4/29/2023","MS",16
"5/6/2023","MS",21
"5/13/2023","MS",24
"5/20/2023","MS",22
"5/27/2023","MS",20
"6/3/2023","MS",10
"6/10/2023","MS",17
"6/17/2023","MS",14
"6/24/2023","MS",13
"7/1/2023","MS",15
"7/8/2023","MS",14
"7/15/2023","MS",14
"7/22/2023","MS",10
"7/29/2023","MS",17
"8/5/2023","MS",9
"8/12/2023","MS",27
"8/19/2023","MS",34
"8/26/2023","MS",40
"9/2/2023","MS",43
"9/9/2023","MS",19
"9/16/2023","MS",23
"9/23/2023","MS",16
"9/30/2023","MS",20
"10/5/2024","NH",0
"10/12/2024","NH",0
"10/19/2024","NH",0
"10/26/2024","NH",0
"11/2/2024","NH",1
"11/9/2024","NH",5
"11/16/2024","NH",6
"11/23/2024","NH",11
"11/30/2024","NH",14
"12/7/2024","NH",16
"12/14/2024","NH",22
"12/21/2024","NH",24
"12/28/2024","NH",53
"1/4/2025","NH",108
"1/11/2025","NH",90
"1/18/2025","NH",86
"1/25/2025","NH",144
"2/1/2025","NH",174
"2/8/2025","NH",203
"2/15/2025","NH",205
"2/22/2025","NH",212
"3/1/2025","NH",190
"3/8/2025","NH",145
"3/15/2025","NH",79
"3/22/2025","NH",53
"3/29/2025","NH",34
"4/5/2025","NH",17
"4/12/2025","NH",22
"4/19/2025","NH",22
"4/26/2025","NH",9
"5/3/2025","NH",6
"5/10/2025","NH",8
"5/17/2025","NH",3
"5/24/2025","NH",1
"5/31/2025","NH",3
"6/7/2025","NH",1
"6/14/2025","NH",2
"6/21/2025","NH",2
"6/28/2025","NH",0
"7/5/2025","NH",1
"7/12/2025","NH",3
"7/19/2025","NH",1
"7/26/2025","NH",3
"8/2/2025","NH",3
"8/9/2025","NH",3
"8/16/2025","NH",5
"8/23/2025","NH",0
"8/30/2025","NH",2
"9/6/2025","NH",0
"9/13/2025","NH",0
"9/20/2025","NH",1
"9/27/2025","NH",0
"10/9/2021","NJ",5
"10/16/2021","NJ",2
"10/23/2021","NJ",11
"10/30/2021","NJ",2
"11/6/2021","NJ",3
"11/13/2021","NJ",7
"11/20/2021","NJ",12
"11/27/2021","NJ",17
"12/4/2021","NJ",36
"12/11/2021","NJ",47
"12/18/2021","NJ",69
"12/25/2021","NJ",50
"1/1/2022","NJ",53
"1/8/2022","NJ",43
"1/15/2022","NJ",26
"1/22/2022","NJ",17
"1/29/2022","NJ",19
"2/5/2022","NJ",18
"2/12/2022","NJ",20
"2/19/2022","NJ",22
"2/26/2022","NJ",28
"3/5/2022","NJ",33
"3/12/2022","NJ",30
"3/19/2022","NJ",41
"3/26/2022","NJ",60
"4/2/2022","NJ",80
"4/9/2022","NJ",136
"4/16/2022","NJ",140
"4/23/2022","NJ",126
"4/30/2022","NJ",125
"5/7/2022","NJ",119
"5/14/2022","NJ",95
"5/21/2022","NJ",87
"5/28/2022","NJ",75
"6/4/2022","NJ",52
"6/11/2022","NJ",42
"6/18/2022","NJ",43
"6/25/2022","NJ",23
"7/2/2022","NJ",11
"7/9/2022","NJ",15
"7/16/2022","NJ",17
"7/23/2022","NJ",8
"7/30/2022","NJ",9
"8/6/2022","NJ",16
"8/13/2022","NJ",9
"8/20/2022","NJ",7
"8/27/2022","NJ",12
"9/3/2022","NJ",8
"9/10/2022","NJ",7
"9/17/2022","NJ",10
"9/24/2022","NJ",15
"10/1/2022","NJ",21
"10/5/2024","NJ",17
"10/12/2024","NJ",0
"10/19/2024","NJ",0
"10/26/2024","NJ",2
"11/2/2024","NJ",28
"11/9/2024","NJ",30
"11/16/2024","NJ",37
"11/23/2024","NJ",47
"11/30/2024","NJ",67
"12/7/2024","NJ",109
"12/14/2024","NJ",174
"12/21/2024","NJ",335
"12/28/2024","NJ",723
"1/4/2025","NJ",1326
"1/11/2025","NJ",1078
"1/18/2025","NJ",1259
"1/25/2025","NJ",1591
"2/1/2025","NJ",1794
"2/8/2025","NJ",1888
"2/15/2025","NJ",1517
"2/22/2025","NJ",1205
"3/1/2025","NJ",938
"3/8/2025","NJ",630
"3/15/2025","NJ",465
"3/22/2025","NJ",345
"3/29/2025","NJ",282
"4/5/2025","NJ",248
"4/12/2025","NJ",161
"4/19/2025","NJ",137
"4/26/2025","NJ",72
"5/3/2025","NJ",70
"5/10/2025","NJ",40
"5/17/2025","NJ",43
"5/24/2025","NJ",25
"5/31/2025","NJ",30
"6/7/2025","NJ",26
"6/14/2025","NJ",24
"6/21/2025","NJ",20
"6/28/2025","NJ",25
"7/5/2025","NJ",23
"7/12/2025","NJ",18
"7/19/2025","NJ",13
"7/26/2025","NJ",10
"8/2/2025","NJ",7
"8/9/2025","NJ",9
"8/16/2025","NJ",12
"8/23/2025","NJ",11
"8/30/2025","NJ",10
"9/6/2025","NJ",14
"9/13/2025","NJ",10
"9/20/2025","NJ",11
"9/27/2025","NJ",19
"10/9/2021","NM",1
"10/16/2021","NM",0
"10/23/2021","NM",2
"10/30/2021","NM",0
"11/6/2021","NM",2
"11/13/2021","NM",1
"11/20/2021","NM",1
"11/27/2021","NM",0
"12/4/2021","NM",4
"12/11/2021","NM",0
"12/18/2021","NM",6
"12/25/2021","NM",1
"1/1/2022","NM",3
"1/8/2022","NM",3
"1/15/2022","NM",2
"1/22/2022","NM",0
"1/29/2022","NM",0
"2/5/2022","NM",9
"2/12/2022","NM",4
"2/19/2022","NM",5
"2/26/2022","NM",4
"3/5/2022","NM",4
"3/12/2022","NM",6
"3/19/2022","NM",15
"3/26/2022","NM",36
"4/2/2022","NM",39
"4/9/2022","NM",43
"4/16/2022","NM",28
"4/23/2022","NM",41
"4/30/2022","NM",51
"5/7/2022","NM",70
"5/14/2022","NM",37
"5/21/2022","NM",61
"5/28/2022","NM",50
"6/4/2022","NM",53
"6/11/2022","NM",23
"6/18/2022","NM",15
"6/25/2022","NM",6
"7/2/2022","NM",12
"7/9/2022","NM",0
"7/16/2022","NM",5
"7/23/2022","NM",4
"7/30/2022","NM",1
"8/6/2022","NM",1
"8/13/2022","NM",10
"8/20/2022","NM",6
"8/27/2022","NM",6
"9/3/2022","NM",17
"9/10/2022","NM",11
"9/17/2022","NM",4
"9/24/2022","NM",6
"10/1/2022","NM",14
"10/8/2022","NV",35
"10/15/2022","NV",15
"10/22/2022","NV",15
"10/29/2022","NV",12
"11/5/2022","NV",35
"11/12/2022","NV",92
"11/19/2022","NV",162
"11/26/2022","NV",265
"12/3/2022","NV",478
"12/10/2022","NV",445
"12/17/2022","NV",318
"12/24/2022","NV",226
"12/31/2022","NV",179
"1/7/2023","NV",116
"1/14/2023","NV",37
"1/21/2023","NV",21
"1/28/2023","NV",11
"2/4/2023","NV",4
"2/11/2023","NV",11
"2/18/2023","NV",12
"2/25/2023","NV",3
"3/4/2023","NV",4
"3/11/2023","NV",3
"3/18/2023","NV",6
"3/25/2023","NV",8
"4/1/2023","NV",4
"4/8/2023","NV",4
"4/15/2023","NV",8
"4/22/2023","NV",0
"4/29/2023","NV",4
"5/6/2023","NV",7
"5/13/2023","NV",6
"5/20/2023","NV",3
"5/27/2023","NV",6
"6/3/2023","NV",6
"6/10/2023","NV",11
"6/17/2023","NV",8
"6/24/2023","NV",8
"7/1/2023","NV",7
"7/8/2023","NV",6
"7/15/2023","NV",10
"7/22/2023","NV",7
"7/29/2023","NV",4
"8/5/2023","NV",6
"8/12/2023","NV",6
"8/19/2023","NV",3
"8/26/2023","NV",4
"9/2/2023","NV",3
"9/9/2023","NV",4
"9/16/2023","NV",0
"9/23/2023","NV",4
"9/30/2023","NV",3
"10/3/2020","NY",0
"10/10/2020","NY",0
"10/17/2020","NY",0
"10/24/2020","NY",6
"10/31/2020","NY",12
"11/7/2020","NY",10
"11/14/2020","NY",11
"11/21/2020","NY",19
"11/28/2020","NY",20
"12/5/2020","NY",21
"12/12/2020","NY",31
"12/19/2020","NY",36
"12/26/2020","NY",37
"1/2/2021","NY",21
"1/9/2021","NY",11
"1/16/2021","NY",18
"1/23/2021","NY",19
"1/30/2021","NY",23
"2/6/2021","NY",20
"2/13/2021","NY",13
"2/20/2021","NY",21
"2/27/2021","NY",10
"3/6/2021","NY",14
"3/13/2021","NY",17
"3/20/2021","NY",11
"3/27/2021","NY",13
"4/3/2021","NY",24
"4/10/2021","NY",27
"4/17/2021","NY",21
"4/24/2021","NY",21
"5/1/2021","NY",16
"5/8/2021","NY",12
"5/15/2021","NY",9
"5/22/2021","NY",23
"5/29/2021","NY",15
"6/5/2021","NY",14
"6/12/2021","NY",6
"6/19/2021","NY",2
"6/26/2021","NY",0
"7/3/2021","NY",2
"7/10/2021","NY",1
"7/17/2021","NY",3
"7/24/2021","NY",1
"7/31/2021","NY",0
"8/7/2021","NY",7
"8/14/2021","NY",7
"8/21/2021","NY",8
"8/28/2021","NY",7
"9/4/2021","NY",8
"9/11/2021","NY",8
"9/18/2021","NY",8
"9/25/2021","NY",9
"10/2/2021","NY",8
"10/9/2021","VA",12
"10/16/2021","VA",9
"10/23/2021","VA",16
"10/30/2021","VA",10
"11/6/2021","VA",6
"11/13/2021","VA",15
"11/20/2021","VA",14
"11/27/2021","VA",23
"12/4/2021","VA",33
"12/11/2021","VA",33
"12/18/2021","VA",35
"12/25/2021","VA",35
"1/1/2022","VA",50
"1/8/2022","VA",48
"1/15/2022","VA",37
"1/22/2022","VA",44
"1/29/2022","VA",40
"2/5/2022","VA",38
"2/12/2022","VA",34
"2/19/2022","VA",31
"2/26/2022","VA",27
"3/5/2022","VA",27
"3/12/2022","VA",18
"3/19/2022","VA",32
"3/26/2022","VA",35
"4/2/2022","VA",39
"4/9/2022","VA",35
"4/16/2022","VA",51
"4/23/2022","VA",42
"4/30/2022","VA",57
"5/7/2022","VA",44
"5/14/2022","VA",41
"5/21/2022","VA",35
"5/28/2022","VA",35
"6/4/2022","VA",41
"6/11/2022","VA",40
"6/18/2022","VA",29
"6/25/2022","VA",35
"7/2/2022","VA",39
"7/9/2022","VA",20
"7/16/2022","VA",19
"7/23/2022","VA",33
"7/30/2022","VA",27
"8/6/2022","VA",15
"8/13/2022","VA",28
"8/20/2022","VA",16
"8/27/2022","VA",14
"9/3/2022","VA",24
"9/10/2022","VA",20
"9/17/2022","VA",27
"9/24/2022","VA",16
"10/1/2022","VA",29
"10/3/2020","AK",NA
"10/10/2020","AK",NA
"10/17/2020","AK",0
"10/24/2020","AK",0
"10/31/2020","AK",0
"11/7/2020","AK",0
"11/14/2020","AK",0
"11/21/2020","AK",0
"11/28/2020","AK",0
"12/5/2020","AK",2
"12/12/2020","AK",4
"12/19/2020","AK",7
"12/26/2020","AK",1
"1/2/2021","AK",0
"1/9/2021","AK",0
"1/16/2021","AK",0
"1/23/2021","AK",0
"1/30/2021","AK",0
"2/6/2021","AK",0
"2/13/2021","AK",0
"2/20/2021","AK",0
"2/27/2021","AK",0
"3/6/2021","AK",0
"3/13/2021","AK",0
"3/20/2021","AK",0
"3/27/2021","AK",0
"4/3/2021","AK",0
"4/10/2021","AK",0
"4/17/2021","AK",3
"4/24/2021","AK",7
"5/1/2021","AK",7
"5/8/2021","AK",7
"5/15/2021","AK",7
"5/22/2021","AK",7
"5/29/2021","AK",8
"6/5/2021","AK",7
"6/12/2021","AK",7
"6/19/2021","AK",7
"6/26/2021","AK",7
"7/3/2021","AK",7
"7/10/2021","AK",7
"7/17/2021","AK",7
"7/24/2021","AK",8
"7/31/2021","AK",7
"8/7/2021","AK",7
"8/14/2021","AK",7
"8/21/2021","AK",7
"8/28/2021","AK",7
"9/4/2021","AK",7
"9/11/2021","AK",7
"9/18/2021","AK",7
"9/25/2021","AK",7
"10/2/2021","AK",5
"10/5/2024","AK",1
"10/12/2024","AK",1
"10/19/2024","AK",1
"10/26/2024","AK",3
"11/2/2024","AK",8
"11/9/2024","AK",6
"11/16/2024","AK",9
"11/23/2024","AK",7
"11/30/2024","AK",10
"12/7/2024","AK",18
"12/14/2024","AK",27
"12/21/2024","AK",22
"12/28/2024","AK",35
"1/4/2025","AK",64
"1/11/2025","AK",45
"1/18/2025","AK",33
"1/25/2025","AK",29
"2/1/2025","AK",30
"2/8/2025","AK",26
"2/15/2025","AK",53
"2/22/2025","AK",52
"3/1/2025","AK",57
"3/8/2025","AK",62
"3/15/2025","AK",31
"3/22/2025","AK",26
"3/29/2025","AK",32
"4/5/2025","AK",17
"4/12/2025","AK",16
"4/19/2025","AK",12
"4/26/2025","AK",9
"5/3/2025","AK",9
"5/10/2025","AK",5
"5/17/2025","AK",6
"5/24/2025","AK",10
"5/31/2025","AK",8
"6/7/2025","AK",11
"6/14/2025","AK",11
"6/21/2025","AK",17
"6/28/2025","AK",5
"7/5/2025","AK",4
"7/12/2025","AK",2
"7/19/2025","AK",6
"7/26/2025","AK",4
"8/2/2025","AK",2
"8/9/2025","AK",2
"8/16/2025","AK",4
"8/23/2025","AK",2
"8/30/2025","AK",2
"9/6/2025","AK",3
"9/13/2025","AK",12
"9/20/2025","AK",1
"9/27/2025","AK",1
"10/9/2021","AR",3
"10/16/2021","AR",4
"10/23/2021","AR",3
"10/30/2021","AR",3
"11/6/2021","AR",3
"11/13/2021","AR",6
"11/20/2021","AR",9
"11/27/2021","AR",2
"12/4/2021","AR",12
"12/11/2021","AR",11
"12/18/2021","AR",13
"12/25/2021","AR",11
"1/1/2022","AR",28
"1/8/2022","AR",35
"1/15/2022","AR",30
"1/22/2022","AR",19
"1/29/2022","AR",13
"2/5/2022","AR",16
"2/12/2022","AR",23
"2/19/2022","AR",22
"2/26/2022","AR",37
"3/5/2022","AR",57
"3/12/2022","AR",60
"3/19/2022","AR",62
"3/26/2022","AR",74
"4/2/2022","AR",56
"4/9/2022","AR",74
"4/16/2022","AR",43
"4/23/2022","AR",34
"4/30/2022","AR",33
"5/7/2022","AR",17
"5/14/2022","AR",28
"5/21/2022","AR",15
"5/28/2022","AR",14
"6/4/2022","AR",17
"6/11/2022","AR",19
"6/18/2022","AR",10
"6/25/2022","AR",16
"7/2/2022","AR",8
"7/9/2022","AR",5
"7/16/2022","AR",19
"7/23/2022","AR",10
"7/30/2022","AR",1
"8/6/2022","AR",3
"8/13/2022","AR",7
"8/20/2022","AR",3
"8/27/2022","AR",3
"9/3/2022","AR",6
"9/10/2022","AR",6
"9/17/2022","AR",5
"9/24/2022","AR",7
"10/1/2022","AR",10
"8/8/2020","CO",NA
"8/15/2020","CO",NA
"8/22/2020","CO",NA
"8/29/2020","CO",NA
"9/5/2020","CO",NA
"9/12/2020","CO",NA
"9/19/2020","CO",NA
"9/26/2020","CO",NA
"10/3/2020","GA",0
"10/10/2020","GA",0
"10/17/2020","GA",1
"10/24/2020","GA",8
"10/31/2020","GA",18
"11/7/2020","GA",14
"11/14/2020","GA",34
"11/21/2020","GA",30
"11/28/2020","GA",10
"12/5/2020","GA",13
"12/12/2020","GA",19
"12/19/2020","GA",20
"12/26/2020","GA",21
"1/2/2021","GA",36
"1/9/2021","GA",22
"1/16/2021","GA",40
"1/23/2021","GA",25
"1/30/2021","GA",33
"2/6/2021","GA",16
"2/13/2021","GA",30
"2/20/2021","GA",33
"2/27/2021","GA",18
"3/6/2021","GA",12
"3/13/2021","GA",14
"3/20/2021","GA",39
"3/27/2021","GA",26
"4/3/2021","GA",23
"4/10/2021","GA",8
"4/17/2021","GA",17
"4/24/2021","GA",20
"5/1/2021","GA",14
"5/8/2021","GA",24
"5/15/2021","GA",7
"5/22/2021","GA",16
"5/29/2021","GA",8
"6/5/2021","GA",9
"6/12/2021","GA",9
"6/19/2021","GA",7
"6/26/2021","GA",3
"7/3/2021","GA",8
"7/10/2021","GA",4
"7/17/2021","GA",4
"7/24/2021","GA",15
"7/31/2021","GA",11
"8/7/2021","GA",16
"8/14/2021","GA",10
"8/21/2021","GA",15
"8/28/2021","GA",12
"9/4/2021","GA",28
"9/11/2021","GA",36
"9/18/2021","GA",21
"9/25/2021","GA",24
"10/2/2021","GA",27
"10/8/2022","IA",6
"10/15/2022","IA",7
"10/22/2022","IA",9
"10/29/2022","IA",15
"11/5/2022","IA",16
"11/12/2022","IA",20
"11/19/2022","IA",37
"11/26/2022","IA",104
"12/3/2022","IA",208
"12/10/2022","IA",231
"12/17/2022","IA",325
"12/24/2022","IA",328
"12/31/2022","IA",320
"1/7/2023","IA",218
"1/14/2023","IA",96
"1/21/2023","IA",43
"1/28/2023","IA",47
"2/4/2023","IA",13
"2/11/2023","IA",15
"2/18/2023","IA",9
"2/25/2023","IA",11
"3/4/2023","IA",6
"3/11/2023","IA",12
"3/18/2023","IA",7
"3/25/2023","IA",7
"4/1/2023","IA",4
"4/8/2023","IA",2
"4/15/2023","IA",5
"4/22/2023","IA",0
"4/29/2023","IA",12
"5/6/2023","IA",5
"5/13/2023","IA",5
"5/20/2023","IA",3
"5/27/2023","IA",4
"6/3/2023","IA",0
"6/10/2023","IA",4
"6/17/2023","IA",2
"6/24/2023","IA",1
"7/1/2023","IA",2
"7/8/2023","IA",2
"7/15/2023","IA",0
"7/22/2023","IA",2
"7/29/2023","IA",0
"8/5/2023","IA",1
"8/12/2023","IA",0
"8/19/2023","IA",2
"8/26/2023","IA",2
"9/2/2023","IA",4
"9/9/2023","IA",1
"9/16/2023","IA",0
"9/23/2023","IA",0
"9/30/2023","IA",4
"10/9/2021","IL",0
"10/16/2021","IL",4
"10/23/2021","IL",2
"10/30/2021","IL",3
"11/6/2021","IL",2
"11/13/2021","IL",1
"11/20/2021","IL",5
"11/27/2021","IL",6
"12/4/2021","IL",17
"12/11/2021","IL",24
"12/18/2021","IL",26
"12/25/2021","IL",28
"1/1/2022","IL",42
"1/8/2022","IL",26
"1/15/2022","IL",41
"1/22/2022","IL",15
"1/29/2022","IL",7
"2/5/2022","IL",10
"2/12/2022","IL",8
"2/19/2022","IL",22
"2/26/2022","IL",26
"3/5/2022","IL",21
"3/12/2022","IL",33
"3/19/2022","IL",58
"3/26/2022","IL",106
"4/2/2022","IL",88
"4/9/2022","IL",105
"4/16/2022","IL",78
"4/23/2022","IL",105
"4/30/2022","IL",97
"5/7/2022","IL",108
"5/14/2022","IL",123
"5/21/2022","IL",96
"5/28/2022","IL",49
"6/4/2022","IL",41
"6/11/2022","IL",16
"6/18/2022","IL",23
"6/25/2022","IL",19
"7/2/2022","IL",7
"7/9/2022","IL",10
"7/16/2022","IL",11
"7/23/2022","IL",4
"7/30/2022","IL",9
"8/6/2022","IL",13
"8/13/2022","IL",11
"8/20/2022","IL",12
"8/27/2022","IL",16
"9/3/2022","IL",10
"9/10/2022","IL",5
"9/17/2022","IL",4
"9/24/2022","IL",15
"10/1/2022","IL",10
"10/3/2020","IN",NA
"10/10/2020","IN",NA
"10/17/2020","IN",NA
"10/24/2020","IN",0
"10/31/2020","IN",0
"11/7/2020","IN",6
"11/14/2020","IN",8
"11/21/2020","IN",8
"11/28/2020","IN",5
"12/5/2020","IN",3
"12/12/2020","IN",6
"12/19/2020","IN",11
"12/26/2020","IN",6
"1/2/2021","IN",4
"1/9/2021","IN",6
"1/16/2021","IN",5
"1/23/2021","IN",8
"1/30/2021","IN",6
"2/6/2021","IN",10
"2/13/2021","IN",8
"2/20/2021","IN",6
"2/27/2021","IN",1
"3/6/2021","IN",3
"3/13/2021","IN",3
"3/20/2021","IN",3
"3/27/2021","IN",8
"4/3/2021","IN",55
"4/10/2021","IN",11
"4/17/2021","IN",11
"4/24/2021","IN",5
"5/1/2021","IN",3
"5/8/2021","IN",2
"5/15/2021","IN",3
"5/22/2021","IN",4
"5/29/2021","IN",3
"6/5/2021","IN",4
"6/12/2021","IN",0
"6/19/2021","IN",2
"6/26/2021","IN",3
"7/3/2021","IN",2
"7/10/2021","IN",4
"7/17/2021","IN",9
"7/24/2021","IN",11
"7/31/2021","IN",25
"8/7/2021","IN",29
"8/14/2021","IN",25
"8/21/2021","IN",34
"8/28/2021","IN",16
"9/4/2021","IN",22
"9/11/2021","IN",13
"9/18/2021","IN",12
"9/25/2021","IN",15
"10/2/2021","IN",15
"8/8/2020","LA",NA
"8/15/2020","LA",NA
"8/22/2020","LA",NA
"8/29/2020","LA",NA
"9/5/2020","LA",NA
"9/12/2020","LA",NA
"9/19/2020","LA",NA
"9/26/2020","LA",NA
"10/4/2025","LA",33
"10/11/2025","LA",36
"10/18/2025","LA",43
"10/25/2025","LA",53
"11/1/2025","LA",44
"11/8/2025","LA",83
"11/15/2025","LA",107
"11/22/2025","LA",117
"11/29/2025","LA",116
"12/6/2025","LA",180
"12/13/2025","LA",248
"12/20/2025","LA",433
"12/27/2025","LA",688
"1/3/2026","LA",662
"1/10/2026","LA",438
"1/17/2026","LA",296
"1/24/2026","LA",334
"1/31/2026","LA",318
"2/7/2026","LA",326
"2/14/2026","LA",425
"2/21/2026","LA",342
"2/28/2026","LA",215
"3/7/2026","LA",186
"3/14/2026","LA",139
"3/21/2026","LA",98
"3/28/2026","LA",38
"4/4/2026","LA",26
"4/11/2026","LA",22
"4/18/2026","LA",20
"4/25/2026","LA",35
"5/2/2026","LA",26
"5/9/2026","LA",20
"5/16/2026","LA",20
"5/23/2026","LA",26
"5/30/2026","LA",29
"6/6/2026","LA",26
"6/13/2026","LA",31
"6/20/2026","LA",18
"6/27/2026","LA",25
"7/4/2026","LA",16
"7/11/2026","LA",18
"7/18/2026","LA",25
"7/25/2026","LA",80
"8/1/2026","LA",13
"8/8/2026","LA",19
"8/15/2026","LA",12
"8/22/2026","LA",9
"8/29/2026","LA",21
"9/5/2026","LA",25
"9/12/2026","LA",32
"9/19/2026","LA",44
"9/26/2026","LA",50
"10/3/2020","MI",0
"10/10/2020","MI",0
"10/17/2020","MI",0
"10/24/2020","MI",7
"10/31/2020","MI",13
"11/7/2020","MI",8
"11/14/2020","MI",11
"11/21/2020","MI",16
"11/28/2020","MI",5
"12/5/2020","MI",8
"12/12/2020","MI",6
"12/19/2020","MI",10
"12/26/2020","MI",10
"1/2/2021","MI",5
"1/9/2021","MI",6
"1/16/2021","MI",6
"1/23/2021","MI",6
"1/30/2021","MI",3
"2/6/2021","MI",2
"2/13/2021","MI",0
"2/20/2021","MI",1
"2/27/2021","MI",4
"3/6/2021","MI",3
"3/13/2021","MI",2
"3/20/2021","MI",0
"3/27/2021","MI",0
"4/3/2021","MI",1
"4/10/2021","MI",5
"4/17/2021","MI",16
"4/24/2021","MI",11
"5/1/2021","MI",3
"5/8/2021","MI",1
"5/15/2021","MI",3
"5/22/2021","MI",0
"5/29/2021","MI",2
"6/5/2021","MI",1
"6/12/2021","MI",0
"6/19/2021","MI",0
"6/26/2021","MI",0
"7/3/2021","MI",0
"7/10/2021","MI",0
"7/17/2021","MI",1
"7/24/2021","MI",0
"7/31/2021","MI",0
"8/7/2021","MI",2
"8/14/2021","MI",1
"8/21/2021","MI",2
"8/28/2021","MI",2
"9/4/2021","MI",2
"9/11/2021","MI",1
"9/18/2021","MI",0
"9/25/2021","MI",1
"10/2/2021","MI",6
"10/8/2022","MI",12
"10/15/2022","MI",14
"10/22/2022","MI",12
"10/29/2022","MI",48
"11/5/2022","MI",55
"11/12/2022","MI",88
"11/19/2022","MI",165
"11/26/2022","MI",288
"12/3/2022","MI",452
"12/10/2022","MI",587
"12/17/2022","MI",890
"12/24/2022","MI",1114
"12/31/2022","MI",1127
"1/7/2023","MI",714
"1/14/2023","MI",320
"1/21/2023","MI",168
"1/28/2023","MI",84
"2/4/2023","MI",85
"2/11/2023","MI",53
"2/18/2023","MI",59
"2/25/2023","MI",54
"3/4/2023","MI",51
"3/11/2023","MI",36
"3/18/2023","MI",33
"3/25/2023","MI",20
"4/1/2023","MI",17
"4/8/2023","MI",24
"4/15/2023","MI",16
"4/22/2023","MI",8
"4/29/2023","MI",7
"5/6/2023","MI",17
"5/13/2023","MI",17
"5/20/2023","MI",13
"5/27/2023","MI",18
"6/3/2023","MI",14
"6/10/2023","MI",14
"6/17/2023","MI",20
"6/24/2023","MI",14
"7/1/2023","MI",9
"7/8/2023","MI",5
"7/15/2023","MI",3
"7/22/2023","MI",3
"7/29/2023","MI",4
"8/5/2023","MI",4
"8/12/2023","MI",11
"8/19/2023","MI",18
"8/26/2023","MI",10
"9/2/2023","MI",12
"9/9/2023","MI",2
"9/16/2023","MI",9
"9/23/2023","MI",17
"9/30/2023","MI",12
"10/4/2025","MS",15
"10/11/2025","MS",16
"10/18/2025","MS",18
"10/25/2025","MS",16
"11/1/2025","MS",16
"11/8/2025","MS",17
"11/15/2025","MS",21
"11/22/2025","MS",27
"11/29/2025","MS",24
"12/6/2025","MS",42
"12/13/2025","MS",74
"12/20/2025","MS",147
"12/27/2025","MS",247
"1/3/2026","MS",230
"1/10/2026","MS",194
"1/17/2026","MS",142
"1/24/2026","MS",115
"1/31/2026","MS",132
"2/7/2026","MS",200
"2/14/2026","MS",243
"2/21/2026","MS",227
"2/28/2026","MS",151
"3/7/2026","MS",135
"3/14/2026","MS",100
"3/21/2026","MS",64
"3/28/2026","MS",31
"4/4/2026","MS",18
"4/11/2026","MS",13
"4/18/2026","MS",14
"4/25/2026","MS",19
"5/2/2026","MS",27
"5/9/2026","MS",18
"5/16/2026","MS",15
"5/23/2026","MS",12
"5/30/2026","MS",8
"6/6/2026","MS",8
"6/13/2026","MS",4
"6/20/2026","MS",7
"6/27/2026","MS",4
"7/4/2026","MS",9
"7/11/2026","MS",6
"7/18/2026","MS",6
"7/25/2026","MS",8
"8/1/2026","MS",4
"8/8/2026","MS",10
"8/15/2026","MS",8
"8/22/2026","MS",16
"8/29/2026","MS",11
"9/5/2026","MS",19
"9/12/2026","MS",7
"9/19/2026","MS",13
"9/26/2026","MS",22
"10/9/2021","NC",8
"10/16/2021","NC",25
"10/23/2021","NC",34
"10/30/2021","NC",38
"11/6/2021","NC",51
"11/13/2021","NC",3
"11/20/2021","NC",3
"11/27/2021","NC",18
"12/4/2021","NC",19
"12/11/2021","NC",36
"12/18/2021","NC",41
"12/25/2021","NC",92
"1/1/2022","NC",162
"1/8/2022","NC",180
"1/15/2022","NC",128
"1/22/2022","NC",47
"1/29/2022","NC",25
"2/5/2022","NC",48
"2/12/2022","NC",25
"2/19/2022","NC",34
"2/26/2022","NC",33
"3/5/2022","NC",44
"3/12/2022","NC",55
"3/19/2022","NC",14
"3/26/2022","NC",23
"4/2/2022","NC",28
"4/9/2022","NC",35
"4/16/2022","NC",57
"4/23/2022","NC",45
"4/30/2022","NC",63
"5/7/2022","NC",51
"5/14/2022","NC",37
"5/21/2022","NC",45
"5/28/2022","NC",40
"6/4/2022","NC",22
"6/11/2022","NC",43
"6/18/2022","NC",59
"6/25/2022","NC",58
"7/2/2022","NC",38
"7/9/2022","NC",15
"7/16/2022","NC",41
"7/23/2022","NC",38
"7/30/2022","NC",11
"8/6/2022","NC",1
"8/13/2022","NC",9
"8/20/2022","NC",12
"8/27/2022","NC",11
"9/3/2022","NC",6
"9/10/2022","NC",13
"9/17/2022","NC",17
"9/24/2022","NC",11
"10/1/2022","NC",21
"10/9/2021","NH",0
"10/16/2021","NH",12
"10/23/2021","NH",1
"10/30/2021","NH",0
"11/6/2021","NH",0
"11/13/2021","NH",1
"11/20/2021","NH",0
"11/27/2021","NH",2
"12/4/2021","NH",1
"12/11/2021","NH",3
"12/18/2021","NH",9
"12/25/2021","NH",5
"1/1/2022","NH",6
"1/8/2022","NH",4
"1/15/2022","NH",1
"1/22/2022","NH",2
"1/29/2022","NH",1
"2/5/2022","NH",1
"2/12/2022","NH",9
"2/19/2022","NH",7
"2/26/2022","NH",0
"3/5/2022","NH",2
"3/12/2022","NH",14
"3/19/2022","NH",10
"3/26/2022","NH",7
"4/2/2022","NH",6
"4/9/2022","NH",13
"4/16/2022","NH",17
"4/23/2022","NH",28
"4/30/2022","NH",24
"5/7/2022","NH",21
"5/14/2022","NH",14
"5/21/2022","NH",13
"5/28/2022","NH",6
"6/4/2022","NH",6
"6/11/2022","NH",4
"6/18/2022","NH",1
"6/25/2022","NH",1
"7/2/2022","NH",0
"7/9/2022","NH",1
"7/16/2022","NH",0
"7/23/2022","NH",1
"7/30/2022","NH",1
"8/6/2022","NH",0
"8/13/2022","NH",0
"8/20/2022","NH",0
"8/27/2022","NH",0
"9/3/2022","NH",0
"9/10/2022","NH",0
"9/17/2022","NH",3
"9/24/2022","NH",1
"10/1/2022","NH",1
"10/8/2022","TX",213
"10/15/2022","TX",305
"10/22/2022","TX",460
"10/29/2022","TX",699
"11/5/2022","TX",953
"11/12/2022","TX",1106
"11/19/2022","TX",1168
"11/26/2022","TX",1796
"12/3/2022","TX",2179
"12/10/2022","TX",1775
"12/17/2022","TX",1533
"12/24/2022","TX",1301
"12/31/2022","TX",1410
"1/7/2023","TX",1246
"1/14/2023","TX",763
"1/21/2023","TX",490
"1/28/2023","TX",347
"2/4/2023","TX",281
"2/11/2023","TX",270
"2/18/2023","TX",241
"2/25/2023","TX",208
"3/4/2023","TX",171
"3/11/2023","TX",157
"3/18/2023","TX",159
"3/25/2023","TX",131
"4/1/2023","TX",156
"4/8/2023","TX",128
"4/15/2023","TX",126
"4/22/2023","TX",100
"4/29/2023","TX",110
"5/6/2023","TX",197
"5/13/2023","TX",98
"5/20/2023","TX",97
"5/27/2023","TX",106
"6/3/2023","TX",83
"6/10/2023","TX",75
"6/17/2023","TX",100
"6/24/2023","TX",109
"7/1/2023","TX",87
"7/8/2023","TX",79
"7/15/2023","TX",96
"7/22/2023","TX",86
"7/29/2023","TX",90
"8/5/2023","TX",109
"8/12/2023","TX",118
"8/19/2023","TX",122
"8/26/2023","TX",110
"9/2/2023","TX",126
"9/9/2023","TX",109
"9/16/2023","TX",128
"9/23/2023","TX",102
"9/30/2023","TX",118
"10/7/2023","WV",2
"10/14/2023","WV",3
"10/21/2023","WV",3
"10/28/2023","WV",4
"11/4/2023","WV",7
"11/11/2023","WV",14
"11/18/2023","WV",8
"11/25/2023","WV",13
"12/2/2023","WV",17
"12/9/2023","WV",20
"12/16/2023","WV",33
"12/23/2023","WV",82
"12/30/2023","WV",153
"1/6/2024","WV",169
"1/13/2024","WV",136
"1/20/2024","WV",145
"1/27/2024","WV",136
"2/3/2024","WV",127
"2/10/2024","WV",131
"2/17/2024","WV",184
"2/24/2024","WV",163
"3/2/2024","WV",181
"3/9/2024","WV",143
"3/16/2024","WV",101
"3/23/2024","WV",80
"3/30/2024","WV",71
"4/6/2024","WV",68
"4/13/2024","WV",22
"4/20/2024","WV",13
"4/27/2024","WV",22
"5/4/2024","WV",7
"5/11/2024","WV",0
"5/18/2024","WV",0
"5/25/2024","WV",0
"6/1/2024","WV",0
"6/8/2024","WV",0
"6/15/2024","WV",0
"6/22/2024","WV",0
"6/29/2024","WV",0
"7/6/2024","WV",0
"7/13/2024","WV",0
"7/20/2024","WV",0
"7/27/2024","WV",0
"8/3/2024","WV",0
"8/10/2024","WV",0
"8/17/2024","WV",0
"8/24/2024","WV",0
"8/31/2024","WV",0
"9/7/2024","WV",NA
"9/14/2024","WV",NA
"9/21/2024","WV",NA
"9/28/2024","WV",NA
"10/4/2025","AR",4
"10/11/2025","AR",5
"10/18/2025","AR",2
"10/25/2025","AR",3
"11/1/2025","AR",9
"11/8/2025","AR",9
"11/15/2025","AR",27
"11/22/2025","AR",18
"11/29/2025","AR",78
"12/6/2025","AR",56
"12/13/2025","AR",87
"12/20/2025","AR",145
"12/27/2025","AR",297
"1/3/2026","AR",278
"1/10/2026","AR",163
"1/17/2026","AR",142
"1/24/2026","AR",167
"1/31/2026","AR",209
"2/7/2026","AR",213
"2/14/2026","AR",274
"2/21/2026","AR",173
"2/28/2026","AR",125
"3/7/2026","AR",107
"3/14/2026","AR",78
"3/21/2026","AR",46
"3/28/2026","AR",31
"4/4/2026","AR",22
"4/11/2026","AR",9
"4/18/2026","AR",3
"4/25/2026","AR",7
"5/2/2026","AR",7
"5/9/2026","AR",7
"5/16/2026","AR",9
"5/23/2026","AR",10
"5/30/2026","AR",6
"6/6/2026","AR",2
"6/13/2026","AR",1
"6/20/2026","AR",1
"6/27/2026","AR",5
"7/4/2026","AR",0
"7/11/2026","AR",3
"7/18/2026","AR",1
"7/25/2026","AR",0
"8/1/2026","AR",1
"8/8/2026","AR",1
"8/15/2026","AR",0
"8/22/2026","AR",4
"8/29/2026","AR",1
"9/5/2026","AR",6
"9/12/2026","AR",4
"9/19/2026","AR",8
"9/26/2026","AR",10
"10/3/2020","FL",NA
"10/10/2020","FL",NA
"10/17/2020","FL",0
"10/24/2020","FL",21
"10/31/2020","FL",21
"11/7/2020","FL",30
"11/14/2020","FL",38
"11/21/2020","FL",34
"11/28/2020","FL",46
"12/5/2020","FL",31
"12/12/2020","FL",38
"12/19/2020","FL",34
"12/26/2020","FL",47
"1/2/2021","FL",24
"1/9/2021","FL",33
"1/16/2021","FL",47
"1/23/2021","FL",50
"1/30/2021","FL",41
"2/6/2021","FL",52
"2/13/2021","FL",51
"2/20/2021","FL",42
"2/27/2021","FL",41
"3/6/2021","FL",43
"3/13/2021","FL",25
"3/20/2021","FL",55
"3/27/2021","FL",49
"4/3/2021","FL",56
"4/10/2021","FL",39
"4/17/2021","FL",39
"4/24/2021","FL",49
"5/1/2021","FL",31
"5/8/2021","FL",38
"5/15/2021","FL",35
"5/22/2021","FL",35
"5/29/2021","FL",31
"6/5/2021","FL",23
"6/12/2021","FL",13
"6/19/2021","FL",12
"6/26/2021","FL",20
"7/3/2021","FL",20
"7/10/2021","FL",22
"7/17/2021","FL",39
"7/24/2021","FL",25
"7/31/2021","FL",22
"8/7/2021","FL",39
"8/14/2021","FL",32
"8/21/2021","FL",29
"8/28/2021","FL",21
"9/4/2021","FL",11
"9/11/2021","FL",15
"9/18/2021","FL",28
"9/25/2021","FL",19
"10/2/2021","FL",19
"8/8/2020","IA",NA
"8/15/2020","IA",NA
"8/22/2020","IA",NA
"8/29/2020","IA",NA
"9/5/2020","IA",NA
"9/12/2020","IA",NA
"9/19/2020","IA",NA
"9/26/2020","IA",NA
"10/9/2021","MS",2
"10/16/2021","MS",5
"10/23/2021","MS",14
"10/30/2021","MS",2
"11/6/2021","MS",6
"11/13/2021","MS",8
"11/20/2021","MS",10
"11/27/2021","MS",14
"12/4/2021","MS",24
"12/11/2021","MS",10
"12/18/2021","MS",16
"12/25/2021","MS",29
"1/1/2022","MS",52
"1/8/2022","MS",37
"1/15/2022","MS",36
"1/22/2022","MS",17
"1/29/2022","MS",12
"2/5/2022","MS",21
"2/12/2022","MS",21
"2/19/2022","MS",25
"2/26/2022","MS",27
"3/5/2022","MS",34
"3/12/2022","MS",33
"3/19/2022","MS",31
"3/26/2022","MS",48
"4/2/2022","MS",25
"4/9/2022","MS",32
"4/16/2022","MS",22
"4/23/2022","MS",16
"4/30/2022","MS",26
"5/7/2022","MS",22
"5/14/2022","MS",25
"5/21/2022","MS",31
"5/28/2022","MS",20
"6/4/2022","MS",23
"6/11/2022","MS",14
"6/18/2022","MS",13
"6/25/2022","MS",23
"7/2/2022","MS",17
"7/9/2022","MS",21
"7/16/2022","MS",20
"7/23/2022","MS",23
"7/30/2022","MS",18
"8/6/2022","MS",19
"8/13/2022","MS",14
"8/20/2022","MS",13
"8/27/2022","MS",13
"9/3/2022","MS",21
"9/10/2022","MS",18
"9/17/2022","MS",36
"9/24/2022","MS",20
"10/1/2022","MS",29
"10/7/2023","NJ",17
"10/14/2023","NJ",13
"10/21/2023","NJ",33
"10/28/2023","NJ",44
"11/4/2023","NJ",26
"11/11/2023","NJ",46
"11/18/2023","NJ",33
"11/25/2023","NJ",75
"12/2/2023","NJ",129
"12/9/2023","NJ",160
"12/16/2023","NJ",304
"12/23/2023","NJ",488
"12/30/2023","NJ",729
"1/6/2024","NJ",667
"1/13/2024","NJ",570
"1/20/2024","NJ",441
"1/27/2024","NJ",345
"2/3/2024","NJ",331
"2/10/2024","NJ",323
"2/17/2024","NJ",370
"2/24/2024","NJ",297
"3/2/2024","NJ",343
"3/9/2024","NJ",272
"3/16/2024","NJ",218
"3/23/2024","NJ",180
"3/30/2024","NJ",188
"4/6/2024","NJ",168
"4/13/2024","NJ",130
"4/20/2024","NJ",110
"4/27/2024","NJ",89
"5/4/2024","NJ",81
"5/11/2024","NJ",47
"5/18/2024","NJ",32
"5/25/2024","NJ",37
"6/1/2024","NJ",26
"6/8/2024","NJ",20
"6/15/2024","NJ",25
"6/22/2024","NJ",16
"6/29/2024","NJ",20
"7/6/2024","NJ",21
"7/13/2024","NJ",23
"7/20/2024","NJ",17
"7/27/2024","NJ",17
"8/3/2024","NJ",12
"8/10/2024","NJ",15
"8/17/2024","NJ",10
"8/24/2024","NJ",12
"8/31/2024","NJ",7
"9/7/2024","NJ",12
"9/14/2024","NJ",21
"9/21/2024","NJ",27
"9/28/2024","NJ",8
"10/7/2023","NM",6
"10/14/2023","NM",4
"10/21/2023","NM",2
"10/28/2023","NM",2
"11/4/2023","NM",10
"11/11/2023","NM",9
"11/18/2023","NM",12
"11/25/2023","NM",21
"12/2/2023","NM",42
"12/9/2023","NM",84
"12/16/2023","NM",153
"12/23/2023","NM",227
"12/30/2023","NM",235
"1/6/2024","NM",229
"1/13/2024","NM",148
"1/20/2024","NM",113
"1/27/2024","NM",102
"2/3/2024","NM",76
"2/10/2024","NM",78
"2/17/2024","NM",73
"2/24/2024","NM",59
"3/2/2024","NM",61
"3/9/2024","NM",77
"3/16/2024","NM",45
"3/23/2024","NM",57
"3/30/2024","NM",36
"4/6/2024","NM",41
"4/13/2024","NM",19
"4/20/2024","NM",15
"4/27/2024","NM",20
"5/4/2024","NM",11
"5/11/2024","NM",16
"5/18/2024","NM",13
"5/25/2024","NM",8
"6/1/2024","NM",9
"6/8/2024","NM",5
"6/15/2024","NM",0
"6/22/2024","NM",0
"6/29/2024","NM",0
"7/6/2024","NM",1
"7/13/2024","NM",0
"7/20/2024","NM",0
"7/27/2024","NM",0
"8/3/2024","NM",0
"8/10/2024","NM",0
"8/17/2024","NM",0
"8/24/2024","NM",1
"8/31/2024","NM",1
"9/7/2024","NM",0
"9/14/2024","NM",0
"9/21/2024","NM",0
"9/28/2024","NM",0
"10/9/2021","OR",4
"10/16/2021","OR",1
"10/23/2021","OR",1
"10/30/2021","OR",0
"11/6/2021","OR",0
"11/13/2021","OR",0
"11/20/2021","OR",1
"11/27/2021","OR",6
"12/4/2021","OR",4
"12/11/2021","OR",5
"12/18/2021","OR",7
"12/25/2021","OR",4
"1/1/2022","OR",6
"1/8/2022","OR",5
"1/15/2022","OR",4
"1/22/2022","OR",4
"1/29/2022","OR",5
"2/5/2022","OR",1
"2/12/2022","OR",2
"2/19/2022","OR",5
"2/26/2022","OR",4
"3/5/2022","OR",2
"3/12/2022","OR",7
"3/19/2022","OR",18
"3/26/2022","OR",24
"4/2/2022","OR",10
"4/9/2022","OR",14
"4/16/2022","OR",14
"4/23/2022","OR",27
"4/30/2022","OR",23
"5/7/2022","OR",27
"5/14/2022","OR",26
"5/21/2022","OR",36
"5/28/2022","OR",33
"6/4/2022","OR",28
"6/11/2022","OR",18
"6/18/2022","OR",12
"6/25/2022","OR",8
"7/2/2022","OR",3
"7/9/2022","OR",0
"7/16/2022","OR",7
"7/23/2022","OR",1
"7/30/2022","OR",1
"8/6/2022","OR",1
"8/13/2022","OR",2
"8/20/2022","OR",0
"8/27/2022","OR",0
"9/3/2022","OR",0
"9/10/2022","OR",1
"9/17/2022","OR",0
"9/24/2022","OR",2
"10/1/2022","OR",1
"10/7/2023","OR",6
"10/14/2023","OR",6
"10/21/2023","OR",8
"10/28/2023","OR",14
"11/4/2023","OR",6
"11/11/2023","OR",11
"11/18/2023","OR",17
"11/25/2023","OR",11
"12/2/2023","OR",17
"12/9/2023","OR",43
"12/16/2023","OR",45
"12/23/2023","OR",103
"12/30/2023","OR",147
"1/6/2024","OR",142
"1/13/2024","OR",115
"1/20/2024","OR",85
"1/27/2024","OR",98
"2/3/2024","OR",84
"2/10/2024","OR",87
"2/17/2024","OR",65
"2/24/2024","OR",89
"3/2/2024","OR",76
"3/9/2024","OR",79
"3/16/2024","OR",68
"3/23/2024","OR",97
"3/30/2024","OR",64
"4/6/2024","OR",51
"4/13/2024","OR",33
"4/20/2024","OR",32
"4/27/2024","OR",30
"5/4/2024","OR",17
"5/11/2024","OR",18
"5/18/2024","OR",21
"5/25/2024","OR",14
"6/1/2024","OR",17
"6/8/2024","OR",16
"6/15/2024","OR",6
"6/22/2024","OR",14
"6/29/2024","OR",2
"7/6/2024","OR",5
"7/13/2024","OR",5
"7/20/2024","OR",3
"7/27/2024","OR",1
"8/3/2024","OR",0
"8/10/2024","OR",2
"8/17/2024","OR",0
"8/24/2024","OR",2
"8/31/2024","OR",2
"9/7/2024","OR",4
"9/14/2024","OR",3
"9/21/2024","OR",2
"9/28/2024","OR",1
"10/7/2023","PR",109
"10/14/2023","PR",103
"10/21/2023","PR",111
"10/28/2023","PR",164
"11/4/2023","PR",144
"11/11/2023","PR",148
"11/18/2023","PR",110
"11/25/2023","PR",117
"12/2/2023","PR",89
"12/9/2023","PR",48
"12/16/2023","PR",57
"12/23/2023","PR",59
"12/30/2023","PR",63
"1/6/2024","PR",51
"1/13/2024","PR",61
"1/20/2024","PR",50
"1/27/2024","PR",51
"2/3/2024","PR",34
"2/10/2024","PR",68
"2/17/2024","PR",52
"2/24/2024","PR",52
"3/2/2024","PR",43
"3/9/2024","PR",52
"3/16/2024","PR",63
"3/23/2024","PR",50
"3/30/2024","PR",47
"4/6/2024","PR",39
"4/13/2024","PR",43
"4/20/2024","PR",36
"4/27/2024","PR",44
"5/4/2024","PR",32
"5/11/2024","PR",28
"5/18/2024","PR",17
"5/25/2024","PR",4
"6/1/2024","PR",10
"6/8/2024","PR",9
"6/15/2024","PR",6
"6/22/2024","PR",10
"6/29/2024","PR",7
"7/6/2024","PR",7
"7/13/2024","PR",6
"7/20/2024","PR",9
"7/27/2024","PR",3
"8/3/2024","PR",6
"8/10/2024","PR",5
"8/17/2024","PR",3
"8/24/2024","PR",3
"8/31/2024","PR",2
"9/7/2024","PR",1
"9/14/2024","PR",0
"9/21/2024","PR",6
"9/28/2024","PR",3
"8/8/2020","RI",NA
"8/15/2020","RI",NA
"8/22/2020","RI",NA
"8/29/2020","RI",NA
"9/5/2020","RI",NA
"9/12/2020","RI",NA
"9/19/2020","RI",NA
"9/26/2020","RI",NA
"10/5/2024","SC",1
"10/12/2024","SC",0
"10/19/2024","SC",8
"10/26/2024","SC",8
"11/2/2024","SC",11
"11/9/2024","SC",21
"11/16/2024","SC",13
"11/23/2024","SC",13
"11/30/2024","SC",18
"12/7/2024","SC",40
"12/14/2024","SC",80
"12/21/2024","SC",160
"12/28/2024","SC",327
"1/4/2025","SC",520
"1/11/2025","SC",443
"1/18/2025","SC",642
"1/25/2025","SC",833
"2/1/2025","SC",1287
"2/8/2025","SC",1241
"2/15/2025","SC",690
"2/22/2025","SC",479
"3/1/2025","SC",446
"3/8/2025","SC",408
"3/15/2025","SC",269
"3/22/2025","SC",188
"3/29/2025","SC",137
"4/5/2025","SC",80
"4/12/2025","SC",43
"4/19/2025","SC",34
"4/26/2025","SC",33
"5/3/2025","SC",16
"5/10/2025","SC",13
"5/17/2025","SC",15
"5/24/2025","SC",17
"5/31/2025","SC",18
"6/7/2025","SC",9
"6/14/2025","SC",8
"6/21/2025","SC",10
"6/28/2025","SC",16
"7/5/2025","SC",11
"7/12/2025","SC",4
"7/19/2025","SC",3
"7/26/2025","SC",5
"8/2/2025","SC",6
"8/9/2025","SC",5
"8/16/2025","SC",2
"8/23/2025","SC",8
"8/30/2025","SC",11
"9/6/2025","SC",7
"9/13/2025","SC",15
"9/20/2025","SC",5
"9/27/2025","SC",19
"10/5/2024","TX",1
"10/12/2024","TX",79
"10/19/2024","TX",46
"10/26/2024","TX",63
"11/2/2024","TX",103
"11/9/2024","TX",185
"11/16/2024","TX",226
"11/23/2024","TX",276
"11/30/2024","TX",405
"12/7/2024","TX",530
"12/14/2024","TX",705
"12/21/2024","TX",1181
"12/28/2024","TX",2086
"1/4/2025","TX",2526
"1/11/2025","TX",2054
"1/18/2025","TX",2445
"1/25/2025","TX",3319
"2/1/2025","TX",4729
"2/8/2025","TX",4261
"2/15/2025","TX",2511
"2/22/2025","TX",1774
"3/1/2025","TX",1553
"3/8/2025","TX",1209
"3/15/2025","TX",909
"3/22/2025","TX",611
"3/29/2025","TX",539
"4/5/2025","TX",371
"4/12/2025","TX",284
"4/19/2025","TX",271
"4/26/2025","TX",230
"5/3/2025","TX",193
"5/10/2025","TX",176
"5/17/2025","TX",203
"5/24/2025","TX",143
"5/31/2025","TX",165
"6/7/2025","TX",147
"6/14/2025","TX",135
"6/21/2025","TX",121
"6/28/2025","TX",105
"7/5/2025","TX",80
"7/12/2025","TX",89
"7/19/2025","TX",82
"7/26/2025","TX",90
"8/2/2025","TX",85
"8/9/2025","TX",80
"8/16/2025","TX",91
"8/23/2025","TX",92
"8/30/2025","TX",105
"9/6/2025","TX",124
"9/13/2025","TX",117
"9/20/2025","TX",106
"9/27/2025","TX",134
"10/7/2023","VI",0
"10/14/2023","VI",0
"10/21/2023","VI",0
"10/28/2023","VI",0
"11/4/2023","VI",0
"11/11/2023","VI",0
"11/18/2023","VI",0
"11/25/2023","VI",0
"12/2/2023","VI",0
"12/9/2023","VI",0
"12/16/2023","VI",0
"12/23/2023","VI",0
"12/30/2023","VI",0
"1/6/2024","VI",0
"1/13/2024","VI",0
"1/20/2024","VI",0
"1/27/2024","VI",0
"2/3/2024","VI",0
"2/10/2024","VI",0
"2/17/2024","VI",0
"2/24/2024","VI",0
"3/2/2024","VI",0
"3/9/2024","VI",0
"3/16/2024","VI",0
"3/23/2024","VI",0
"3/30/2024","VI",0
"4/6/2024","VI",0
"4/13/2024","VI",0
"4/20/2024","VI",0
"4/27/2024","VI",0
"5/4/2024","VI",0
"5/11/2024","VI",0
"5/18/2024","VI",0
"5/25/2024","VI",0
"6/1/2024","VI",0
"6/8/2024","VI",0
"6/15/2024","VI",NA
"6/22/2024","VI",NA
"6/29/2024","VI",NA
"7/6/2024","VI",NA
"7/13/2024","VI",NA
"7/20/2024","VI",NA
"7/27/2024","VI",NA
"8/3/2024","VI",NA
"8/10/2024","VI",NA
"8/17/2024","VI",NA
"8/24/2024","VI",NA
"8/31/2024","VI",NA
"9/7/2024","VI",NA
"9/14/2024","VI",NA
"9/21/2024","VI",NA
"9/28/2024","VI",NA
"8/8/2020","WA",0
"8/15/2020","WA",0
"8/22/2020","WA",0
"8/29/2020","WA",0
"9/5/2020","WA",0
"9/12/2020","WA",NA
"9/19/2020","WA",NA
"9/26/2020","WA",NA
"10/3/2020","WV",NA
"10/10/2020","WV",NA
"10/17/2020","WV",NA
"10/24/2020","WV",0
"10/31/2020","WV",1
"11/7/2020","WV",2
"11/14/2020","WV",1
"11/21/2020","WV",7
"11/28/2020","WV",4
"12/5/2020","WV",9
"12/12/2020","WV",2
"12/19/2020","WV",5
"12/26/2020","WV",5
"1/2/2021","WV",4
"1/9/2021","WV",6
"1/16/2021","WV",0
"1/23/2021","WV",0
"1/30/2021","WV",0
"2/6/2021","WV",0
"2/13/2021","WV",0
"2/20/2021","WV",0
"2/27/2021","WV",0
"3/6/2021","WV",0
"3/13/2021","WV",1
"3/20/2021","WV",0
"3/27/2021","WV",0
"4/3/2021","WV",0
"4/10/2021","WV",0
"4/17/2021","WV",0
"4/24/2021","WV",1
"5/1/2021","WV",0
"5/8/2021","WV",1
"5/15/2021","WV",2
"5/22/2021","WV",1
"5/29/2021","WV",0
"6/5/2021","WV",0
"6/12/2021","WV",0
"6/19/2021","WV",0
"6/26/2021","WV",0
"7/3/2021","WV",0
"7/10/2021","WV",0
"7/17/2021","WV",1
"7/24/2021","WV",0
"7/31/2021","WV",0
"8/7/2021","WV",0
"8/14/2021","WV",0
"8/21/2021","WV",0
"8/28/2021","WV",0
"9/4/2021","WV",0
"9/11/2021","WV",0
"9/18/2021","WV",0
"9/25/2021","WV",2
"10/2/2021","WV",2
"10/7/2023","AR",17
"10/14/2023","AR",15
"10/21/2023","AR",18
"10/28/2023","AR",13
"11/4/2023","AR",18
"11/11/2023","AR",24
"11/18/2023","AR",17
"11/25/2023","AR",57
"12/2/2023","AR",24
"12/9/2023","AR",41
"12/16/2023","AR",53
"12/23/2023","AR",96
"12/30/2023","AR",187
"1/6/2024","AR",234
"1/13/2024","AR",221
"1/20/2024","AR",227
"1/27/2024","AR",275
"2/3/2024","AR",244
"2/10/2024","AR",289
"2/17/2024","AR",256
"2/24/2024","AR",274
"3/2/2024","AR",277
"3/9/2024","AR",247
"3/16/2024","AR",190
"3/23/2024","AR",103
"3/30/2024","AR",82
"4/6/2024","AR",60
"4/13/2024","AR",47
"4/20/2024","AR",30
"4/27/2024","AR",60
"5/4/2024","AR",14
"5/11/2024","AR",12
"5/18/2024","AR",0
"5/25/2024","AR",2
"6/1/2024","AR",6
"6/8/2024","AR",5
"6/15/2024","AR",5
"6/22/2024","AR",5
"6/29/2024","AR",1
"7/6/2024","AR",4
"7/13/2024","AR",5
"7/20/2024","AR",7
"7/27/2024","AR",8
"8/3/2024","AR",4
"8/10/2024","AR",6
"8/17/2024","AR",4
"8/24/2024","AR",4
"8/31/2024","AR",5
"9/7/2024","AR",7
"9/14/2024","AR",2
"9/21/2024","AR",3
"9/28/2024","AR",0
"10/8/2022","AS",0
"10/15/2022","AS",0
"10/22/2022","AS",0
"10/29/2022","AS",0
"11/5/2022","AS",0
"11/12/2022","AS",0
"11/19/2022","AS",0
"11/26/2022","AS",0
"12/3/2022","AS",0
"12/10/2022","AS",0
"12/17/2022","AS",0
"12/24/2022","AS",0
"12/31/2022","AS",0
"1/7/2023","AS",0
"1/14/2023","AS",0
"1/21/2023","AS",0
"1/28/2023","AS",0
"2/4/2023","AS",0
"2/11/2023","AS",0
"2/18/2023","AS",0
"2/25/2023","AS",0
"3/4/2023","AS",0
"3/11/2023","AS",0
"3/18/2023","AS",0
"3/25/2023","AS",0
"4/1/2023","AS",0
"4/8/2023","AS",0
"4/15/2023","AS",0
"4/22/2023","AS",0
"4/29/2023","AS",0
"5/6/2023","AS",0
"5/13/2023","AS",0
"5/20/2023","AS",0
"5/27/2023","AS",0
"6/3/2023","AS",0
"6/10/2023","AS",0
"6/17/2023","AS",0
"6/24/2023","AS",0
"7/1/2023","AS",0
"7/8/2023","AS",0
"7/15/2023","AS",0
"7/22/2023","AS",0
"7/29/2023","AS",0
"8/5/2023","AS",0
"8/12/2023","AS",0
"8/19/2023","AS",0
"8/26/2023","AS",0
"9/2/2023","AS",0
"9/9/2023","AS",0
"9/16/2023","AS",0
"9/23/2023","AS",0
"9/30/2023","AS",0
"8/8/2020","CA",NA
"8/15/2020","CA",NA
"8/22/2020","CA",NA
"8/29/2020","CA",NA
"9/5/2020","CA",NA
"9/12/2020","CA",NA
"9/19/2020","CA",NA
"9/26/2020","CA",NA
"10/8/2022","DE",0
"10/15/2022","DE",0
"10/22/2022","DE",1
"10/29/2022","DE",4
"11/5/2022","DE",10
"11/12/2022","DE",13
"11/19/2022","DE",53
"11/26/2022","DE",39
"12/3/2022","DE",86
"12/10/2022","DE",30
"12/17/2022","DE",25
"12/24/2022","DE",29
"12/31/2022","DE",42
"1/7/2023","DE",45
"1/14/2023","DE",12
"1/21/2023","DE",6
"1/28/2023","DE",6
"2/4/2023","DE",10
"2/11/2023","DE",1
"2/18/2023","DE",1
"2/25/2023","DE",0
"3/4/2023","DE",5
"3/11/2023","DE",1
"3/18/2023","DE",0
"3/25/2023","DE",2
"4/1/2023","DE",2
"4/8/2023","DE",0
"4/15/2023","DE",0
"4/22/2023","DE",0
"4/29/2023","DE",1
"5/6/2023","DE",0
"5/13/2023","DE",1
"5/20/2023","DE",0
"5/27/2023","DE",0
"6/3/2023","DE",3
"6/10/2023","DE",0
"6/17/2023","DE",0
"6/24/2023","DE",0
"7/1/2023","DE",0
"7/8/2023","DE",0
"7/15/2023","DE",0
"7/22/2023","DE",2
"7/29/2023","DE",0
"8/5/2023","DE",0
"8/12/2023","DE",1
"8/19/2023","DE",0
"8/26/2023","DE",0
"9/2/2023","DE",0
"9/9/2023","DE",0
"9/16/2023","DE",0
"9/23/2023","DE",0
"9/30/2023","DE",0
"10/4/2025","DE",1
"10/11/2025","DE",7
"10/18/2025","DE",1
"10/25/2025","DE",0
"11/1/2025","DE",3
"11/8/2025","DE",4
"11/15/2025","DE",7
"11/22/2025","DE",13
"11/29/2025","DE",13
"12/6/2025","DE",17
"12/13/2025","DE",39
"12/20/2025","DE",99
"12/27/2025","DE",211
"1/3/2026","DE",209
"1/10/2026","DE",174
"1/17/2026","DE",134
"1/24/2026","DE",101
"1/31/2026","DE",74
"2/7/2026","DE",51
"2/14/2026","DE",48
"2/21/2026","DE",49
"2/28/2026","DE",40
"3/7/2026","DE",31
"3/14/2026","DE",38
"3/21/2026","DE",24
"3/28/2026","DE",4
"4/4/2026","DE",7
"4/11/2026","DE",6
"4/18/2026","DE",2
"4/25/2026","DE",6
"5/2/2026","DE",4
"5/9/2026","DE",4
"5/16/2026","DE",5
"5/23/2026","DE",2
"5/30/2026","DE",1
"6/6/2026","DE",0
"6/13/2026","DE",1
"6/20/2026","DE",0
"6/27/2026","DE",0
"7/4/2026","DE",4
"7/11/2026","DE",0
"7/18/2026","DE",1
"7/25/2026","DE",2
"8/1/2026","DE",3
"8/8/2026","DE",0
"8/15/2026","DE",2
"8/22/2026","DE",1
"8/29/2026","DE",2
"9/5/2026","DE",2
"9/12/2026","DE",0
"9/19/2026","DE",1
"9/26/2026","DE",0
"10/5/2024","KY",0
"10/12/2024","KY",0
"10/19/2024","KY",2
"10/26/2024","KY",4
"11/2/2024","KY",7
"11/9/2024","KY",16
"11/16/2024","KY",18
"11/23/2024","KY",20
"11/30/2024","KY",24
"12/7/2024","KY",53
"12/14/2024","KY",79
"12/21/2024","KY",200
"12/28/2024","KY",515
"1/4/2025","KY",678
"1/11/2025","KY",463
"1/18/2025","KY",397
"1/25/2025","KY",439
"2/1/2025","KY",741
"2/8/2025","KY",1196
"2/15/2025","KY",1203
"2/22/2025","KY",896
"3/1/2025","KY",774
"3/8/2025","KY",633
"3/15/2025","KY",494
"3/22/2025","KY",372
"3/29/2025","KY",267
"4/5/2025","KY",175
"4/12/2025","KY",88
"4/19/2025","KY",49
"4/26/2025","KY",39
"5/3/2025","KY",21
"5/10/2025","KY",19
"5/17/2025","KY",15
"5/24/2025","KY",18
"5/31/2025","KY",21
"6/7/2025","KY",20
"6/14/2025","KY",19
"6/21/2025","KY",13
"6/28/2025","KY",12
"7/5/2025","KY",11
"7/12/2025","KY",8
"7/19/2025","KY",9
"7/26/2025","KY",16
"8/2/2025","KY",5
"8/9/2025","KY",2
"8/16/2025","KY",6
"8/23/2025","KY",4
"8/30/2025","KY",7
"9/6/2025","KY",8
"9/13/2025","KY",19
"9/20/2025","KY",14
"9/27/2025","KY",17
"10/9/2021","LA",9
"10/16/2021","LA",21
"10/23/2021","LA",11
"10/30/2021","LA",6
"11/6/2021","LA",10
"11/13/2021","LA",15
"11/20/2021","LA",4
"11/27/2021","LA",13
"12/4/2021","LA",50
"12/11/2021","LA",73
"12/18/2021","LA",80
"12/25/2021","LA",113
"1/1/2022","LA",171
"1/8/2022","LA",123
"1/15/2022","LA",60
"1/22/2022","LA",46
"1/29/2022","LA",42
"2/5/2022","LA",74
"2/12/2022","LA",85
"2/19/2022","LA",170
"2/26/2022","LA",116
"3/5/2022","LA",80
"3/12/2022","LA",62
"3/19/2022","LA",64
"3/26/2022","LA",74
"4/2/2022","LA",63
"4/9/2022","LA",30
"4/16/2022","LA",48
"4/23/2022","LA",44
"4/30/2022","LA",24
"5/7/2022","LA",35
"5/14/2022","LA",32
"5/21/2022","LA",36
"5/28/2022","LA",14
"6/4/2022","LA",19
"6/11/2022","LA",28
"6/18/2022","LA",12
"6/25/2022","LA",11
"7/2/2022","LA",7
"7/9/2022","LA",1
"7/16/2022","LA",4
"7/23/2022","LA",18
"7/30/2022","LA",4
"8/6/2022","LA",6
"8/13/2022","LA",13
"8/20/2022","LA",8
"8/27/2022","LA",11
"9/3/2022","LA",10
"9/10/2022","LA",16
"9/17/2022","LA",19
"9/24/2022","LA",18
"10/1/2022","LA",47
"10/7/2023","LA",19
"10/14/2023","LA",28
"10/21/2023","LA",31
"10/28/2023","LA",46
"11/4/2023","LA",40
"11/11/2023","LA",65
"11/18/2023","LA",96
"11/25/2023","LA",115
"12/2/2023","LA",121
"12/9/2023","LA",158
"12/16/2023","LA",178
"12/23/2023","LA",306
"12/30/2023","LA",381
"1/6/2024","LA",304
"1/13/2024","LA",252
"1/20/2024","LA",141
"1/27/2024","LA",130
"2/3/2024","LA",123
"2/10/2024","LA",97
"2/17/2024","LA",85
"2/24/2024","LA",94
"3/2/2024","LA",77
"3/9/2024","LA",55
"3/16/2024","LA",40
"3/23/2024","LA",33
"3/30/2024","LA",47
"4/6/2024","LA",32
"4/13/2024","LA",30
"4/20/2024","LA",24
"4/27/2024","LA",17
"5/4/2024","LA",9
"5/11/2024","LA",8
"5/18/2024","LA",3
"5/25/2024","LA",9
"6/1/2024","LA",6
"6/8/2024","LA",5
"6/15/2024","LA",4
"6/22/2024","LA",4
"6/29/2024","LA",5
"7/6/2024","LA",5
"7/13/2024","LA",0
"7/20/2024","LA",5
"7/27/2024","LA",2
"8/3/2024","LA",7
"8/10/2024","LA",5
"8/17/2024","LA",8
"8/24/2024","LA",9
"8/31/2024","LA",1
"9/7/2024","LA",3
"9/14/2024","LA",1
"9/21/2024","LA",4
"9/28/2024","LA",4
"10/9/2021","NE",0
"10/16/2021","NE",1
"10/23/2021","NE",0
"10/30/2021","NE",0
"11/6/2021","NE",0
"11/13/2021","NE",1
"11/20/2021","NE",0
"11/27/2021","NE",3
"12/4/2021","NE",18
"12/11/2021","NE",22
"12/18/2021","NE",11
"12/25/2021","NE",30
"1/1/2022","NE",42
"1/8/2022","NE",31
"1/15/2022","NE",28
"1/22/2022","NE",18
"1/29/2022","NE",24
"2/5/2022","NE",34
"2/12/2022","NE",29
"2/19/2022","NE",32
"2/26/2022","NE",40
"3/5/2022","NE",53
"3/12/2022","NE",43
"3/19/2022","NE",61
"3/26/2022","NE",60
"4/2/2022","NE",25
"4/9/2022","NE",35
"4/16/2022","NE",29
"4/23/2022","NE",16
"4/30/2022","NE",16
"5/7/2022","NE",6
"5/14/2022","NE",4
"5/21/2022","NE",7
"5/28/2022","NE",3
"6/4/2022","NE",6
"6/11/2022","NE",9
"6/18/2022","NE",3
"6/25/2022","NE",6
"7/2/2022","NE",9
"7/9/2022","NE",5
"7/16/2022","NE",7
"7/23/2022","NE",1
"7/30/2022","NE",3
"8/6/2022","NE",3
"8/13/2022","NE",0
"8/20/2022","NE",6
"8/27/2022","NE",9
"9/3/2022","NE",8
"9/10/2022","NE",2
"9/17/2022","NE",9
"9/24/2022","NE",2
"10/1/2022","NE",18
"10/4/2025","NJ",16
"10/11/2025","NJ",14
"10/18/2025","NJ",30
"10/25/2025","NJ",28
"11/1/2025","NJ",35
"11/8/2025","NJ",47
"11/15/2025","NJ",56
"11/22/2025","NJ",73
"11/29/2025","NJ",154
"12/6/2025","NJ",277
"12/13/2025","NJ",588
"12/20/2025","NJ",1082
"12/27/2025","NJ",1466
"1/3/2026","NJ",1724
"1/10/2026","NJ",1208
"1/17/2026","NJ",653
"1/24/2026","NJ",399
"1/31/2026","NJ",298
"2/7/2026","NJ",202
"2/14/2026","NJ",193
"2/21/2026","NJ",231
"2/28/2026","NJ",220
"3/7/2026","NJ",173
"3/14/2026","NJ",171
"3/21/2026","NJ",161
"3/28/2026","NJ",63
"4/4/2026","NJ",65
"4/11/2026","NJ",53
"4/18/2026","NJ",29
"4/25/2026","NJ",44
"5/2/2026","NJ",40
"5/9/2026","NJ",42
"5/16/2026","NJ",37
"5/23/2026","NJ",29
"5/30/2026","NJ",20
"6/6/2026","NJ",21
"6/13/2026","NJ",21
"6/20/2026","NJ",16
"6/27/2026","NJ",14
"7/4/2026","NJ",21
"7/11/2026","NJ",12
"7/18/2026","NJ",11
"7/25/2026","NJ",17
"8/1/2026","NJ",12
"8/8/2026","NJ",20
"8/15/2026","NJ",14
"8/22/2026","NJ",27
"8/29/2026","NJ",22
"9/5/2026","NJ",19
"9/12/2026","NJ",40
"9/19/2026","NJ",30
"9/26/2026","NJ",72
"10/9/2021","OK",14
"10/16/2021","OK",14
"10/23/2021","OK",10
"10/30/2021","OK",6
"11/6/2021","OK",8
"11/13/2021","OK",10
"11/20/2021","OK",10
"11/27/2021","OK",15
"12/4/2021","OK",19
"12/11/2021","OK",32
"12/18/2021","OK",30
"12/25/2021","OK",69
"1/1/2022","OK",147
"1/8/2022","OK",122
"1/15/2022","OK",102
"1/22/2022","OK",34
"1/29/2022","OK",39
"2/5/2022","OK",49
"2/12/2022","OK",68
"2/19/2022","OK",74
"2/26/2022","OK",75
"3/5/2022","OK",82
"3/12/2022","OK",116
"3/19/2022","OK",161
"3/26/2022","OK",156
"4/2/2022","OK",165
"4/9/2022","OK",118
"4/16/2022","OK",100
"4/23/2022","OK",76
"4/30/2022","OK",45
"5/7/2022","OK",34
"5/14/2022","OK",47
"5/21/2022","OK",29
"5/28/2022","OK",39
"6/4/2022","OK",33
"6/11/2022","OK",26
"6/18/2022","OK",28
"6/25/2022","OK",28
"7/2/2022","OK",25
"7/9/2022","OK",26
"7/16/2022","OK",24
"7/23/2022","OK",5
"7/30/2022","OK",6
"8/6/2022","OK",22
"8/13/2022","OK",11
"8/20/2022","OK",4
"8/27/2022","OK",8
"9/3/2022","OK",7
"9/10/2022","OK",11
"9/17/2022","OK",12
"9/24/2022","OK",6
"10/1/2022","OK",8
"10/8/2022","PA",58
"10/15/2022","PA",77
"10/22/2022","PA",90
"10/29/2022","PA",166
"11/5/2022","PA",228
"11/12/2022","PA",343
"11/19/2022","PA",399
"11/26/2022","PA",700
"12/3/2022","PA",1296
"12/10/2022","PA",1184
"12/17/2022","PA",1042
"12/24/2022","PA",1045
"12/31/2022","PA",1099
"1/7/2023","PA",809
"1/14/2023","PA",450
"1/21/2023","PA",302
"1/28/2023","PA",235
"2/4/2023","PA",190
"2/11/2023","PA",180
"2/18/2023","PA",193
"2/25/2023","PA",168
"3/4/2023","PA",169
"3/11/2023","PA",174
"3/18/2023","PA",153
"3/25/2023","PA",154
"4/1/2023","PA",103
"4/8/2023","PA",65
"4/15/2023","PA",66
"4/22/2023","PA",82
"4/29/2023","PA",80
"5/6/2023","PA",46
"5/13/2023","PA",62
"5/20/2023","PA",54
"5/27/2023","PA",57
"6/3/2023","PA",66
"6/10/2023","PA",60
"6/17/2023","PA",56
"6/24/2023","PA",49
"7/1/2023","PA",47
"7/8/2023","PA",46
"7/15/2023","PA",41
"7/22/2023","PA",37
"7/29/2023","PA",36
"8/5/2023","PA",51
"8/12/2023","PA",37
"8/19/2023","PA",37
"8/26/2023","PA",56
"9/2/2023","PA",41
"9/9/2023","PA",43
"9/16/2023","PA",47
"9/23/2023","PA",46
"9/30/2023","PA",58
"10/7/2023","SD",0
"10/14/2023","SD",0
"10/21/2023","SD",2
"10/28/2023","SD",3
"11/4/2023","SD",1
"11/11/2023","SD",2
"11/18/2023","SD",1
"11/25/2023","SD",2
"12/2/2023","SD",7
"12/9/2023","SD",6
"12/16/2023","SD",13
"12/23/2023","SD",33
"12/30/2023","SD",48
"1/6/2024","SD",54
"1/13/2024","SD",32
"1/20/2024","SD",16
"1/27/2024","SD",27
"2/3/2024","SD",23
"2/10/2024","SD",18
"2/17/2024","SD",26
"2/24/2024","SD",42
"3/2/2024","SD",46
"3/9/2024","SD",37
"3/16/2024","SD",43
"3/23/2024","SD",59
"3/30/2024","SD",33
"4/6/2024","SD",37
"4/13/2024","SD",14
"4/20/2024","SD",24
"4/27/2024","SD",14
"5/4/2024","SD",7
"5/11/2024","SD",1
"5/18/2024","SD",0
"5/25/2024","SD",1
"6/1/2024","SD",0
"6/8/2024","SD",0
"6/15/2024","SD",0
"6/22/2024","SD",0
"6/29/2024","SD",0
"7/6/2024","SD",0
"7/13/2024","SD",0
"7/20/2024","SD",0
"7/27/2024","SD",0
"8/3/2024","SD",0
"8/10/2024","SD",0
"8/17/2024","SD",1
"8/24/2024","SD",0
"8/31/2024","SD",1
"9/7/2024","SD",0
"9/14/2024","SD",1
"9/21/2024","SD",2
"9/28/2024","SD",0
"10/4/2025","VA",15
"10/11/2025","VA",18
"10/18/2025","VA",13
"10/25/2025","VA",12
"11/1/2025","VA",15
"11/8/2025","VA",30
"11/15/2025","VA",34
"11/22/2025","VA",62
"11/29/2025","VA",99
"12/6/2025","VA",167
"12/13/2025","VA",195
"12/20/2025","VA",357
"12/27/2025","VA",843
"1/3/2026","VA",1141
"1/10/2026","VA",862
"1/17/2026","VA",461
"1/24/2026","VA",449
"1/31/2026","VA",381
"2/7/2026","VA",279
"2/14/2026","VA",217
"2/21/2026","VA",284
"2/28/2026","VA",211
"3/7/2026","VA",187
"3/14/2026","VA",123
"3/21/2026","VA",89
"3/28/2026","VA",32
"4/4/2026","VA",27
"4/11/2026","VA",22
"4/18/2026","VA",15
"4/25/2026","VA",20
"5/2/2026","VA",24
"5/9/2026","VA",14
"5/16/2026","VA",18
"5/23/2026","VA",13
"5/30/2026","VA",16
"6/6/2026","VA",12
"6/13/2026","VA",20
"6/20/2026","VA",7
"6/27/2026","VA",12
"7/4/2026","VA",11
"7/11/2026","VA",4
"7/18/2026","VA",13
"7/25/2026","VA",15
"8/1/2026","VA",12
"8/8/2026","VA",9
"8/15/2026","VA",9
"8/22/2026","VA",21
"8/29/2026","VA",15
"9/5/2026","VA",16
"9/12/2026","VA",28
"9/19/2026","VA",20
"9/26/2026","VA",37
"10/5/2024","VT",0
"10/12/2024","VT",0
"10/19/2024","VT",1
"10/26/2024","VT",0
"11/2/2024","VT",0
"11/9/2024","VT",0
"11/16/2024","VT",3
"11/23/2024","VT",0
"11/30/2024","VT",3
"12/7/2024","VT",0
"12/14/2024","VT",8
"12/21/2024","VT",8
"12/28/2024","VT",19
"1/4/2025","VT",35
"1/11/2025","VT",35
"1/18/2025","VT",41
"1/25/2025","VT",58
"2/1/2025","VT",84
"2/8/2025","VT",134
"2/15/2025","VT",115
"2/22/2025","VT",107
"3/1/2025","VT",65
"3/8/2025","VT",43
"3/15/2025","VT",32
"3/22/2025","VT",34
"3/29/2025","VT",26
"4/5/2025","VT",28
"4/12/2025","VT",8
"4/19/2025","VT",12
"4/26/2025","VT",13
"5/3/2025","VT",3
"5/10/2025","VT",1
"5/17/2025","VT",2
"5/24/2025","VT",1
"5/31/2025","VT",1
"6/7/2025","VT",0
"6/14/2025","VT",0
"6/21/2025","VT",0
"6/28/2025","VT",0
"7/5/2025","VT",0
"7/12/2025","VT",0
"7/19/2025","VT",0
"7/26/2025","VT",0
"8/2/2025","VT",0
"8/9/2025","VT",0
"8/16/2025","VT",0
"8/23/2025","VT",0
"8/30/2025","VT",1
"9/6/2025","VT",0
"9/13/2025","VT",1
"9/20/2025","VT",0
"9/27/2025","VT",0
"10/4/2025","AK",2
"10/11/2025","AK",0
"10/18/2025","AK",0
"10/25/2025","AK",1
"11/1/2025","AK",0
"11/8/2025","AK",3
"11/15/2025","AK",0
"11/22/2025","AK",3
"11/29/2025","AK",8
"12/6/2025","AK",13
"12/13/2025","AK",13
"12/20/2025","AK",45
"12/27/2025","AK",86
"1/3/2026","AK",75
"1/10/2026","AK",46
"1/17/2026","AK",38
"1/24/2026","AK",26
"1/31/2026","AK",28
"2/7/2026","AK",16
"2/14/2026","AK",15
"2/21/2026","AK",8
"2/28/2026","AK",5
"3/7/2026","AK",16
"3/14/2026","AK",13
"3/21/2026","AK",10
"3/28/2026","AK",9
"4/4/2026","AK",7
"4/11/2026","AK",10
"4/18/2026","AK",3
"4/25/2026","AK",5
"5/2/2026","AK",3
"5/9/2026","AK",4
"5/16/2026","AK",0
"5/23/2026","AK",0
"5/30/2026","AK",2
"6/6/2026","AK",3
"6/13/2026","AK",0
"6/20/2026","AK",3
"6/27/2026","AK",6
"7/4/2026","AK",7
"7/11/2026","AK",4
"7/18/2026","AK",4
"7/25/2026","AK",0
"8/1/2026","AK",2
"8/8/2026","AK",1
"8/15/2026","AK",4
"8/22/2026","AK",3
"8/29/2026","AK",7
"9/5/2026","AK",19
"9/12/2026","AK",22
"9/19/2026","AK",22
"9/26/2026","AK",15
"10/5/2024","DC",0
"10/12/2024","DC",0
"10/19/2024","DC",0
"10/26/2024","DC",0
"11/2/2024","DC",1
"11/9/2024","DC",2
"11/16/2024","DC",1
"11/23/2024","DC",8
"11/30/2024","DC",5
"12/7/2024","DC",2
"12/14/2024","DC",4
"12/21/2024","DC",16
"12/28/2024","DC",38
"1/4/2025","DC",96
"1/11/2025","DC",44
"1/18/2025","DC",58
"1/25/2025","DC",207
"2/1/2025","DC",197
"2/8/2025","DC",259
"2/15/2025","DC",83
"2/22/2025","DC",102
"3/1/2025","DC",120
"3/8/2025","DC",103
"3/15/2025","DC",81
"3/22/2025","DC",67
"3/29/2025","DC",69
"4/5/2025","DC",28
"4/12/2025","DC",8
"4/19/2025","DC",7
"4/26/2025","DC",7
"5/3/2025","DC",4
"5/10/2025","DC",6
"5/17/2025","DC",2
"5/24/2025","DC",2
"5/31/2025","DC",5
"6/7/2025","DC",4
"6/14/2025","DC",2
"6/21/2025","DC",1
"6/28/2025","DC",2
"7/5/2025","DC",0
"7/12/2025","DC",0
"7/19/2025","DC",2
"7/26/2025","DC",0
"8/2/2025","DC",0
"8/9/2025","DC",2
"8/16/2025","DC",1
"8/23/2025","DC",0
"8/30/2025","DC",1
"9/6/2025","DC",0
"9/13/2025","DC",0
"9/20/2025","DC",0
"9/27/2025","DC",1
"10/9/2021","GA",4
"10/16/2021","GA",11
"10/23/2021","GA",13
"10/30/2021","GA",21
"11/6/2021","GA",25
"11/13/2021","GA",36
"11/20/2021","GA",21
"11/27/2021","GA",19
"12/4/2021","GA",49
"12/11/2021","GA",62
"12/18/2021","GA",53
"12/25/2021","GA",52
"1/1/2022","GA",77
"1/8/2022","GA",52
"1/15/2022","GA",38
"1/22/2022","GA",49
"1/29/2022","GA",35
"2/5/2022","GA",53
"2/12/2022","GA",41
"2/19/2022","GA",48
"2/26/2022","GA",44
"3/5/2022","GA",27
"3/12/2022","GA",38
"3/19/2022","GA",35
"3/26/2022","GA",33
"4/2/2022","GA",45
"4/9/2022","GA",33
"4/16/2022","GA",42
"4/23/2022","GA",46
"4/30/2022","GA",36
"5/7/2022","GA",44
"5/14/2022","GA",60
"5/21/2022","GA",55
"5/28/2022","GA",62
"6/4/2022","GA",66
"6/11/2022","GA",48
"6/18/2022","GA",41
"6/25/2022","GA",27
"7/2/2022","GA",35
"7/9/2022","GA",28
"7/16/2022","GA",27
"7/23/2022","GA",28
"7/30/2022","GA",39
"8/6/2022","GA",33
"8/13/2022","GA",19
"8/20/2022","GA",13
"8/27/2022","GA",26
"9/3/2022","GA",20
"9/10/2022","GA",43
"9/17/2022","GA",46
"9/24/2022","GA",55
"10/1/2022","GA",77
"10/8/2022","IL",12
"10/15/2022","IL",28
"10/22/2022","IL",39
"10/29/2022","IL",106
"11/5/2022","IL",154
"11/12/2022","IL",253
"11/19/2022","IL",386
"11/26/2022","IL",797
"12/3/2022","IL",1097
"12/10/2022","IL",945
"12/17/2022","IL",730
"12/24/2022","IL",578
"12/31/2022","IL",555
"1/7/2023","IL",433
"1/14/2023","IL",173
"1/21/2023","IL",68
"1/28/2023","IL",73
"2/4/2023","IL",28
"2/11/2023","IL",31
"2/18/2023","IL",28
"2/25/2023","IL",31
"3/4/2023","IL",24
"3/11/2023","IL",16
"3/18/2023","IL",12
"3/25/2023","IL",30
"4/1/2023","IL",37
"4/8/2023","IL",25
"4/15/2023","IL",37
"4/22/2023","IL",25
"4/29/2023","IL",19
"5/6/2023","IL",24
"5/13/2023","IL",30
"5/20/2023","IL",25
"5/27/2023","IL",37
"6/3/2023","IL",22
"6/10/2023","IL",21
"6/17/2023","IL",20
"6/24/2023","IL",13
"7/1/2023","IL",8
"7/8/2023","IL",11
"7/15/2023","IL",10
"7/22/2023","IL",12
"7/29/2023","IL",10
"8/5/2023","IL",12
"8/12/2023","IL",13
"8/19/2023","IL",9
"8/26/2023","IL",12
"9/2/2023","IL",9
"9/9/2023","IL",15
"9/16/2023","IL",18
"9/23/2023","IL",20
"9/30/2023","IL",18
"10/7/2023","MA",12
"10/14/2023","MA",16
"10/21/2023","MA",14
"10/28/2023","MA",28
"11/4/2023","MA",33
"11/11/2023","MA",32
"11/18/2023","MA",38
"11/25/2023","MA",67
"12/2/2023","MA",99
"12/9/2023","MA",148
"12/16/2023","MA",216
"12/23/2023","MA",317
"12/30/2023","MA",554
"1/6/2024","MA",634
"1/13/2024","MA",518
"1/20/2024","MA",401
"1/27/2024","MA",391
"2/3/2024","MA",446
"2/10/2024","MA",432
"2/17/2024","MA",512
"2/24/2024","MA",463
"3/2/2024","MA",508
"3/9/2024","MA",402
"3/16/2024","MA",323
"3/23/2024","MA",240
"3/30/2024","MA",228
"4/6/2024","MA",227
"4/13/2024","MA",177
"4/20/2024","MA",127
"4/27/2024","MA",69
"5/4/2024","MA",58
"5/11/2024","MA",48
"5/18/2024","MA",NA
"5/25/2024","MA",NA
"6/1/2024","MA",NA
"6/8/2024","MA",NA
"6/15/2024","MA",NA
"6/22/2024","MA",NA
"6/29/2024","MA",0
"7/6/2024","MA",0
"7/13/2024","MA",0
"7/20/2024","MA",0
"7/27/2024","MA",NA
"8/3/2024","MA",NA
"8/10/2024","MA",NA
"8/17/2024","MA",NA
"8/24/2024","MA",NA
"8/31/2024","MA",NA
"9/7/2024","MA",NA
"9/14/2024","MA",NA
"9/21/2024","MA",NA
"9/28/2024","MA",NA
"10/4/2025","MA",17
"10/11/2025","MA",5
"10/18/2025","MA",10
"10/25/2025","MA",13
"11/1/2025","MA",18
"11/8/2025","MA",20
"11/15/2025","MA",36
"11/22/2025","MA",50
"11/29/2025","MA",72
"12/6/2025","MA",129
"12/13/2025","MA",220
"12/20/2025","MA",455
"12/27/2025","MA",878
"1/3/2026","MA",1197
"1/10/2026","MA",856
"1/17/2026","MA",479
"1/24/2026","MA",243
"1/31/2026","MA",222
"2/7/2026","MA",113
"2/14/2026","MA",80
"2/21/2026","MA",84
"2/28/2026","MA",75
"3/7/2026","MA",77
"3/14/2026","MA",54
"3/21/2026","MA",37
"3/28/2026","MA",43
"4/4/2026","MA",35
"4/11/2026","MA",48
"4/18/2026","MA",41
"4/25/2026","MA",27
"5/2/2026","MA",29
"5/9/2026","MA",16
"5/16/2026","MA",16
"5/23/2026","MA",10
"5/30/2026","MA",8
"6/6/2026","MA",3
"6/13/2026","MA",3
"6/20/2026","MA",0
"6/27/2026","MA",4
"7/4/2026","MA",2
"7/11/2026","MA",2
"7/18/2026","MA",0
"7/25/2026","MA",3
"8/1/2026","MA",1
"8/8/2026","MA",2
"8/15/2026","MA",1
"8/22/2026","MA",4
"8/29/2026","MA",4
"9/5/2026","MA",5
"9/12/2026","MA",8
"9/19/2026","MA",4
"9/26/2026","MA",9
"10/7/2023","MD",3
"10/14/2023","MD",3
"10/21/2023","MD",9
"10/28/2023","MD",10
"11/4/2023","MD",15
"11/11/2023","MD",19
"11/18/2023","MD",27
"11/25/2023","MD",22
"12/2/2023","MD",60
"12/9/2023","MD",78
"12/16/2023","MD",115
"12/23/2023","MD",207
"12/30/2023","MD",328
"1/6/2024","MD",322
"1/13/2024","MD",245
"1/20/2024","MD",198
"1/27/2024","MD",171
"2/3/2024","MD",113
"2/10/2024","MD",111
"2/17/2024","MD",123
"2/24/2024","MD",118
"3/2/2024","MD",176
"3/9/2024","MD",170
"3/16/2024","MD",114
"3/23/2024","MD",75
"3/30/2024","MD",76
"4/6/2024","MD",88
"4/13/2024","MD",55
"4/20/2024","MD",38
"4/27/2024","MD",20
"5/4/2024","MD",10
"5/11/2024","MD",5
"5/18/2024","MD",0
"5/25/2024","MD",0
"6/1/2024","MD",5
"6/8/2024","MD",3
"6/15/2024","MD",0
"6/22/2024","MD",0
"6/29/2024","MD",2
"7/6/2024","MD",1
"7/13/2024","MD",0
"7/20/2024","MD",0
"7/27/2024","MD",0
"8/3/2024","MD",1
"8/10/2024","MD",0
"8/17/2024","MD",2
"8/24/2024","MD",2
"8/31/2024","MD",0
"9/7/2024","MD",0
"9/14/2024","MD",3
"9/21/2024","MD",5
"9/28/2024","MD",1
"10/9/2021","ME",0
"10/16/2021","ME",0
"10/23/2021","ME",0
"10/30/2021","ME",0
"11/6/2021","ME",0
"11/13/2021","ME",0
"11/20/2021","ME",0
"11/27/2021","ME",0
"12/4/2021","ME",6
"12/11/2021","ME",2
"12/18/2021","ME",1
"12/25/2021","ME",1
"1/1/2022","ME",2
"1/8/2022","ME",4
"1/15/2022","ME",0
"1/22/2022","ME",0
"1/29/2022","ME",1
"2/5/2022","ME",3
"2/12/2022","ME",5
"2/19/2022","ME",5
"2/26/2022","ME",2
"3/5/2022","ME",2
"3/12/2022","ME",2
"3/19/2022","ME",1
"3/26/2022","ME",3
"4/2/2022","ME",9
"4/9/2022","ME",11
"4/16/2022","ME",15
"4/23/2022","ME",20
"4/30/2022","ME",30
"5/7/2022","ME",8
"5/14/2022","ME",37
"5/21/2022","ME",36
"5/28/2022","ME",15
"6/4/2022","ME",12
"6/11/2022","ME",57
"6/18/2022","ME",3
"6/25/2022","ME",5
"7/2/2022","ME",2
"7/9/2022","ME",1
"7/16/2022","ME",0
"7/23/2022","ME",1
"7/30/2022","ME",0
"8/6/2022","ME",0
"8/13/2022","ME",2
"8/20/2022","ME",0
"8/27/2022","ME",0
"9/3/2022","ME",0
"9/10/2022","ME",0
"9/17/2022","ME",0
"9/24/2022","ME",0
"10/1/2022","ME",0
"10/7/2023","ME",5
"10/14/2023","ME",4
"10/21/2023","ME",2
"10/28/2023","ME",4
"11/4/2023","ME",1
"11/11/2023","ME",4
"11/18/2023","ME",2
"11/25/2023","ME",19
"12/2/2023","ME",9
"12/9/2023","ME",15
"12/16/2023","ME",20
"12/23/2023","ME",16
"12/30/2023","ME",51
"1/6/2024","ME",58
"1/13/2024","ME",47
"1/20/2024","ME",40
"1/27/2024","ME",34
"2/3/2024","ME",64
"2/10/2024","ME",77
"2/17/2024","ME",86
"2/24/2024","ME",67
"3/2/2024","ME",64
"3/9/2024","ME",50
"3/16/2024","ME",33
"3/23/2024","ME",26
"3/30/2024","ME",23
"4/6/2024","ME",24
"4/13/2024","ME",15
"4/20/2024","ME",16
"4/27/2024","ME",14
"5/4/2024","ME",9
"5/11/2024","ME",8
"5/18/2024","ME",3
"5/25/2024","ME",5
"6/1/2024","ME",5
"6/8/2024","ME",1
"6/15/2024","ME",3
"6/22/2024","ME",1
"6/29/2024","ME",1
"7/6/2024","ME",0
"7/13/2024","ME",4
"7/20/2024","ME",2
"7/27/2024","ME",0
"8/3/2024","ME",2
"8/10/2024","ME",3
"8/17/2024","ME",1
"8/24/2024","ME",5
"8/31/2024","ME",3
"9/7/2024","ME",3
"9/14/2024","ME",0
"9/21/2024","ME",1
"9/28/2024","ME",3
"10/4/2025","NC",19
"10/11/2025","NC",22
"10/18/2025","NC",23
"10/25/2025","NC",22
"11/1/2025","NC",27
"11/8/2025","NC",43
"11/15/2025","NC",174
"11/22/2025","NC",115
"11/29/2025","NC",159
"12/6/2025","NC",305
"12/13/2025","NC",525
"12/20/2025","NC",1201
"12/27/2025","NC",2461
"1/3/2026","NC",2374
"1/10/2026","NC",1360
"1/17/2026","NC",617
"1/24/2026","NC",497
"1/31/2026","NC",418
"2/7/2026","NC",369
"2/14/2026","NC",266
"2/21/2026","NC",298
"2/28/2026","NC",233
"3/7/2026","NC",199
"3/14/2026","NC",137
"3/21/2026","NC",82
"3/28/2026","NC",47
"4/4/2026","NC",35
"4/11/2026","NC",26
"4/18/2026","NC",13
"4/25/2026","NC",19
"5/2/2026","NC",15
"5/9/2026","NC",21
"5/16/2026","NC",15
"5/23/2026","NC",12
"5/30/2026","NC",7
"6/6/2026","NC",11
"6/13/2026","NC",10
"6/20/2026","NC",5
"6/27/2026","NC",6
"7/4/2026","NC",8
"7/11/2026","NC",7
"7/18/2026","NC",10
"7/25/2026","NC",6
"8/1/2026","NC",12
"8/8/2026","NC",9
"8/15/2026","NC",4
"8/22/2026","NC",13
"8/29/2026","NC",12
"9/5/2026","NC",18
"9/12/2026","NC",15
"9/19/2026","NC",32
"9/26/2026","NC",50
"10/5/2024","ND",0
"10/12/2024","ND",1
"10/19/2024","ND",0
"10/26/2024","ND",0
"11/2/2024","ND",1
"11/9/2024","ND",0
"11/16/2024","ND",1
"11/23/2024","ND",3
"11/30/2024","ND",1
"12/7/2024","ND",2
"12/14/2024","ND",5
"12/21/2024","ND",8
"12/28/2024","ND",22
"1/4/2025","ND",56
"1/11/2025","ND",37
"1/18/2025","ND",60
"1/25/2025","ND",89
"2/1/2025","ND",103
"2/8/2025","ND",125
"2/15/2025","ND",85
"2/22/2025","ND",63
"3/1/2025","ND",47
"3/8/2025","ND",31
"3/15/2025","ND",36
"3/22/2025","ND",24
"3/29/2025","ND",25
"4/5/2025","ND",14
"4/12/2025","ND",12
"4/19/2025","ND",13
"4/26/2025","ND",11
"5/3/2025","ND",8
"5/10/2025","ND",5
"5/17/2025","ND",7
"5/24/2025","ND",3
"5/31/2025","ND",1
"6/7/2025","ND",5
"6/14/2025","ND",4
"6/21/2025","ND",3
"6/28/2025","ND",1
"7/5/2025","ND",4
"7/12/2025","ND",0
"7/19/2025","ND",1
"7/26/2025","ND",0
"8/2/2025","ND",2
"8/9/2025","ND",4
"8/16/2025","ND",3
"8/23/2025","ND",0
"8/30/2025","ND",1
"9/6/2025","ND",2
"9/13/2025","ND",4
"9/20/2025","ND",2
"9/27/2025","ND",0
"10/3/2020","NE",NA
"10/10/2020","NE",NA
"10/17/2020","NE",0
"10/24/2020","NE",0
"10/31/2020","NE",0
"11/7/2020","NE",2
"11/14/2020","NE",3
"11/21/2020","NE",1
"11/28/2020","NE",0
"12/5/2020","NE",2
"12/12/2020","NE",4
"12/19/2020","NE",4
"12/26/2020","NE",2
"1/2/2021","NE",0
"1/9/2021","NE",2
"1/16/2021","NE",4
"1/23/2021","NE",1
"1/30/2021","NE",1
"2/6/2021","NE",0
"2/13/2021","NE",1
"2/20/2021","NE",5
"2/27/2021","NE",7
"3/6/2021","NE",4
"3/13/2021","NE",5
"3/20/2021","NE",0
"3/27/2021","NE",1
"4/3/2021","NE",4
"4/10/2021","NE",1
"4/17/2021","NE",6
"4/24/2021","NE",5
"5/1/2021","NE",0
"5/8/2021","NE",0
"5/15/2021","NE",0
"5/22/2021","NE",5
"5/29/2021","NE",0
"6/5/2021","NE",0
"6/12/2021","NE",0
"6/19/2021","NE",0
"6/26/2021","NE",0
"7/3/2021","NE",0
"7/10/2021","NE",0
"7/17/2021","NE",0
"7/24/2021","NE",0
"7/31/2021","NE",0
"8/7/2021","NE",0
"8/14/2021","NE",0
"8/21/2021","NE",0
"8/28/2021","NE",1
"9/4/2021","NE",0
"9/11/2021","NE",1
"9/18/2021","NE",1
"9/25/2021","NE",2
"10/2/2021","NE",0
"10/3/2020","NM",NA
"10/10/2020","NM",NA
"10/17/2020","NM",NA
"10/24/2020","NM",1
"10/31/2020","NM",5
"11/7/2020","NM",10
"11/14/2020","NM",7
"11/21/2020","NM",0
"11/28/2020","NM",1
"12/5/2020","NM",0
"12/12/2020","NM",1
"12/19/2020","NM",4
"12/26/2020","NM",2
"1/2/2021","NM",1
"1/9/2021","NM",3
"1/16/2021","NM",3
"1/23/2021","NM",10
"1/30/2021","NM",2
"2/6/2021","NM",4
"2/13/2021","NM",4
"2/20/2021","NM",1
"2/27/2021","NM",1
"3/6/2021","NM",1
"3/13/2021","NM",0
"3/20/2021","NM",1
"3/27/2021","NM",0
"4/3/2021","NM",0
"4/10/2021","NM",2
"4/17/2021","NM",1
"4/24/2021","NM",0
"5/1/2021","NM",0
"5/8/2021","NM",0
"5/15/2021","NM",0
"5/22/2021","NM",1
"5/29/2021","NM",0
"6/5/2021","NM",3
"6/12/2021","NM",2
"6/19/2021","NM",0
"6/26/2021","NM",1
"7/3/2021","NM",0
"7/10/2021","NM",0
"7/17/2021","NM",0
"7/24/2021","NM",3
"7/31/2021","NM",1
"8/7/2021","NM",3
"8/14/2021","NM",1
"8/21/2021","NM",1
"8/28/2021","NM",0
"9/4/2021","NM",2
"9/11/2021","NM",0
"9/18/2021","NM",0
"9/25/2021","NM",1
"10/2/2021","NM",2
"8/8/2020","OH",NA
"8/15/2020","OH",NA
"8/22/2020","OH",NA
"8/29/2020","OH",NA
"9/5/2020","OH",NA
"9/12/2020","OH",NA
"9/19/2020","OH",NA
"9/26/2020","OH",NA
"10/8/2022","SC",33
"10/15/2022","SC",42
"10/22/2022","SC",70
"10/29/2022","SC",156
"11/5/2022","SC",248
"11/12/2022","SC",256
"11/19/2022","SC",228
"11/26/2022","SC",215
"12/3/2022","SC",245
"12/10/2022","SC",160
"12/17/2022","SC",149
"12/24/2022","SC",118
"12/31/2022","SC",157
"1/7/2023","SC",161
"1/14/2023","SC",79
"1/21/2023","SC",58
"1/28/2023","SC",41
"2/4/2023","SC",40
"2/11/2023","SC",46
"2/18/2023","SC",43
"2/25/2023","SC",41
"3/4/2023","SC",29
"3/11/2023","SC",31
"3/18/2023","SC",21
"3/25/2023","SC",24
"4/1/2023","SC",20
"4/8/2023","SC",24
"4/15/2023","SC",22
"4/22/2023","SC",21
"4/29/2023","SC",27
"5/6/2023","SC",17
"5/13/2023","SC",23
"5/20/2023","SC",21
"5/27/2023","SC",17
"6/3/2023","SC",26
"6/10/2023","SC",21
"6/17/2023","SC",23
"6/24/2023","SC",23
"7/1/2023","SC",20
"7/8/2023","SC",14
"7/15/2023","SC",18
"7/22/2023","SC",16
"7/29/2023","SC",20
"8/5/2023","SC",18
"8/12/2023","SC",8
"8/19/2023","SC",15
"8/26/2023","SC",20
"9/2/2023","SC",9
"9/9/2023","SC",22
"9/16/2023","SC",25
"9/23/2023","SC",26
"9/30/2023","SC",28
"10/4/2025","SD",1
"10/11/2025","SD",2
"10/18/2025","SD",2
"10/25/2025","SD",2
"11/1/2025","SD",0
"11/8/2025","SD",0
"11/15/2025","SD",1
"11/22/2025","SD",3
"11/29/2025","SD",1
"12/6/2025","SD",5
"12/13/2025","SD",10
"12/20/2025","SD",26
"12/27/2025","SD",60
"1/3/2026","SD",108
"1/10/2026","SD",64
"1/17/2026","SD",78
"1/24/2026","SD",67
"1/31/2026","SD",61
"2/7/2026","SD",57
"2/14/2026","SD",47
"2/21/2026","SD",55
"2/28/2026","SD",49
"3/7/2026","SD",40
"3/14/2026","SD",21
"3/21/2026","SD",27
"3/28/2026","SD",13
"4/4/2026","SD",11
"4/11/2026","SD",10
"4/18/2026","SD",5
"4/25/2026","SD",8
"5/2/2026","SD",5
"5/9/2026","SD",7
"5/16/2026","SD",4
"5/23/2026","SD",6
"5/30/2026","SD",0
"6/6/2026","SD",2
"6/13/2026","SD",3
"6/20/2026","SD",1
"6/27/2026","SD",2
"7/4/2026","SD",1
"7/11/2026","SD",0
"7/18/2026","SD",2
"7/25/2026","SD",1
"8/1/2026","SD",0
"8/8/2026","SD",2
"8/15/2026","SD",4
"8/22/2026","SD",2
"8/29/2026","SD",2
"9/5/2026","SD",2
"9/12/2026","SD",3
"9/19/2026","SD",5
"9/26/2026","SD",1
"10/8/2022","VT",1
"10/15/2022","VT",0
"10/22/2022","VT",0
"10/29/2022","VT",1
"11/5/2022","VT",0
"11/12/2022","VT",1
"11/19/2022","VT",2
"11/26/2022","VT",13
"12/3/2022","VT",31
"12/10/2022","VT",45
"12/17/2022","VT",56
"12/24/2022","VT",64
"12/31/2022","VT",81
"1/7/2023","VT",51
"1/14/2023","VT",12
"1/21/2023","VT",10
"1/28/2023","VT",5
"2/4/2023","VT",3
"2/11/2023","VT",0
"2/18/2023","VT",2
"2/25/2023","VT",2
"3/4/2023","VT",1
"3/11/2023","VT",5
"3/18/2023","VT",2
"3/25/2023","VT",4
"4/1/2023","VT",0
"4/8/2023","VT",0
"4/15/2023","VT",1
"4/22/2023","VT",0
"4/29/2023","VT",2
"5/6/2023","VT",0
"5/13/2023","VT",0
"5/20/2023","VT",2
"5/27/2023","VT",0
"6/3/2023","VT",0
"6/10/2023","VT",0
"6/17/2023","VT",0
"6/24/2023","VT",0
"7/1/2023","VT",1
"7/8/2023","VT",0
"7/15/2023","VT",0
"7/22/2023","VT",0
"7/29/2023","VT",0
"8/5/2023","VT",0
"8/12/2023","VT",0
"8/19/2023","VT",0
"8/26/2023","VT",0
"9/2/2023","VT",0
"9/9/2023","VT",1
"9/16/2023","VT",0
"9/23/2023","VT",1
"9/30/2023","VT",1
"10/5/2024","ID",0
"10/12/2024","ID",3
"10/19/2024","ID",6
"10/26/2024","ID",1
"11/2/2024","ID",6
"11/9/2024","ID",8
"11/16/2024","ID",12
"11/23/2024","ID",32
"11/30/2024","ID",63
"12/7/2024","ID",78
"12/14/2024","ID",110
"12/21/2024","ID",188
"12/28/2024","ID",333
"1/4/2025","ID",252
"1/11/2025","ID",136
"1/18/2025","ID",125
"1/25/2025","ID",105
"2/1/2025","ID",162
"2/8/2025","ID",175
"2/15/2025","ID",152
"2/22/2025","ID",152
"3/1/2025","ID",124
"3/8/2025","ID",95
"3/15/2025","ID",99
"3/22/2025","ID",83
"3/29/2025","ID",50
"4/5/2025","ID",27
"4/12/2025","ID",27
"4/19/2025","ID",13
"4/26/2025","ID",21
"5/3/2025","ID",16
"5/10/2025","ID",11
"5/17/2025","ID",11
"5/24/2025","ID",11
"5/31/2025","ID",5
"6/7/2025","ID",7
"6/14/2025","ID",9
"6/21/2025","ID",7
"6/28/2025","ID",1
"7/5/2025","ID",5
"7/12/2025","ID",4
"7/19/2025","ID",2
"7/26/2025","ID",2
"8/2/2025","ID",2
"8/9/2025","ID",2
"8/16/2025","ID",1
"8/23/2025","ID",1
"8/30/2025","ID",3
"9/6/2025","ID",0
"9/13/2025","ID",3
"9/20/2025","ID",1
"9/27/2025","ID",0
"10/3/2020","IL",NA
"10/10/2020","IL",NA
"10/17/2020","IL",0
"10/24/2020","IL",1
"10/31/2020","IL",3
"11/7/2020","IL",7
"11/14/2020","IL",3
"11/21/2020","IL",5
"11/28/2020","IL",11
"12/5/2020","IL",6
"12/12/2020","IL",2
"12/19/2020","IL",3
"12/26/2020","IL",3
"1/2/2021","IL",8
"1/9/2021","IL",10
"1/16/2021","IL",4
"1/23/2021","IL",1
"1/30/2021","IL",1
"2/6/2021","IL",8
"2/13/2021","IL",1
"2/20/2021","IL",1
"2/27/2021","IL",2
"3/6/2021","IL",2
"3/13/2021","IL",0
"3/20/2021","IL",0
"3/27/2021","IL",2
"4/3/2021","IL",7
"4/10/2021","IL",7
"4/17/2021","IL",3
"4/24/2021","IL",1
"5/1/2021","IL",3
"5/8/2021","IL",1
"5/15/2021","IL",2
"5/22/2021","IL",3
"5/29/2021","IL",2
"6/5/2021","IL",3
"6/12/2021","IL",1
"6/19/2021","IL",3
"6/26/2021","IL",4
"7/3/2021","IL",4
"7/10/2021","IL",5
"7/17/2021","IL",5
"7/24/2021","IL",6
"7/31/2021","IL",6
"8/7/2021","IL",6
"8/14/2021","IL",5
"8/21/2021","IL",4
"8/28/2021","IL",0
"9/4/2021","IL",1
"9/11/2021","IL",1
"9/18/2021","IL",0
"9/25/2021","IL",0
"10/2/2021","IL",1
"10/3/2020","ME",NA
"10/10/2020","ME",NA
"10/17/2020","ME",0
"10/24/2020","ME",0
"10/31/2020","ME",0
"11/7/2020","ME",0
"11/14/2020","ME",0
"11/21/2020","ME",0
"11/28/2020","ME",0
"12/5/2020","ME",0
"12/12/2020","ME",0
"12/19/2020","ME",0
"12/26/2020","ME",0
"1/2/2021","ME",0
"1/9/2021","ME",0
"1/16/2021","ME",0
"1/23/2021","ME",0
"1/30/2021","ME",0
"2/6/2021","ME",0
"2/13/2021","ME",1
"2/20/2021","ME",1
"2/27/2021","ME",0
"3/6/2021","ME",2
"3/13/2021","ME",0
"3/20/2021","ME",1
"3/27/2021","ME",0
"4/3/2021","ME",0
"4/10/2021","ME",0
"4/17/2021","ME",0
"4/24/2021","ME",0
"5/1/2021","ME",0
"5/8/2021","ME",1
"5/15/2021","ME",0
"5/22/2021","ME",0
"5/29/2021","ME",0
"6/5/2021","ME",0
"6/12/2021","ME",0
"6/19/2021","ME",0
"6/26/2021","ME",0
"7/3/2021","ME",0
"7/10/2021","ME",0
"7/17/2021","ME",0
"7/24/2021","ME",0
"7/31/2021","ME",0
"8/7/2021","ME",0
"8/14/2021","ME",0
"8/21/2021","ME",0
"8/28/2021","ME",0
"9/4/2021","ME",0
"9/11/2021","ME",0
"9/18/2021","ME",0
"9/25/2021","ME",0
"10/2/2021","ME",0
"10/7/2023","MN",3
"10/14/2023","MN",6
"10/21/2023","MN",4
"10/28/2023","MN",4
"11/4/2023","MN",9
"11/11/2023","MN",18
"11/18/2023","MN",15
"11/25/2023","MN",24
"12/2/2023","MN",34
"12/9/2023","MN",48
"12/16/2023","MN",78
"12/23/2023","MN",110
"12/30/2023","MN",189
"1/6/2024","MN",168
"1/13/2024","MN",161
"1/20/2024","MN",123
"1/27/2024","MN",144
"2/3/2024","MN",150
"2/10/2024","MN",164
"2/17/2024","MN",173
"2/24/2024","MN",158
"3/2/2024","MN",182
"3/9/2024","MN",174
"3/16/2024","MN",164
"3/23/2024","MN",133
"3/30/2024","MN",124
"4/6/2024","MN",111
"4/13/2024","MN",79
"4/20/2024","MN",53
"4/27/2024","MN",39
"5/4/2024","MN",18
"5/11/2024","MN",0
"5/18/2024","MN",NA
"5/25/2024","MN",NA
"6/1/2024","MN",NA
"6/8/2024","MN",NA
"6/15/2024","MN",NA
"6/22/2024","MN",NA
"6/29/2024","MN",0
"7/6/2024","MN",0
"7/13/2024","MN",0
"7/20/2024","MN",0
"7/27/2024","MN",NA
"8/3/2024","MN",NA
"8/10/2024","MN",NA
"8/17/2024","MN",NA
"8/24/2024","MN",NA
"8/31/2024","MN",NA
"9/7/2024","MN",0
"9/14/2024","MN",0
"9/21/2024","MN",NA
"9/28/2024","MN",0
"10/9/2021","MO",0
"10/16/2021","MO",3
"10/23/2021","MO",0
"10/30/2021","MO",6
"11/6/2021","MO",7
"11/13/2021","MO",8
"11/20/2021","MO",5
"11/27/2021","MO",14
"12/4/2021","MO",26
"12/11/2021","MO",37
"12/18/2021","MO",44
"12/25/2021","MO",78
"1/1/2022","MO",123
"1/8/2022","MO",81
"1/15/2022","MO",71
"1/22/2022","MO",52
"1/29/2022","MO",53
"2/5/2022","MO",47
"2/12/2022","MO",46
"2/19/2022","MO",55
"2/26/2022","MO",50
"3/5/2022","MO",72
"3/12/2022","MO",67
"3/19/2022","MO",90
"3/26/2022","MO",79
"4/2/2022","MO",91
"4/9/2022","MO",77
"4/16/2022","MO",77
"4/23/2022","MO",70
"4/30/2022","MO",55
"5/7/2022","MO",66
"5/14/2022","MO",39
"5/21/2022","MO",33
"5/28/2022","MO",22
"6/4/2022","MO",28
"6/11/2022","MO",17
"6/18/2022","MO",23
"6/25/2022","MO",19
"7/2/2022","MO",11
"7/9/2022","MO",14
"7/16/2022","MO",12
"7/23/2022","MO",25
"7/30/2022","MO",12
"8/6/2022","MO",23
"8/13/2022","MO",12
"8/20/2022","MO",15
"8/27/2022","MO",2
"9/3/2022","MO",8
"9/10/2022","MO",4
"9/17/2022","MO",6
"9/24/2022","MO",8
"10/1/2022","MO",12
"10/7/2023","MO",24
"10/14/2023","MO",25
"10/21/2023","MO",17
"10/28/2023","MO",17
"11/4/2023","MO",24
"11/11/2023","MO",40
"11/18/2023","MO",40
"11/25/2023","MO",58
"12/2/2023","MO",85
"12/9/2023","MO",140
"12/16/2023","MO",154
"12/23/2023","MO",224
"12/30/2023","MO",369
"1/6/2024","MO",345
"1/13/2024","MO",316
"1/20/2024","MO",266
"1/27/2024","MO",272
"2/3/2024","MO",301
"2/10/2024","MO",344
"2/17/2024","MO",354
"2/24/2024","MO",454
"3/2/2024","MO",443
"3/9/2024","MO",408
"3/16/2024","MO",278
"3/23/2024","MO",192
"3/30/2024","MO",193
"4/6/2024","MO",146
"4/13/2024","MO",108
"4/20/2024","MO",83
"4/27/2024","MO",59
"5/4/2024","MO",33
"5/11/2024","MO",18
"5/18/2024","MO",11
"5/25/2024","MO",10
"6/1/2024","MO",6
"6/8/2024","MO",4
"6/15/2024","MO",3
"6/22/2024","MO",3
"6/29/2024","MO",5
"7/6/2024","MO",0
"7/13/2024","MO",1
"7/20/2024","MO",3
"7/27/2024","MO",4
"8/3/2024","MO",1
"8/10/2024","MO",3
"8/17/2024","MO",3
"8/24/2024","MO",1
"8/31/2024","MO",2
"9/7/2024","MO",1
"9/14/2024","MO",3
"9/21/2024","MO",1
"9/28/2024","MO",4
"10/8/2022","MT",0
"10/15/2022","MT",0
"10/22/2022","MT",0
"10/29/2022","MT",3
"11/5/2022","MT",6
"11/12/2022","MT",11
"11/19/2022","MT",13
"11/26/2022","MT",44
"12/3/2022","MT",65
"12/10/2022","MT",100
"12/17/2022","MT",99
"12/24/2022","MT",60
"12/31/2022","MT",91
"1/7/2023","MT",60
"1/14/2023","MT",39
"1/21/2023","MT",16
"1/28/2023","MT",9
"2/4/2023","MT",9
"2/11/2023","MT",2
"2/18/2023","MT",6
"2/25/2023","MT",3
"3/4/2023","MT",6
"3/11/2023","MT",3
"3/18/2023","MT",2
"3/25/2023","MT",1
"4/1/2023","MT",1
"4/8/2023","MT",0
"4/15/2023","MT",0
"4/22/2023","MT",2
"4/29/2023","MT",0
"5/6/2023","MT",0
"5/13/2023","MT",0
"5/20/2023","MT",2
"5/27/2023","MT",3
"6/3/2023","MT",0
"6/10/2023","MT",2
"6/17/2023","MT",2
"6/24/2023","MT",1
"7/1/2023","MT",1
"7/8/2023","MT",0
"7/15/2023","MT",1
"7/22/2023","MT",0
"7/29/2023","MT",0
"8/5/2023","MT",0
"8/12/2023","MT",0
"8/19/2023","MT",0
"8/26/2023","MT",0
"9/2/2023","MT",0
"9/9/2023","MT",1
"9/16/2023","MT",1
"9/23/2023","MT",3
"9/30/2023","MT",4
"10/8/2022","NC",20
"10/15/2022","NC",34
"10/22/2022","NC",71
"10/29/2022","NC",185
"11/5/2022","NC",283
"11/12/2022","NC",351
"11/19/2022","NC",369
"11/26/2022","NC",430
"12/3/2022","NC",638
"12/10/2022","NC",395
"12/17/2022","NC",319
"12/24/2022","NC",298
"12/31/2022","NC",299
"1/7/2023","NC",222
"1/14/2023","NC",131
"1/21/2023","NC",63
"1/28/2023","NC",41
"2/4/2023","NC",40
"2/11/2023","NC",55
"2/18/2023","NC",46
"2/25/2023","NC",28
"3/4/2023","NC",34
"3/11/2023","NC",25
"3/18/2023","NC",32
"3/25/2023","NC",20
"4/1/2023","NC",12
"4/8/2023","NC",22
"4/15/2023","NC",25
"4/22/2023","NC",13
"4/29/2023","NC",10
"5/6/2023","NC",7
"5/13/2023","NC",16
"5/20/2023","NC",11
"5/27/2023","NC",5
"6/3/2023","NC",14
"6/10/2023","NC",12
"6/17/2023","NC",18
"6/24/2023","NC",16
"7/1/2023","NC",17
"7/8/2023","NC",10
"7/15/2023","NC",13
"7/22/2023","NC",5
"7/29/2023","NC",9
"8/5/2023","NC",8
"8/12/2023","NC",13
"8/19/2023","NC",14
"8/26/2023","NC",8
"9/2/2023","NC",18
"9/9/2023","NC",7
"9/16/2023","NC",11
"9/23/2023","NC",13
"9/30/2023","NC",10
"10/8/2022","ND",0
"10/15/2022","ND",1
"10/22/2022","ND",2
"10/29/2022","ND",2
"11/5/2022","ND",6
"11/12/2022","ND",10
"11/19/2022","ND",11
"11/26/2022","ND",22
"12/3/2022","ND",49
"12/10/2022","ND",33
"12/17/2022","ND",65
"12/24/2022","ND",72
"12/31/2022","ND",82
"1/7/2023","ND",69
"1/14/2023","ND",51
"1/21/2023","ND",28
"1/28/2023","ND",23
"2/4/2023","ND",9
"2/11/2023","ND",15
"2/18/2023","ND",10
"2/25/2023","ND",9
"3/4/2023","ND",5
"3/11/2023","ND",5
"3/18/2023","ND",11
"3/25/2023","ND",0
"4/1/2023","ND",0
"4/8/2023","ND",7
"4/15/2023","ND",5
"4/22/2023","ND",3
"4/29/2023","ND",5
"5/6/2023","ND",5
"5/13/2023","ND",2
"5/20/2023","ND",12
"5/27/2023","ND",3
"6/3/2023","ND",1
"6/10/2023","ND",1
"6/17/2023","ND",2
"6/24/2023","ND",1
"7/1/2023","ND",1
"7/8/2023","ND",0
"7/15/2023","ND",1
"7/22/2023","ND",1
"7/29/2023","ND",1
"8/5/2023","ND",0
"8/12/2023","ND",5
"8/19/2023","ND",0
"8/26/2023","ND",1
"9/2/2023","ND",0
"9/9/2023","ND",0
"9/16/2023","ND",0
"9/23/2023","ND",1
"9/30/2023","ND",3
"10/5/2024","NE",0
"10/12/2024","NE",0
"10/19/2024","NE",0
"10/26/2024","NE",1
"11/2/2024","NE",2
"11/9/2024","NE",4
"11/16/2024","NE",6
"11/23/2024","NE",5
"11/30/2024","NE",11
"12/7/2024","NE",13
"12/14/2024","NE",19
"12/21/2024","NE",78
"12/28/2024","NE",131
"1/4/2025","NE",211
"1/11/2025","NE",171
"1/18/2025","NE",128
"1/25/2025","NE",182
"2/1/2025","NE",308
"2/8/2025","NE",319
"2/15/2025","NE",311
"2/22/2025","NE",297
"3/1/2025","NE",197
"3/8/2025","NE",153
"3/15/2025","NE",80
"3/22/2025","NE",58
"3/29/2025","NE",39
"4/5/2025","NE",14
"4/12/2025","NE",16
"4/19/2025","NE",14
"4/26/2025","NE",12
"5/3/2025","NE",3
"5/10/2025","NE",10
"5/17/2025","NE",5
"5/24/2025","NE",2
"5/31/2025","NE",2
"6/7/2025","NE",4
"6/14/2025","NE",0
"6/21/2025","NE",0
"6/28/2025","NE",0
"7/5/2025","NE",1
"7/12/2025","NE",1
"7/19/2025","NE",2
"7/26/2025","NE",2
"8/2/2025","NE",1
"8/9/2025","NE",0
"8/16/2025","NE",1
"8/23/2025","NE",2
"8/30/2025","NE",5
"9/6/2025","NE",3
"9/13/2025","NE",3
"9/20/2025","NE",3
"9/27/2025","NE",3
"10/5/2024","NV",1
"10/12/2024","NV",0
"10/19/2024","NV",5
"10/26/2024","NV",5
"11/2/2024","NV",11
"11/9/2024","NV",25
"11/16/2024","NV",43
"11/23/2024","NV",49
"11/30/2024","NV",61
"12/7/2024","NV",83
"12/14/2024","NV",114
"12/21/2024","NV",208
"12/28/2024","NV",260
"1/4/2025","NV",387
"1/11/2025","NV",262
"1/18/2025","NV",190
"1/25/2025","NV",198
"2/1/2025","NV",179
"2/8/2025","NV",222
"2/15/2025","NV",148
"2/22/2025","NV",123
"3/1/2025","NV",97
"3/8/2025","NV",79
"3/15/2025","NV",88
"3/22/2025","NV",81
"3/29/2025","NV",70
"4/5/2025","NV",41
"4/12/2025","NV",49
"4/19/2025","NV",41
"4/26/2025","NV",29
"5/3/2025","NV",19
"5/10/2025","NV",21
"5/17/2025","NV",16
"5/24/2025","NV",26
"5/31/2025","NV",15
"6/7/2025","NV",13
"6/14/2025","NV",16
"6/21/2025","NV",12
"6/28/2025","NV",10
"7/5/2025","NV",8
"7/12/2025","NV",4
"7/19/2025","NV",9
"7/26/2025","NV",6
"8/2/2025","NV",14
"8/9/2025","NV",4
"8/16/2025","NV",7
"8/23/2025","NV",3
"8/30/2025","NV",3
"9/6/2025","NV",5
"9/13/2025","NV",8
"9/20/2025","NV",9
"9/27/2025","NV",4
"10/8/2022","NY",38
"10/15/2022","NY",48
"10/22/2022","NY",41
"10/29/2022","NY",105
"11/5/2022","NY",189
"11/12/2022","NY",268
"11/19/2022","NY",466
"11/26/2022","NY",765
"12/3/2022","NY",1308
"12/10/2022","NY",1469
"12/17/2022","NY",1698
"12/24/2022","NY",1503
"12/31/2022","NY",1291
"1/7/2023","NY",944
"1/14/2023","NY",513
"1/21/2023","NY",309
"1/28/2023","NY",236
"2/4/2023","NY",145
"2/11/2023","NY",103
"2/18/2023","NY",85
"2/25/2023","NY",55
"3/4/2023","NY",49
"3/11/2023","NY",55
"3/18/2023","NY",63
"3/25/2023","NY",105
"4/1/2023","NY",74
"4/8/2023","NY",78
"4/15/2023","NY",75
"4/22/2023","NY",47
"4/29/2023","NY",37
"5/6/2023","NY",50
"5/13/2023","NY",54
"5/20/2023","NY",50
"5/27/2023","NY",60
"6/3/2023","NY",46
"6/10/2023","NY",39
"6/17/2023","NY",37
"6/24/2023","NY",36
"7/1/2023","NY",29
"7/8/2023","NY",23
"7/15/2023","NY",17
"7/22/2023","NY",28
"7/29/2023","NY",18
"8/5/2023","NY",30
"8/12/2023","NY",19
"8/19/2023","NY",15
"8/26/2023","NY",20
"9/2/2023","NY",38
"9/9/2023","NY",21
"9/16/2023","NY",12
"9/23/2023","NY",18
"9/30/2023","NY",47
"10/4/2025","PR",65
"10/11/2025","PR",53
"10/18/2025","PR",91
"10/25/2025","PR",50
"11/1/2025","PR",61
"11/8/2025","PR",92
"11/15/2025","PR",121
"11/22/2025","PR",154
"11/29/2025","PR",173
"12/6/2025","PR",256
"12/13/2025","PR",212
"12/20/2025","PR",244
"12/27/2025","PR",359
"1/3/2026","PR",383
"1/10/2026","PR",309
"1/17/2026","PR",297
"1/24/2026","PR",212
"1/31/2026","PR",189
"2/7/2026","PR",150
"2/14/2026","PR",137
"2/21/2026","PR",177
"2/28/2026","PR",109
"3/7/2026","PR",89
"3/14/2026","PR",123
"3/21/2026","PR",151
"3/28/2026","PR",55
"4/4/2026","PR",111
"4/11/2026","PR",65
"4/18/2026","PR",85
"4/25/2026","PR",74
"5/2/2026","PR",104
"5/9/2026","PR",64
"5/16/2026","PR",72
"5/23/2026","PR",78
"5/30/2026","PR",45
"6/6/2026","PR",74
"6/13/2026","PR",52
"6/20/2026","PR",24
"6/27/2026","PR",19
"7/4/2026","PR",18
"7/11/2026","PR",17
"7/18/2026","PR",24
"7/25/2026","PR",25
"8/1/2026","PR",33
"8/8/2026","PR",21
"8/15/2026","PR",22
"8/22/2026","PR",47
"8/29/2026","PR",43
"9/5/2026","PR",51
"9/12/2026","PR",64
"9/19/2026","PR",103
"9/26/2026","PR",104
"10/5/2024","SD",0
"10/12/2024","SD",1
"10/19/2024","SD",1
"10/26/2024","SD",2
"11/2/2024","SD",0
"11/9/2024","SD",2
"11/16/2024","SD",0
"11/23/2024","SD",0
"11/30/2024","SD",5
"12/7/2024","SD",1
"12/14/2024","SD",8
"12/21/2024","SD",14
"12/28/2024","SD",33
"1/4/2025","SD",47
"1/11/2025","SD",50
"1/18/2025","SD",55
"1/25/2025","SD",88
"2/1/2025","SD",139
"2/8/2025","SD",207
"2/15/2025","SD",183
"2/22/2025","SD",110
"3/1/2025","SD",89
"3/8/2025","SD",59
"3/15/2025","SD",26
"3/22/2025","SD",16
"3/29/2025","SD",11
"4/5/2025","SD",8
"4/12/2025","SD",7
"4/19/2025","SD",10
"4/26/2025","SD",8
"5/3/2025","SD",4
"5/10/2025","SD",1
"5/17/2025","SD",5
"5/24/2025","SD",7
"5/31/2025","SD",5
"6/7/2025","SD",3
"6/14/2025","SD",7
"6/21/2025","SD",6
"6/28/2025","SD",2
"7/5/2025","SD",1
"7/12/2025","SD",0
"7/19/2025","SD",0
"7/26/2025","SD",4
"8/2/2025","SD",2
"8/9/2025","SD",1
"8/16/2025","SD",1
"8/23/2025","SD",3
"8/30/2025","SD",2
"9/6/2025","SD",1
"9/13/2025","SD",2
"9/20/2025","SD",2
"9/27/2025","SD",1
"10/3/2020","VI",NA
"10/10/2020","VI",NA
"10/17/2020","VI",NA
"10/24/2020","VI",0
"10/31/2020","VI",0
"11/7/2020","VI",0
"11/14/2020","VI",6
"11/21/2020","VI",1
"11/28/2020","VI",0
"12/5/2020","VI",0
"12/12/2020","VI",0
"12/19/2020","VI",0
"12/26/2020","VI",0
"1/2/2021","VI",2
"1/9/2021","VI",2
"1/16/2021","VI",0
"1/23/2021","VI",0
"1/30/2021","VI",0
"2/6/2021","VI",0
"2/13/2021","VI",0
"2/20/2021","VI",0
"2/27/2021","VI",0
"3/6/2021","VI",0
"3/13/2021","VI",0
"3/20/2021","VI",0
"3/27/2021","VI",0
"4/3/2021","VI",0
"4/10/2021","VI",0
"4/17/2021","VI",0
"4/24/2021","VI",0
"5/1/2021","VI",0
"5/8/2021","VI",0
"5/15/2021","VI",0
"5/22/2021","VI",0
"5/29/2021","VI",0
"6/5/2021","VI",0
"6/12/2021","VI",0
"6/19/2021","VI",0
"6/26/2021","VI",0
"7/3/2021","VI",0
"7/10/2021","VI",0
"7/17/2021","VI",0
"7/24/2021","VI",0
"7/31/2021","VI",0
"8/7/2021","VI",0
"8/14/2021","VI",0
"8/21/2021","VI",0
"8/28/2021","VI",0
"9/4/2021","VI",0
"9/11/2021","VI",0
"9/18/2021","VI",0
"9/25/2021","VI",0
"10/2/2021","VI",0
"10/9/2021","WI",4
"10/16/2021","WI",3
"10/23/2021","WI",7
"10/30/2021","WI",5
"11/6/2021","WI",1
"11/13/2021","WI",4
"11/20/2021","WI",5
"11/27/2021","WI",7
"12/4/2021","WI",18
"12/11/2021","WI",5
"12/18/2021","WI",22
"12/25/2021","WI",39
"1/1/2022","WI",99
"1/8/2022","WI",55
"1/15/2022","WI",42
"1/22/2022","WI",22
"1/29/2022","WI",22
"2/5/2022","WI",30
"2/12/2022","WI",29
"2/19/2022","WI",25
"2/26/2022","WI",29
"3/5/2022","WI",61
"3/12/2022","WI",41
"3/19/2022","WI",53
"3/26/2022","WI",58
"4/2/2022","WI",57
"4/9/2022","WI",44
"4/16/2022","WI",66
"4/23/2022","WI",54
"4/30/2022","WI",64
"5/7/2022","WI",51
"5/14/2022","WI",36
"5/21/2022","WI",26
"5/28/2022","WI",27
"6/4/2022","WI",16
"6/11/2022","WI",15
"6/18/2022","WI",9
"6/25/2022","WI",7
"7/2/2022","WI",8
"7/9/2022","WI",1
"7/16/2022","WI",2
"7/23/2022","WI",0
"7/30/2022","WI",2
"8/6/2022","WI",6
"8/13/2022","WI",1
"8/20/2022","WI",1
"8/27/2022","WI",2
"9/3/2022","WI",3
"9/10/2022","WI",0
"9/17/2022","WI",0
"9/24/2022","WI",4
"10/1/2022","WI",1
"10/5/2024","WY",2
"10/12/2024","WY",0
"10/19/2024","WY",0
"10/26/2024","WY",7
"11/2/2024","WY",0
"11/9/2024","WY",5
"11/16/2024","WY",4
"11/23/2024","WY",9
"11/30/2024","WY",7
"12/7/2024","WY",5
"12/14/2024","WY",33
"12/21/2024","WY",18
"12/28/2024","WY",84
"1/4/2025","WY",116
"1/11/2025","WY",62
"1/18/2025","WY",84
"1/25/2025","WY",89
"2/1/2025","WY",102
"2/8/2025","WY",106
"2/15/2025","WY",72
"2/22/2025","WY",99
"3/1/2025","WY",57
"3/8/2025","WY",53
"3/15/2025","WY",44
"3/22/2025","WY",30
"3/29/2025","WY",23
"4/5/2025","WY",12
"4/12/2025","WY",4
"4/19/2025","WY",3
"4/26/2025","WY",6
"5/3/2025","WY",1
"5/10/2025","WY",4
"5/17/2025","WY",3
"5/24/2025","WY",3
"5/31/2025","WY",3
"6/7/2025","WY",2
"6/14/2025","WY",1
"6/21/2025","WY",2
"6/28/2025","WY",1
"7/5/2025","WY",1
"7/12/2025","WY",1
"7/19/2025","WY",0
"7/26/2025","WY",0
"8/2/2025","WY",2
"8/9/2025","WY",0
"8/16/2025","WY",0
"8/23/2025","WY",0
"8/30/2025","WY",1
"9/6/2025","WY",1
"9/13/2025","WY",1
"9/20/2025","WY",1
"9/27/2025","WY",1
